value,batch_size,n,ndim
31531575,100.0,360841.0,24.0
31256853,100.0,360841.0,24.0
31282072,100.0,360841.0,24.0
31163735,100.0,360841.0,24.0
31086164,100.0,360841.0,24.0
31047414,100.0,360841.0,24.0
31179385,100.0,360841.0,24.0
31077943,100.0,360841.0,24.0
31121252,100.0,360841.0,24.0
31059117,100.0,360841.0,24.0
31625101,100.0,360841.0,24.0
31225654,100.0,360841.0,24.0
31137848,100.0,360841.0,24.0
31131218,100.0,360841.0,24.0
31078550,100.0,360841.0,24.0
31079616,100.0,360841.0,24.0
31033765,100.0,360841.0,24.0
31074427,100.0,360841.0,24.0
31004709,100.0,360841.0,24.0
31043037,100.0,360841.0,24.0
31508018,100.0,360841.0,24.0
31264063,100.0,360841.0,24.0
31378989,100.0,360841.0,24.0
31158371,100.0,360841.0,24.0
31103934,100.0,360841.0,24.0
31302675,100.0,360841.0,24.0
31103193,100.0,360841.0,24.0
31565565,100.0,360841.0,24.0
31148940,100.0,360841.0,24.0
31177317,100.0,360841.0,24.0
31509186,100.0,360841.0,24.0
31224242,100.0,360841.0,24.0
31125437,100.0,360841.0,24.0
31061934,100.0,360841.0,24.0
31070318,100.0,360841.0,24.0
31094618,100.0,360841.0,24.0
31024592,100.0,360841.0,24.0
31027034,100.0,360841.0,24.0
31058371,100.0,360841.0,24.0
31055833,100.0,360841.0,24.0
31554504,100.0,360841.0,24.0
31268330,100.0,360841.0,24.0
31169659,100.0,360841.0,24.0
31136293,100.0,360841.0,24.0
31129901,100.0,360841.0,24.0
31088800,100.0,360841.0,24.0
31134906,100.0,360841.0,24.0
31105816,100.0,360841.0,24.0
31074267,100.0,360841.0,24.0
31056467,100.0,360841.0,24.0
31556916,100.0,360841.0,24.0
31266588,100.0,360841.0,24.0
31548423,100.0,360841.0,24.0
31165872,100.0,360841.0,24.0
31641324,100.0,360841.0,24.0
31079977,100.0,360841.0,24.0
31067375,100.0,360841.0,24.0
31093174,100.0,360841.0,24.0
31105679,100.0,360841.0,24.0
31086570,100.0,360841.0,24.0
31571104,100.0,360841.0,24.0
31247397,100.0,360841.0,24.0
31223357,100.0,360841.0,24.0
31109649,100.0,360841.0,24.0
31154983,100.0,360841.0,24.0
31077104,100.0,360841.0,24.0
31095196,100.0,360841.0,24.0
31041225,100.0,360841.0,24.0
31064395,100.0,360841.0,24.0
31089119,100.0,360841.0,24.0
31535190,100.0,360841.0,24.0
31210460,100.0,360841.0,24.0
31093736,100.0,360841.0,24.0
31079342,100.0,360841.0,24.0
31084006,100.0,360841.0,24.0
31052305,100.0,360841.0,24.0
31012591,100.0,360841.0,24.0
31037365,100.0,360841.0,24.0
30994011,100.0,360841.0,24.0
31090274,100.0,360841.0,24.0
32113925,100.0,360841.0,24.0
31299915,100.0,360841.0,24.0
31214106,100.0,360841.0,24.0
31153718,100.0,360841.0,24.0
31114649,100.0,360841.0,24.0
31115169,100.0,360841.0,24.0
31110411,100.0,360841.0,24.0
31117882,100.0,360841.0,24.0
31080826,100.0,360841.0,24.0
31074368,100.0,360841.0,24.0
31514138,100.0,360841.0,24.0
31229926,100.0,360841.0,24.0
31147077,100.0,360841.0,24.0
31149382,100.0,360841.0,24.0
31092622,100.0,360841.0,24.0
31065581,100.0,360841.0,24.0
31030849,100.0,360841.0,24.0
31087068,100.0,360841.0,24.0
31040097,100.0,360841.0,24.0
31021031,100.0,360841.0,24.0
31598400,256.0,360841.0,24.0
31388918,256.0,360841.0,24.0
31248994,256.0,360841.0,24.0
31470551,256.0,360841.0,24.0
31195752,256.0,360841.0,24.0
31773071,256.0,360841.0,24.0
31243966,256.0,360841.0,24.0
31167790,256.0,360841.0,24.0
31216079,256.0,360841.0,24.0
31282264,256.0,360841.0,24.0
31774313,256.0,360841.0,24.0
31383263,256.0,360841.0,24.0
31203113,256.0,360841.0,24.0
31196233,256.0,360841.0,24.0
31093879,256.0,360841.0,24.0
31156944,256.0,360841.0,24.0
31104196,256.0,360841.0,24.0
31118954,256.0,360841.0,24.0
31091194,256.0,360841.0,24.0
31056602,256.0,360841.0,24.0
31655203,256.0,360841.0,24.0
31385147,256.0,360841.0,24.0
31290344,256.0,360841.0,24.0
31209308,256.0,360841.0,24.0
31168956,256.0,360841.0,24.0
31133392,256.0,360841.0,24.0
31113754,256.0,360841.0,24.0
31154066,256.0,360841.0,24.0
31113410,256.0,360841.0,24.0
31105469,256.0,360841.0,24.0
31969596,256.0,360841.0,24.0
31868443,256.0,360841.0,24.0
31301413,256.0,360841.0,24.0
31228616,256.0,360841.0,24.0
31235700,256.0,360841.0,24.0
31114163,256.0,360841.0,24.0
31123101,256.0,360841.0,24.0
31085818,256.0,360841.0,24.0
31168014,256.0,360841.0,24.0
31180624,256.0,360841.0,24.0
31632804,256.0,360841.0,24.0
31448255,256.0,360841.0,24.0
31318247,256.0,360841.0,24.0
31237233,256.0,360841.0,24.0
31242942,256.0,360841.0,24.0
31241417,256.0,360841.0,24.0
31176042,256.0,360841.0,24.0
31231568,256.0,360841.0,24.0
31149452,256.0,360841.0,24.0
31168996,256.0,360841.0,24.0
31586362,256.0,360841.0,24.0
31299787,256.0,360841.0,24.0
31248236,256.0,360841.0,24.0
31180431,256.0,360841.0,24.0
31168499,256.0,360841.0,24.0
31166700,256.0,360841.0,24.0
31077431,256.0,360841.0,24.0
31352030,256.0,360841.0,24.0
31128264,256.0,360841.0,24.0
31635088,256.0,360841.0,24.0
31658671,256.0,360841.0,24.0
31458168,256.0,360841.0,24.0
31219320,256.0,360841.0,24.0
31257247,256.0,360841.0,24.0
31228528,256.0,360841.0,24.0
31229584,256.0,360841.0,24.0
31190088,256.0,360841.0,24.0
31157279,256.0,360841.0,24.0
31136159,256.0,360841.0,24.0
31167436,256.0,360841.0,24.0
31608419,256.0,360841.0,24.0
31282910,256.0,360841.0,24.0
31137153,256.0,360841.0,24.0
31102067,256.0,360841.0,24.0
31167440,256.0,360841.0,24.0
31061533,256.0,360841.0,24.0
31077835,256.0,360841.0,24.0
31102174,256.0,360841.0,24.0
31065231,256.0,360841.0,24.0
31017272,256.0,360841.0,24.0
31621640,256.0,360841.0,24.0
31388485,256.0,360841.0,24.0
31324120,256.0,360841.0,24.0
31550813,256.0,360841.0,24.0
31238996,256.0,360841.0,24.0
31182267,256.0,360841.0,24.0
31736624,256.0,360841.0,24.0
31176927,256.0,360841.0,24.0
31259425,256.0,360841.0,24.0
31142697,256.0,360841.0,24.0
31600080,256.0,360841.0,24.0
31422328,256.0,360841.0,24.0
31206297,256.0,360841.0,24.0
31196115,256.0,360841.0,24.0
31194545,256.0,360841.0,24.0
31168193,256.0,360841.0,24.0
31109856,256.0,360841.0,24.0
31120091,256.0,360841.0,24.0
31142432,256.0,360841.0,24.0
31116653,256.0,360841.0,24.0
31162257,413.0,360841.0,24.0
30937912,413.0,360841.0,24.0
30824355,413.0,360841.0,24.0
30758279,413.0,360841.0,24.0
30763669,413.0,360841.0,24.0
30788786,413.0,360841.0,24.0
30762803,413.0,360841.0,24.0
30787484,413.0,360841.0,24.0
30715402,413.0,360841.0,24.0
30704537,413.0,360841.0,24.0
31184701,413.0,360841.0,24.0
30897698,413.0,360841.0,24.0
30790128,413.0,360841.0,24.0
30721307,413.0,360841.0,24.0
30705944,413.0,360841.0,24.0
30716443,413.0,360841.0,24.0
30674100,413.0,360841.0,24.0
30685855,413.0,360841.0,24.0
30672922,413.0,360841.0,24.0
30677489,413.0,360841.0,24.0
31228740,413.0,360841.0,24.0
30898962,413.0,360841.0,24.0
33862144,413.0,360841.0,24.0
30911954,413.0,360841.0,24.0
30862035,413.0,360841.0,24.0
30793779,413.0,360841.0,24.0
30794075,413.0,360841.0,24.0
30795342,413.0,360841.0,24.0
30772984,413.0,360841.0,24.0
30773024,413.0,360841.0,24.0
31132538,413.0,360841.0,24.0
30857952,413.0,360841.0,24.0
30709514,413.0,360841.0,24.0
30676304,413.0,360841.0,24.0
30725041,413.0,360841.0,24.0
30854415,413.0,360841.0,24.0
30669395,413.0,360841.0,24.0
31203603,413.0,360841.0,24.0
30667581,413.0,360841.0,24.0
30750071,413.0,360841.0,24.0
31256602,413.0,360841.0,24.0
30927032,413.0,360841.0,24.0
30813287,413.0,360841.0,24.0
30804204,413.0,360841.0,24.0
30743611,413.0,360841.0,24.0
30721613,413.0,360841.0,24.0
30738439,413.0,360841.0,24.0
30698646,413.0,360841.0,24.0
30681082,413.0,360841.0,24.0
30704352,413.0,360841.0,24.0
31179738,413.0,360841.0,24.0
30864142,413.0,360841.0,24.0
30796418,413.0,360841.0,24.0
30719034,413.0,360841.0,24.0
30743231,413.0,360841.0,24.0
30723640,413.0,360841.0,24.0
30658749,413.0,360841.0,24.0
30656734,413.0,360841.0,24.0
30705173,413.0,360841.0,24.0
30709601,413.0,360841.0,24.0
31176913,413.0,360841.0,24.0
30853755,413.0,360841.0,24.0
31093526,413.0,360841.0,24.0
30814184,413.0,360841.0,24.0
31300292,413.0,360841.0,24.0
30839298,413.0,360841.0,24.0
30730846,413.0,360841.0,24.0
30742552,413.0,360841.0,24.0
30817932,413.0,360841.0,24.0
30682108,413.0,360841.0,24.0
31240245,413.0,360841.0,24.0
30908024,413.0,360841.0,24.0
30726912,413.0,360841.0,24.0
30690738,413.0,360841.0,24.0
30671418,413.0,360841.0,24.0
30765705,413.0,360841.0,24.0
30664615,413.0,360841.0,24.0
30668367,413.0,360841.0,24.0
30674180,413.0,360841.0,24.0
30664605,413.0,360841.0,24.0
31162322,413.0,360841.0,24.0
30992309,413.0,360841.0,24.0
30884944,413.0,360841.0,24.0
30779469,413.0,360841.0,24.0
30728688,413.0,360841.0,24.0
30741129,413.0,360841.0,24.0
30730427,413.0,360841.0,24.0
30756610,413.0,360841.0,24.0
30871312,413.0,360841.0,24.0
30834024,413.0,360841.0,24.0
31688466,413.0,360841.0,24.0
30951369,413.0,360841.0,24.0
30794493,413.0,360841.0,24.0
30757157,413.0,360841.0,24.0
30703761,413.0,360841.0,24.0
30688318,413.0,360841.0,24.0
30649159,413.0,360841.0,24.0
30679254,413.0,360841.0,24.0
30675955,413.0,360841.0,24.0
30662541,413.0,360841.0,24.0
30969751,570.0,360841.0,24.0
30798804,570.0,360841.0,24.0
30675868,570.0,360841.0,24.0
30626692,570.0,360841.0,24.0
30563834,570.0,360841.0,24.0
30564823,570.0,360841.0,24.0
30569939,570.0,360841.0,24.0
30604747,570.0,360841.0,24.0
30519841,570.0,360841.0,24.0
30562501,570.0,360841.0,24.0
30981928,570.0,360841.0,24.0
30673200,570.0,360841.0,24.0
30622631,570.0,360841.0,24.0
30576565,570.0,360841.0,24.0
30942117,570.0,360841.0,24.0
30573773,570.0,360841.0,24.0
31140706,570.0,360841.0,24.0
30555731,570.0,360841.0,24.0
30505512,570.0,360841.0,24.0
30544672,570.0,360841.0,24.0
31018599,570.0,360841.0,24.0
30761702,570.0,360841.0,24.0
30684952,570.0,360841.0,24.0
30594050,570.0,360841.0,24.0
30635134,570.0,360841.0,24.0
30557966,570.0,360841.0,24.0
30579438,570.0,360841.0,24.0
30564223,570.0,360841.0,24.0
30523789,570.0,360841.0,24.0
30566431,570.0,360841.0,24.0
30940580,570.0,360841.0,24.0
30656371,570.0,360841.0,24.0
30561854,570.0,360841.0,24.0
30533918,570.0,360841.0,24.0
30530852,570.0,360841.0,24.0
30460316,570.0,360841.0,24.0
30559981,570.0,360841.0,24.0
30521582,570.0,360841.0,24.0
30477426,570.0,360841.0,24.0
30534666,570.0,360841.0,24.0
30951025,570.0,360841.0,24.0
31050129,570.0,360841.0,24.0
30672594,570.0,360841.0,24.0
31115286,570.0,360841.0,24.0
30670085,570.0,360841.0,24.0
30741627,570.0,360841.0,24.0
30587400,570.0,360841.0,24.0
30592729,570.0,360841.0,24.0
30619145,570.0,360841.0,24.0
30534674,570.0,360841.0,24.0
31013348,570.0,360841.0,24.0
30744234,570.0,360841.0,24.0
30619489,570.0,360841.0,24.0
30602149,570.0,360841.0,24.0
30567098,570.0,360841.0,24.0
30550452,570.0,360841.0,24.0
30537643,570.0,360841.0,24.0
30486324,570.0,360841.0,24.0
30484673,570.0,360841.0,24.0
30499040,570.0,360841.0,24.0
31006737,570.0,360841.0,24.0
30757730,570.0,360841.0,24.0
30646191,570.0,360841.0,24.0
30619915,570.0,360841.0,24.0
30622041,570.0,360841.0,24.0
30548767,570.0,360841.0,24.0
30607981,570.0,360841.0,24.0
30619058,570.0,360841.0,24.0
30552222,570.0,360841.0,24.0
30639194,570.0,360841.0,24.0
31209185,570.0,360841.0,24.0
30783997,570.0,360841.0,24.0
30668288,570.0,360841.0,24.0
30595045,570.0,360841.0,24.0
30551437,570.0,360841.0,24.0
30545048,570.0,360841.0,24.0
30548529,570.0,360841.0,24.0
30564324,570.0,360841.0,24.0
30490176,570.0,360841.0,24.0
30508620,570.0,360841.0,24.0
31030916,570.0,360841.0,24.0
30762933,570.0,360841.0,24.0
30667646,570.0,360841.0,24.0
30597628,570.0,360841.0,24.0
30547274,570.0,360841.0,24.0
30565915,570.0,360841.0,24.0
30530221,570.0,360841.0,24.0
30559219,570.0,360841.0,24.0
30540970,570.0,360841.0,24.0
30522966,570.0,360841.0,24.0
30954284,570.0,360841.0,24.0
30716566,570.0,360841.0,24.0
30597675,570.0,360841.0,24.0
30530637,570.0,360841.0,24.0
30535017,570.0,360841.0,24.0
30452850,570.0,360841.0,24.0
30861304,570.0,360841.0,24.0
30472378,570.0,360841.0,24.0
31061676,570.0,360841.0,24.0
30503999,570.0,360841.0,24.0
30856457,726.0,360841.0,24.0
30675150,726.0,360841.0,24.0
30500987,726.0,360841.0,24.0
30509258,726.0,360841.0,24.0
30424156,726.0,360841.0,24.0
30407805,726.0,360841.0,24.0
30401527,726.0,360841.0,24.0
30454149,726.0,360841.0,24.0
30467342,726.0,360841.0,24.0
30438309,726.0,360841.0,24.0
30870674,726.0,360841.0,24.0
30571950,726.0,360841.0,24.0
30459313,726.0,360841.0,24.0
30415724,726.0,360841.0,24.0
30392999,726.0,360841.0,24.0
30425453,726.0,360841.0,24.0
30360775,726.0,360841.0,24.0
30331158,726.0,360841.0,24.0
30410112,726.0,360841.0,24.0
30379582,726.0,360841.0,24.0
30861717,726.0,360841.0,24.0
30941676,726.0,360841.0,24.0
31026964,726.0,360841.0,24.0
30488223,726.0,360841.0,24.0
30492737,726.0,360841.0,24.0
30542279,726.0,360841.0,24.0
30409752,726.0,360841.0,24.0
30450092,726.0,360841.0,24.0
30433893,726.0,360841.0,24.0
30435911,726.0,360841.0,24.0
30826172,726.0,360841.0,24.0
30547134,726.0,360841.0,24.0
30441089,726.0,360841.0,24.0
30473475,726.0,360841.0,24.0
30393176,726.0,360841.0,24.0
30383254,726.0,360841.0,24.0
30335779,726.0,360841.0,24.0
30324249,726.0,360841.0,24.0
30349072,726.0,360841.0,24.0
30415160,726.0,360841.0,24.0
30848010,726.0,360841.0,24.0
30613423,726.0,360841.0,24.0
30511253,726.0,360841.0,24.0
30434944,726.0,360841.0,24.0
30439419,726.0,360841.0,24.0
30481373,726.0,360841.0,24.0
30441239,726.0,360841.0,24.0
30409822,726.0,360841.0,24.0
30582531,726.0,360841.0,24.0
30457426,726.0,360841.0,24.0
30955169,726.0,360841.0,24.0
30575542,726.0,360841.0,24.0
30517037,726.0,360841.0,24.0
30405472,726.0,360841.0,24.0
30450180,726.0,360841.0,24.0
30395270,726.0,360841.0,24.0
30319514,726.0,360841.0,24.0
30336287,726.0,360841.0,24.0
30341765,726.0,360841.0,24.0
30344239,726.0,360841.0,24.0
30851383,726.0,360841.0,24.0
30575514,726.0,360841.0,24.0
30471990,726.0,360841.0,24.0
30527573,726.0,360841.0,24.0
30511144,726.0,360841.0,24.0
30462686,726.0,360841.0,24.0
30440949,726.0,360841.0,24.0
30446883,726.0,360841.0,24.0
30436986,726.0,360841.0,24.0
30436482,726.0,360841.0,24.0
30863485,726.0,360841.0,24.0
30508066,726.0,360841.0,24.0
30462769,726.0,360841.0,24.0
30386237,726.0,360841.0,24.0
30373650,726.0,360841.0,24.0
30448944,726.0,360841.0,24.0
30720543,726.0,360841.0,24.0
30342153,726.0,360841.0,24.0
30908326,726.0,360841.0,24.0
30377702,726.0,360841.0,24.0
30927677,726.0,360841.0,24.0
30647777,726.0,360841.0,24.0
30567634,726.0,360841.0,24.0
30480281,726.0,360841.0,24.0
30559837,726.0,360841.0,24.0
30421651,726.0,360841.0,24.0
30474307,726.0,360841.0,24.0
30410598,726.0,360841.0,24.0
30489655,726.0,360841.0,24.0
30426108,726.0,360841.0,24.0
30854584,726.0,360841.0,24.0
30574444,726.0,360841.0,24.0
30447101,726.0,360841.0,24.0
30369663,726.0,360841.0,24.0
30387754,726.0,360841.0,24.0
30391210,726.0,360841.0,24.0
30306675,726.0,360841.0,24.0
33417091,726.0,360841.0,24.0
30473988,726.0,360841.0,24.0
30420720,726.0,360841.0,24.0
30656053,883.0,360841.0,24.0
30879412,883.0,360841.0,24.0
30351361,883.0,360841.0,24.0
30281244,883.0,360841.0,24.0
30295456,883.0,360841.0,24.0
30229678,883.0,360841.0,24.0
30202777,883.0,360841.0,24.0
30277700,883.0,360841.0,24.0
30227892,883.0,360841.0,24.0
30204587,883.0,360841.0,24.0
30678940,883.0,360841.0,24.0
30445946,883.0,360841.0,24.0
30319180,883.0,360841.0,24.0
30252463,883.0,360841.0,24.0
30233860,883.0,360841.0,24.0
30241418,883.0,360841.0,24.0
30207349,883.0,360841.0,24.0
30164121,883.0,360841.0,24.0
30189694,883.0,360841.0,24.0
30173087,883.0,360841.0,24.0
30626293,883.0,360841.0,24.0
30403000,883.0,360841.0,24.0
30271442,883.0,360841.0,24.0
30301858,883.0,360841.0,24.0
30279021,883.0,360841.0,24.0
30303251,883.0,360841.0,24.0
30270202,883.0,360841.0,24.0
30247988,883.0,360841.0,24.0
30580309,883.0,360841.0,24.0
30244209,883.0,360841.0,24.0
30661898,883.0,360841.0,24.0
30393326,883.0,360841.0,24.0
30343222,883.0,360841.0,24.0
30236516,883.0,360841.0,24.0
30218868,883.0,360841.0,24.0
30224747,883.0,360841.0,24.0
30214465,883.0,360841.0,24.0
30214094,883.0,360841.0,24.0
30147036,883.0,360841.0,24.0
30164470,883.0,360841.0,24.0
30671284,883.0,360841.0,24.0
30362321,883.0,360841.0,24.0
30270178,883.0,360841.0,24.0
30219624,883.0,360841.0,24.0
30225609,883.0,360841.0,24.0
30208667,883.0,360841.0,24.0
30219027,883.0,360841.0,24.0
30225976,883.0,360841.0,24.0
30195342,883.0,360841.0,24.0
30207454,883.0,360841.0,24.0
30657967,883.0,360841.0,24.0
30392901,883.0,360841.0,24.0
30322168,883.0,360841.0,24.0
30316590,883.0,360841.0,24.0
30243222,883.0,360841.0,24.0
30186125,883.0,360841.0,24.0
30511670,883.0,360841.0,24.0
30713978,883.0,360841.0,24.0
30201896,883.0,360841.0,24.0
30192575,883.0,360841.0,24.0
30633132,883.0,360841.0,24.0
30385851,883.0,360841.0,24.0
30292922,883.0,360841.0,24.0
30252730,883.0,360841.0,24.0
30251373,883.0,360841.0,24.0
30242630,883.0,360841.0,24.0
30216915,883.0,360841.0,24.0
30235838,883.0,360841.0,24.0
30178923,883.0,360841.0,24.0
30191148,883.0,360841.0,24.0
30652549,883.0,360841.0,24.0
30373206,883.0,360841.0,24.0
30253555,883.0,360841.0,24.0
30165991,883.0,360841.0,24.0
30208482,883.0,360841.0,24.0
30145291,883.0,360841.0,24.0
30196794,883.0,360841.0,24.0
30207765,883.0,360841.0,24.0
30138529,883.0,360841.0,24.0
30121635,883.0,360841.0,24.0
30769163,883.0,360841.0,24.0
30582859,883.0,360841.0,24.0
30339415,883.0,360841.0,24.0
30285458,883.0,360841.0,24.0
30831849,883.0,360841.0,24.0
30323504,883.0,360841.0,24.0
30267148,883.0,360841.0,24.0
30234446,883.0,360841.0,24.0
30322585,883.0,360841.0,24.0
30274370,883.0,360841.0,24.0
30662659,883.0,360841.0,24.0
30414170,883.0,360841.0,24.0
30260772,883.0,360841.0,24.0
30183022,883.0,360841.0,24.0
30155747,883.0,360841.0,24.0
30126481,883.0,360841.0,24.0
30247802,883.0,360841.0,24.0
30151322,883.0,360841.0,24.0
30159417,883.0,360841.0,24.0
30125207,883.0,360841.0,24.0
30759363,1040.0,360841.0,24.0
30460881,1040.0,360841.0,24.0
30328438,1040.0,360841.0,24.0
30306032,1040.0,360841.0,24.0
30313943,1040.0,360841.0,24.0
30273480,1040.0,360841.0,24.0
30270959,1040.0,360841.0,24.0
30242963,1040.0,360841.0,24.0
30542459,1040.0,360841.0,24.0
30291202,1040.0,360841.0,24.0
30704698,1040.0,360841.0,24.0
30409927,1040.0,360841.0,24.0
30296891,1040.0,360841.0,24.0
30291719,1040.0,360841.0,24.0
30203936,1040.0,360841.0,24.0
30200761,1040.0,360841.0,24.0
30229683,1040.0,360841.0,24.0
30194133,1040.0,360841.0,24.0
30197402,1040.0,360841.0,24.0
30231951,1040.0,360841.0,24.0
30708238,1040.0,360841.0,24.0
30376383,1040.0,360841.0,24.0
30316451,1040.0,360841.0,24.0
30381741,1040.0,360841.0,24.0
30299659,1040.0,360841.0,24.0
30256734,1040.0,360841.0,24.0
30281019,1040.0,360841.0,24.0
30239238,1040.0,360841.0,24.0
30239872,1040.0,360841.0,24.0
30245672,1040.0,360841.0,24.0
30698159,1040.0,360841.0,24.0
30410885,1040.0,360841.0,24.0
30360914,1040.0,360841.0,24.0
30270976,1040.0,360841.0,24.0
30242362,1040.0,360841.0,24.0
30240573,1040.0,360841.0,24.0
30576067,1040.0,360841.0,24.0
30707476,1040.0,360841.0,24.0
30245196,1040.0,360841.0,24.0
30215886,1040.0,360841.0,24.0
30678810,1040.0,360841.0,24.0
30395060,1040.0,360841.0,24.0
30326016,1040.0,360841.0,24.0
30270010,1040.0,360841.0,24.0
30293983,1040.0,360841.0,24.0
30254237,1040.0,360841.0,24.0
30220828,1040.0,360841.0,24.0
30241765,1040.0,360841.0,24.0
30210868,1040.0,360841.0,24.0
30312564,1040.0,360841.0,24.0
30657200,1040.0,360841.0,24.0
30476250,1040.0,360841.0,24.0
30301807,1040.0,360841.0,24.0
30268709,1040.0,360841.0,24.0
30305560,1040.0,360841.0,24.0
30197660,1040.0,360841.0,24.0
30180082,1040.0,360841.0,24.0
30210556,1040.0,360841.0,24.0
30167281,1040.0,360841.0,24.0
30229910,1040.0,360841.0,24.0
30653073,1040.0,360841.0,24.0
30395875,1040.0,360841.0,24.0
30533795,1040.0,360841.0,24.0
30326185,1040.0,360841.0,24.0
30800569,1040.0,360841.0,24.0
30392249,1040.0,360841.0,24.0
30297160,1040.0,360841.0,24.0
30254488,1040.0,360841.0,24.0
30381843,1040.0,360841.0,24.0
30277629,1040.0,360841.0,24.0
30703861,1040.0,360841.0,24.0
30359610,1040.0,360841.0,24.0
30261998,1040.0,360841.0,24.0
30235454,1040.0,360841.0,24.0
30278034,1040.0,360841.0,24.0
30270015,1040.0,360841.0,24.0
30228517,1040.0,360841.0,24.0
30236047,1040.0,360841.0,24.0
30199788,1040.0,360841.0,24.0
30216093,1040.0,360841.0,24.0
30717429,1040.0,360841.0,24.0
30505997,1040.0,360841.0,24.0
30378523,1040.0,360841.0,24.0
30293544,1040.0,360841.0,24.0
30291535,1040.0,360841.0,24.0
30231689,1040.0,360841.0,24.0
30219987,1040.0,360841.0,24.0
30320857,1040.0,360841.0,24.0
30274526,1040.0,360841.0,24.0
30247820,1040.0,360841.0,24.0
30693627,1040.0,360841.0,24.0
30897926,1040.0,360841.0,24.0
30313598,1040.0,360841.0,24.0
30281442,1040.0,360841.0,24.0
30292514,1040.0,360841.0,24.0
30199183,1040.0,360841.0,24.0
30295701,1040.0,360841.0,24.0
30225877,1040.0,360841.0,24.0
30255105,1040.0,360841.0,24.0
30204670,1040.0,360841.0,24.0
30673197,1196.0,360841.0,24.0
30429515,1196.0,360841.0,24.0
30351119,1196.0,360841.0,24.0
30290371,1196.0,360841.0,24.0
30274334,1196.0,360841.0,24.0
30268592,1196.0,360841.0,24.0
30255070,1196.0,360841.0,24.0
30271633,1196.0,360841.0,24.0
30240975,1196.0,360841.0,24.0
30188947,1196.0,360841.0,24.0
30618492,1196.0,360841.0,24.0
30376991,1196.0,360841.0,24.0
30220578,1196.0,360841.0,24.0
30241778,1196.0,360841.0,24.0
30393020,1196.0,360841.0,24.0
30173122,1196.0,360841.0,24.0
30177064,1196.0,360841.0,24.0
30716928,1196.0,360841.0,24.0
30227548,1196.0,360841.0,24.0
30197188,1196.0,360841.0,24.0
30679770,1196.0,360841.0,24.0
30351641,1196.0,360841.0,24.0
30264433,1196.0,360841.0,24.0
30282505,1196.0,360841.0,24.0
30257916,1196.0,360841.0,24.0
30265953,1196.0,360841.0,24.0
30271236,1196.0,360841.0,24.0
30231727,1196.0,360841.0,24.0
30199090,1196.0,360841.0,24.0
30238449,1196.0,360841.0,24.0
30617060,1196.0,360841.0,24.0
30423660,1196.0,360841.0,24.0
30239334,1196.0,360841.0,24.0
30214290,1196.0,360841.0,24.0
30150127,1196.0,360841.0,24.0
30193941,1196.0,360841.0,24.0
30183140,1196.0,360841.0,24.0
30175786,1196.0,360841.0,24.0
30154013,1196.0,360841.0,24.0
30119590,1196.0,360841.0,24.0
30736397,1196.0,360841.0,24.0
30442658,1196.0,360841.0,24.0
30669207,1196.0,360841.0,24.0
30286728,1196.0,360841.0,24.0
30829344,1196.0,360841.0,24.0
30332627,1196.0,360841.0,24.0
30250678,1196.0,360841.0,24.0
30289726,1196.0,360841.0,24.0
30339759,1196.0,360841.0,24.0
30239060,1196.0,360841.0,24.0
30675445,1196.0,360841.0,24.0
30340222,1196.0,360841.0,24.0
30262829,1196.0,360841.0,24.0
30186414,1196.0,360841.0,24.0
30177113,1196.0,360841.0,24.0
30208011,1196.0,360841.0,24.0
30174846,1196.0,360841.0,24.0
30117269,1196.0,360841.0,24.0
30137305,1196.0,360841.0,24.0
30127234,1196.0,360841.0,24.0
30628918,1196.0,360841.0,24.0
30355909,1196.0,360841.0,24.0
30266760,1196.0,360841.0,24.0
30209408,1196.0,360841.0,24.0
30205584,1196.0,360841.0,24.0
30216987,1196.0,360841.0,24.0
30178834,1196.0,360841.0,24.0
30192341,1196.0,360841.0,24.0
30175655,1196.0,360841.0,24.0
30253994,1196.0,360841.0,24.0
33909522,1196.0,360841.0,24.0
30888915,1196.0,360841.0,24.0
30349517,1196.0,360841.0,24.0
30246026,1196.0,360841.0,24.0
30339738,1196.0,360841.0,24.0
30180537,1196.0,360841.0,24.0
30243972,1196.0,360841.0,24.0
30171740,1196.0,360841.0,24.0
30132655,1196.0,360841.0,24.0
30145206,1196.0,360841.0,24.0
30667847,1196.0,360841.0,24.0
30444407,1196.0,360841.0,24.0
30369840,1196.0,360841.0,24.0
30280327,1196.0,360841.0,24.0
30309337,1196.0,360841.0,24.0
30231682,1196.0,360841.0,24.0
30260429,1196.0,360841.0,24.0
30205097,1196.0,360841.0,24.0
30221995,1196.0,360841.0,24.0
30255897,1196.0,360841.0,24.0
30586047,1196.0,360841.0,24.0
30322957,1196.0,360841.0,24.0
30209643,1196.0,360841.0,24.0
30228102,1196.0,360841.0,24.0
30221098,1196.0,360841.0,24.0
30215666,1196.0,360841.0,24.0
30179887,1196.0,360841.0,24.0
30332291,1196.0,360841.0,24.0
30158857,1196.0,360841.0,24.0
30195237,1196.0,360841.0,24.0
30593691,1353.0,360841.0,24.0
30393109,1353.0,360841.0,24.0
30310124,1353.0,360841.0,24.0
30356085,1353.0,360841.0,24.0
30271002,1353.0,360841.0,24.0
30271603,1353.0,360841.0,24.0
30220044,1353.0,360841.0,24.0
30161174,1353.0,360841.0,24.0
30175665,1353.0,360841.0,24.0
30216431,1353.0,360841.0,24.0
30580674,1353.0,360841.0,24.0
30343401,1353.0,360841.0,24.0
30230626,1353.0,360841.0,24.0
30232996,1353.0,360841.0,24.0
30194603,1353.0,360841.0,24.0
30144982,1353.0,360841.0,24.0
30199638,1353.0,360841.0,24.0
30102310,1353.0,360841.0,24.0
30104371,1353.0,360841.0,24.0
30123020,1353.0,360841.0,24.0
30620860,1353.0,360841.0,24.0
30412621,1353.0,360841.0,24.0
30621474,1353.0,360841.0,24.0
30263503,1353.0,360841.0,24.0
30903552,1353.0,360841.0,24.0
30261227,1353.0,360841.0,24.0
30317015,1353.0,360841.0,24.0
30222942,1353.0,360841.0,24.0
30241223,1353.0,360841.0,24.0
30210199,1353.0,360841.0,24.0
30646136,1353.0,360841.0,24.0
30392007,1353.0,360841.0,24.0
30272541,1353.0,360841.0,24.0
30203003,1353.0,360841.0,24.0
30205313,1353.0,360841.0,24.0
30177269,1353.0,360841.0,24.0
30217252,1353.0,360841.0,24.0
30150089,1353.0,360841.0,24.0
30171282,1353.0,360841.0,24.0
30182646,1353.0,360841.0,24.0
30620425,1353.0,360841.0,24.0
30369548,1353.0,360841.0,24.0
30310134,1353.0,360841.0,24.0
30230309,1353.0,360841.0,24.0
30228541,1353.0,360841.0,24.0
30248961,1353.0,360841.0,24.0
30206520,1353.0,360841.0,24.0
30236899,1353.0,360841.0,24.0
30183558,1353.0,360841.0,24.0
30164936,1353.0,360841.0,24.0
31013469,1353.0,360841.0,24.0
30913046,1353.0,360841.0,24.0
30258793,1353.0,360841.0,24.0
30289891,1353.0,360841.0,24.0
30274184,1353.0,360841.0,24.0
30230349,1353.0,360841.0,24.0
30168070,1353.0,360841.0,24.0
30201324,1353.0,360841.0,24.0
30144213,1353.0,360841.0,24.0
30161393,1353.0,360841.0,24.0
30663038,1353.0,360841.0,24.0
30343877,1353.0,360841.0,24.0
30337069,1353.0,360841.0,24.0
30249481,1353.0,360841.0,24.0
30234386,1353.0,360841.0,24.0
30224603,1353.0,360841.0,24.0
30218531,1353.0,360841.0,24.0
30189857,1353.0,360841.0,24.0
30190307,1353.0,360841.0,24.0
30181408,1353.0,360841.0,24.0
30586098,1353.0,360841.0,24.0
30313939,1353.0,360841.0,24.0
30243704,1353.0,360841.0,24.0
30235827,1353.0,360841.0,24.0
30158873,1353.0,360841.0,24.0
30162028,1353.0,360841.0,24.0
30142710,1353.0,360841.0,24.0
30397558,1353.0,360841.0,24.0
30180850,1353.0,360841.0,24.0
30120299,1353.0,360841.0,24.0
30611174,1353.0,360841.0,24.0
30415935,1353.0,360841.0,24.0
30419165,1353.0,360841.0,24.0
30252395,1353.0,360841.0,24.0
30275307,1353.0,360841.0,24.0
30199351,1353.0,360841.0,24.0
30198445,1353.0,360841.0,24.0
30184382,1353.0,360841.0,24.0
30203576,1353.0,360841.0,24.0
30182240,1353.0,360841.0,24.0
30622429,1353.0,360841.0,24.0
30368434,1353.0,360841.0,24.0
30277262,1353.0,360841.0,24.0
30226129,1353.0,360841.0,24.0
30194100,1353.0,360841.0,24.0
30120978,1353.0,360841.0,24.0
30126102,1353.0,360841.0,24.0
30067555,1353.0,360841.0,24.0
30084186,1353.0,360841.0,24.0
30071256,1353.0,360841.0,24.0
30652717,1510.0,360841.0,24.0
30387680,1510.0,360841.0,24.0
30536733,1510.0,360841.0,24.0
30258964,1510.0,360841.0,24.0
30804637,1510.0,360841.0,24.0
30297928,1510.0,360841.0,24.0
30238803,1510.0,360841.0,24.0
30242845,1510.0,360841.0,24.0
30192892,1510.0,360841.0,24.0
30322619,1510.0,360841.0,24.0
30582084,1510.0,360841.0,24.0
30425866,1510.0,360841.0,24.0
30215830,1510.0,360841.0,24.0
30178846,1510.0,360841.0,24.0
30202648,1510.0,360841.0,24.0
30123903,1510.0,360841.0,24.0
30134825,1510.0,360841.0,24.0
30095269,1510.0,360841.0,24.0
30068804,1510.0,360841.0,24.0
30060585,1510.0,360841.0,24.0
30566225,1510.0,360841.0,24.0
30307751,1510.0,360841.0,24.0
30225791,1510.0,360841.0,24.0
30187160,1510.0,360841.0,24.0
30163118,1510.0,360841.0,24.0
30206294,1510.0,360841.0,24.0
30224992,1510.0,360841.0,24.0
30206687,1510.0,360841.0,24.0
30163175,1510.0,360841.0,24.0
30178649,1510.0,360841.0,24.0
30584605,1510.0,360841.0,24.0
30908388,1510.0,360841.0,24.0
30207903,1510.0,360841.0,24.0
30174693,1510.0,360841.0,24.0
30274590,1510.0,360841.0,24.0
30192111,1510.0,360841.0,24.0
30134020,1510.0,360841.0,24.0
30147384,1510.0,360841.0,24.0
30084857,1510.0,360841.0,24.0
30100293,1510.0,360841.0,24.0
30598791,1510.0,360841.0,24.0
30379038,1510.0,360841.0,24.0
30335982,1510.0,360841.0,24.0
30252307,1510.0,360841.0,24.0
30160089,1510.0,360841.0,24.0
30229502,1510.0,360841.0,24.0
30222074,1510.0,360841.0,24.0
30187250,1510.0,360841.0,24.0
30199016,1510.0,360841.0,24.0
30208025,1510.0,360841.0,24.0
30572690,1510.0,360841.0,24.0
30281504,1510.0,360841.0,24.0
30145382,1510.0,360841.0,24.0
30127561,1510.0,360841.0,24.0
30147889,1510.0,360841.0,24.0
30097595,1510.0,360841.0,24.0
30130113,1510.0,360841.0,24.0
30119031,1510.0,360841.0,24.0
30480353,1510.0,360841.0,24.0
30116732,1510.0,360841.0,24.0
30592360,1510.0,360841.0,24.0
30346318,1510.0,360841.0,24.0
30328778,1510.0,360841.0,24.0
30208536,1510.0,360841.0,24.0
30208059,1510.0,360841.0,24.0
30195765,1510.0,360841.0,24.0
30254311,1510.0,360841.0,24.0
30172687,1510.0,360841.0,24.0
30140444,1510.0,360841.0,24.0
30167464,1510.0,360841.0,24.0
30570715,1510.0,360841.0,24.0
30330217,1510.0,360841.0,24.0
30222750,1510.0,360841.0,24.0
30177519,1510.0,360841.0,24.0
30148275,1510.0,360841.0,24.0
30096079,1510.0,360841.0,24.0
30116121,1510.0,360841.0,24.0
30102917,1510.0,360841.0,24.0
30169856,1510.0,360841.0,24.0
30076424,1510.0,360841.0,24.0
30575987,1510.0,360841.0,24.0
30345641,1510.0,360841.0,24.0
30263510,1510.0,360841.0,24.0
30226455,1510.0,360841.0,24.0
30225592,1510.0,360841.0,24.0
30249263,1510.0,360841.0,24.0
30543383,1510.0,360841.0,24.0
30740874,1510.0,360841.0,24.0
30247774,1510.0,360841.0,24.0
30177504,1510.0,360841.0,24.0
30634538,1510.0,360841.0,24.0
30300255,1510.0,360841.0,24.0
30206820,1510.0,360841.0,24.0
30188403,1510.0,360841.0,24.0
30139320,1510.0,360841.0,24.0
30116666,1510.0,360841.0,24.0
30078025,1510.0,360841.0,24.0
30136420,1510.0,360841.0,24.0
30074101,1510.0,360841.0,24.0
30106481,1510.0,360841.0,24.0
30574810,1666.0,360841.0,24.0
30386859,1666.0,360841.0,24.0
30264451,1666.0,360841.0,24.0
30203064,1666.0,360841.0,24.0
30191463,1666.0,360841.0,24.0
30172661,1666.0,360841.0,24.0
30143717,1666.0,360841.0,24.0
30120906,1666.0,360841.0,24.0
30145229,1666.0,360841.0,24.0
30121002,1666.0,360841.0,24.0
30595085,1666.0,360841.0,24.0
30898114,1666.0,360841.0,24.0
30246691,1666.0,360841.0,24.0
30190452,1666.0,360841.0,24.0
30149265,1666.0,360841.0,24.0
30210221,1666.0,360841.0,24.0
30152591,1666.0,360841.0,24.0
30117838,1666.0,360841.0,24.0
30088127,1666.0,360841.0,24.0
30153788,1666.0,360841.0,24.0
30608837,1666.0,360841.0,24.0
30348804,1666.0,360841.0,24.0
30196858,1666.0,360841.0,24.0
30208268,1666.0,360841.0,24.0
30155559,1666.0,360841.0,24.0
30129831,1666.0,360841.0,24.0
30187013,1666.0,360841.0,24.0
30123875,1666.0,360841.0,24.0
30113525,1666.0,360841.0,24.0
30114593,1666.0,360841.0,24.0
30577702,1666.0,360841.0,24.0
30322879,1666.0,360841.0,24.0
30188458,1666.0,360841.0,24.0
30122356,1666.0,360841.0,24.0
30095990,1666.0,360841.0,24.0
30098672,1666.0,360841.0,24.0
30133758,1666.0,360841.0,24.0
30108839,1666.0,360841.0,24.0
30421014,1666.0,360841.0,24.0
30086622,1666.0,360841.0,24.0
30582228,1666.0,360841.0,24.0
30331300,1666.0,360841.0,24.0
30257363,1666.0,360841.0,24.0
30188932,1666.0,360841.0,24.0
30203972,1666.0,360841.0,24.0
33231663,1666.0,360841.0,24.0
30236667,1666.0,360841.0,24.0
30193917,1666.0,360841.0,24.0
30245370,1666.0,360841.0,24.0
30227518,1666.0,360841.0,24.0
30554239,1666.0,360841.0,24.0
30295908,1666.0,360841.0,24.0
30217432,1666.0,360841.0,24.0
30173715,1666.0,360841.0,24.0
30160885,1666.0,360841.0,24.0
30079179,1666.0,360841.0,24.0
30081434,1666.0,360841.0,24.0
30094852,1666.0,360841.0,24.0
30040185,1666.0,360841.0,24.0
30027334,1666.0,360841.0,24.0
30569500,1666.0,360841.0,24.0
30337549,1666.0,360841.0,24.0
30316576,1666.0,360841.0,24.0
30265173,1666.0,360841.0,24.0
30181642,1666.0,360841.0,24.0
30188461,1666.0,360841.0,24.0
30571951,1666.0,360841.0,24.0
30743605,1666.0,360841.0,24.0
30195539,1666.0,360841.0,24.0
30177251,1666.0,360841.0,24.0
30645983,1666.0,360841.0,24.0
30292034,1666.0,360841.0,24.0
30185746,1666.0,360841.0,24.0
30151738,1666.0,360841.0,24.0
30144525,1666.0,360841.0,24.0
30134340,1666.0,360841.0,24.0
30095873,1666.0,360841.0,24.0
30107113,1666.0,360841.0,24.0
30129541,1666.0,360841.0,24.0
30159302,1666.0,360841.0,24.0
30578475,1666.0,360841.0,24.0
30327183,1666.0,360841.0,24.0
30246726,1666.0,360841.0,24.0
30160165,1666.0,360841.0,24.0
30152652,1666.0,360841.0,24.0
30142399,1666.0,360841.0,24.0
30129928,1666.0,360841.0,24.0
30128153,1666.0,360841.0,24.0
30060791,1666.0,360841.0,24.0
30138030,1666.0,360841.0,24.0
30735499,1666.0,360841.0,24.0
30333165,1666.0,360841.0,24.0
30404333,1666.0,360841.0,24.0
30185572,1666.0,360841.0,24.0
30657287,1666.0,360841.0,24.0
30121132,1666.0,360841.0,24.0
30128290,1666.0,360841.0,24.0
30108520,1666.0,360841.0,24.0
30132325,1666.0,360841.0,24.0
30099435,1666.0,360841.0,24.0
30638925,1823.0,360841.0,24.0
30393430,1823.0,360841.0,24.0
30301119,1823.0,360841.0,24.0
30287047,1823.0,360841.0,24.0
30301028,1823.0,360841.0,24.0
30219189,1823.0,360841.0,24.0
30308236,1823.0,360841.0,24.0
30256222,1823.0,360841.0,24.0
30237211,1823.0,360841.0,24.0
30178761,1823.0,360841.0,24.0
30623098,1823.0,360841.0,24.0
30294290,1823.0,360841.0,24.0
30252884,1823.0,360841.0,24.0
30202158,1823.0,360841.0,24.0
30178299,1823.0,360841.0,24.0
30195690,1823.0,360841.0,24.0
30137458,1823.0,360841.0,24.0
30085186,1823.0,360841.0,24.0
30108422,1823.0,360841.0,24.0
30552789,1823.0,360841.0,24.0
30619268,1823.0,360841.0,24.0
30355563,1823.0,360841.0,24.0
30268146,1823.0,360841.0,24.0
30313808,1823.0,360841.0,24.0
30223743,1823.0,360841.0,24.0
30191606,1823.0,360841.0,24.0
30196341,1823.0,360841.0,24.0
30250704,1823.0,360841.0,24.0
30175106,1823.0,360841.0,24.0
30188150,1823.0,360841.0,24.0
30625183,1823.0,360841.0,24.0
30339215,1823.0,360841.0,24.0
30279179,1823.0,360841.0,24.0
30176843,1823.0,360841.0,24.0
30139254,1823.0,360841.0,24.0
30163632,1823.0,360841.0,24.0
30154392,1823.0,360841.0,24.0
30120345,1823.0,360841.0,24.0
30144352,1823.0,360841.0,24.0
30103512,1823.0,360841.0,24.0
30620830,1823.0,360841.0,24.0
30318250,1823.0,360841.0,24.0
30220301,1823.0,360841.0,24.0
30252072,1823.0,360841.0,24.0
30372140,1823.0,360841.0,24.0
30247388,1823.0,360841.0,24.0
30196170,1823.0,360841.0,24.0
30719484,1823.0,360841.0,24.0
30195001,1823.0,360841.0,24.0
30213978,1823.0,360841.0,24.0
30651053,1823.0,360841.0,24.0
30367995,1823.0,360841.0,24.0
30291640,1823.0,360841.0,24.0
30216659,1823.0,360841.0,24.0
30149435,1823.0,360841.0,24.0
30184975,1823.0,360841.0,24.0
30265673,1823.0,360841.0,24.0
30200155,1823.0,360841.0,24.0
30180466,1823.0,360841.0,24.0
30133755,1823.0,360841.0,24.0
30654679,1823.0,360841.0,24.0
30399199,1823.0,360841.0,24.0
30288753,1823.0,360841.0,24.0
30240532,1823.0,360841.0,24.0
30272910,1823.0,360841.0,24.0
30217428,1823.0,360841.0,24.0
30203282,1823.0,360841.0,24.0
30176427,1823.0,360841.0,24.0
30181937,1823.0,360841.0,24.0
30169694,1823.0,360841.0,24.0
30640360,1823.0,360841.0,24.0
30363349,1823.0,360841.0,24.0
30572553,1823.0,360841.0,24.0
30215347,1823.0,360841.0,24.0
30712358,1823.0,360841.0,24.0
30220006,1823.0,360841.0,24.0
30178402,1823.0,360841.0,24.0
30138845,1823.0,360841.0,24.0
30212443,1823.0,360841.0,24.0
30149200,1823.0,360841.0,24.0
30637952,1823.0,360841.0,24.0
30425879,1823.0,360841.0,24.0
30254116,1823.0,360841.0,24.0
30260037,1823.0,360841.0,24.0
30256910,1823.0,360841.0,24.0
30200426,1823.0,360841.0,24.0
30237120,1823.0,360841.0,24.0
30264105,1823.0,360841.0,24.0
30223723,1823.0,360841.0,24.0
30167269,1823.0,360841.0,24.0
30638456,1823.0,360841.0,24.0
30318370,1823.0,360841.0,24.0
30234198,1823.0,360841.0,24.0
30159526,1823.0,360841.0,24.0
30178815,1823.0,360841.0,24.0
30139676,1823.0,360841.0,24.0
30083757,1823.0,360841.0,24.0
30137437,1823.0,360841.0,24.0
30080539,1823.0,360841.0,24.0
30132708,1823.0,360841.0,24.0
30606518,1980.0,360841.0,24.0
30449997,1980.0,360841.0,24.0
30251358,1980.0,360841.0,24.0
30287952,1980.0,360841.0,24.0
30230206,1980.0,360841.0,24.0
30157510,1980.0,360841.0,24.0
30153331,1980.0,360841.0,24.0
30149994,1980.0,360841.0,24.0
30149565,1980.0,360841.0,24.0
30145360,1980.0,360841.0,24.0
30608233,1980.0,360841.0,24.0
30326633,1980.0,360841.0,24.0
30318709,1980.0,360841.0,24.0
30197651,1980.0,360841.0,24.0
30134174,1980.0,360841.0,24.0
30181770,1980.0,360841.0,24.0
30116940,1980.0,360841.0,24.0
30123148,1980.0,360841.0,24.0
30094507,1980.0,360841.0,24.0
30078279,1980.0,360841.0,24.0
30653740,1980.0,360841.0,24.0
30331741,1980.0,360841.0,24.0
30333184,1980.0,360841.0,24.0
30274005,1980.0,360841.0,24.0
30210837,1980.0,360841.0,24.0
30381911,1980.0,360841.0,24.0
30253476,1980.0,360841.0,24.0
30794480,1980.0,360841.0,24.0
30270360,1980.0,360841.0,24.0
30203431,1980.0,360841.0,24.0
30676514,1980.0,360841.0,24.0
30332576,1980.0,360841.0,24.0
30292906,1980.0,360841.0,24.0
30303461,1980.0,360841.0,24.0
30199653,1980.0,360841.0,24.0
30188301,1980.0,360841.0,24.0
30147959,1980.0,360841.0,24.0
30150818,1980.0,360841.0,24.0
30164045,1980.0,360841.0,24.0
30166951,1980.0,360841.0,24.0
30633739,1980.0,360841.0,24.0
30408039,1980.0,360841.0,24.0
30290050,1980.0,360841.0,24.0
30302060,1980.0,360841.0,24.0
30264938,1980.0,360841.0,24.0
30221460,1980.0,360841.0,24.0
30191511,1980.0,360841.0,24.0
30201927,1980.0,360841.0,24.0
30148797,1980.0,360841.0,24.0
30161592,1980.0,360841.0,24.0
30624494,1980.0,360841.0,24.0
30351573,1980.0,360841.0,24.0
30559259,1980.0,360841.0,24.0
30203481,1980.0,360841.0,24.0
30689411,1980.0,360841.0,24.0
30229696,1980.0,360841.0,24.0
30168722,1980.0,360841.0,24.0
30159669,1980.0,360841.0,24.0
30160830,1980.0,360841.0,24.0
30107504,1980.0,360841.0,24.0
30615685,1980.0,360841.0,24.0
30398488,1980.0,360841.0,24.0
30319092,1980.0,360841.0,24.0
30274806,1980.0,360841.0,24.0
30275043,1980.0,360841.0,24.0
30261209,1980.0,360841.0,24.0
30224627,1980.0,360841.0,24.0
30239592,1980.0,360841.0,24.0
30215602,1980.0,360841.0,24.0
30241899,1980.0,360841.0,24.0
30657251,1980.0,360841.0,24.0
30315374,1980.0,360841.0,24.0
30249511,1980.0,360841.0,24.0
30187377,1980.0,360841.0,24.0
30174041,1980.0,360841.0,24.0
30188914,1980.0,360841.0,24.0
30168390,1980.0,360841.0,24.0
30142256,1980.0,360841.0,24.0
30139673,1980.0,360841.0,24.0
30118227,1980.0,360841.0,24.0
30952684,1980.0,360841.0,24.0
30852445,1980.0,360841.0,24.0
30302552,1980.0,360841.0,24.0
30217982,1980.0,360841.0,24.0
30249286,1980.0,360841.0,24.0
30231930,1980.0,360841.0,24.0
30234574,1980.0,360841.0,24.0
30177492,1980.0,360841.0,24.0
30192015,1980.0,360841.0,24.0
30128447,1980.0,360841.0,24.0
30676283,1980.0,360841.0,24.0
30378402,1980.0,360841.0,24.0
30232554,1980.0,360841.0,24.0
30306796,1980.0,360841.0,24.0
30167146,1980.0,360841.0,24.0
30212792,1980.0,360841.0,24.0
30139774,1980.0,360841.0,24.0
30140387,1980.0,360841.0,24.0
30160866,1980.0,360841.0,24.0
30106084,1980.0,360841.0,24.0
30780727,2137.0,360841.0,24.0
30418477,2137.0,360841.0,24.0
30347712,2137.0,360841.0,24.0
30398560,2137.0,360841.0,24.0
30308752,2137.0,360841.0,24.0
30485720,2137.0,360841.0,24.0
30274958,2137.0,360841.0,24.0
30777927,2137.0,360841.0,24.0
30338842,2137.0,360841.0,24.0
30284182,2137.0,360841.0,24.0
30675730,2137.0,360841.0,24.0
30342414,2137.0,360841.0,24.0
30256560,2137.0,360841.0,24.0
30242166,2137.0,360841.0,24.0
30194693,2137.0,360841.0,24.0
30142885,2137.0,360841.0,24.0
30220646,2137.0,360841.0,24.0
30191658,2137.0,360841.0,24.0
30163831,2137.0,360841.0,24.0
30175592,2137.0,360841.0,24.0
30795854,2137.0,360841.0,24.0
30492912,2137.0,360841.0,24.0
30358171,2137.0,360841.0,24.0
30302344,2137.0,360841.0,24.0
30239190,2137.0,360841.0,24.0
30285848,2137.0,360841.0,24.0
30209409,2137.0,360841.0,24.0
30264488,2137.0,360841.0,24.0
30292095,2137.0,360841.0,24.0
30221131,2137.0,360841.0,24.0
30701985,2137.0,360841.0,24.0
30349436,2137.0,360841.0,24.0
30636084,2137.0,360841.0,24.0
30231506,2137.0,360841.0,24.0
30769731,2137.0,360841.0,24.0
30259694,2137.0,360841.0,24.0
30204308,2137.0,360841.0,24.0
30191104,2137.0,360841.0,24.0
30129049,2137.0,360841.0,24.0
30279239,2137.0,360841.0,24.0
30701120,2137.0,360841.0,24.0
30563687,2137.0,360841.0,24.0
30360182,2137.0,360841.0,24.0
30325607,2137.0,360841.0,24.0
30373400,2137.0,360841.0,24.0
30380365,2137.0,360841.0,24.0
30408294,2137.0,360841.0,24.0
30297822,2137.0,360841.0,24.0
30251954,2137.0,360841.0,24.0
30240701,2137.0,360841.0,24.0
30679921,2137.0,360841.0,24.0
30385481,2137.0,360841.0,24.0
30255986,2137.0,360841.0,24.0
30252913,2137.0,360841.0,24.0
30175684,2137.0,360841.0,24.0
30234515,2137.0,360841.0,24.0
30170351,2137.0,360841.0,24.0
30149845,2137.0,360841.0,24.0
30224917,2137.0,360841.0,24.0
30378494,2137.0,360841.0,24.0
30726435,2137.0,360841.0,24.0
31028758,2137.0,360841.0,24.0
30396341,2137.0,360841.0,24.0
30344271,2137.0,360841.0,24.0
30367099,2137.0,360841.0,24.0
30304724,2137.0,360841.0,24.0
30281721,2137.0,360841.0,24.0
30263533,2137.0,360841.0,24.0
30278660,2137.0,360841.0,24.0
30293059,2137.0,360841.0,24.0
30673850,2137.0,360841.0,24.0
30432512,2137.0,360841.0,24.0
30297360,2137.0,360841.0,24.0
30335771,2137.0,360841.0,24.0
30217874,2137.0,360841.0,24.0
30289923,2137.0,360841.0,24.0
30246575,2137.0,360841.0,24.0
30141085,2137.0,360841.0,24.0
30141170,2137.0,360841.0,24.0
30172213,2137.0,360841.0,24.0
30683032,2137.0,360841.0,24.0
30382442,2137.0,360841.0,24.0
30363263,2137.0,360841.0,24.0
30301214,2137.0,360841.0,24.0
30339203,2137.0,360841.0,24.0
30323186,2137.0,360841.0,24.0
30295307,2137.0,360841.0,24.0
30254006,2137.0,360841.0,24.0
30633421,2137.0,360841.0,24.0
30277228,2137.0,360841.0,24.0
30702267,2137.0,360841.0,24.0
30358192,2137.0,360841.0,24.0
30373764,2137.0,360841.0,24.0
30251820,2137.0,360841.0,24.0
30218353,2137.0,360841.0,24.0
30236848,2137.0,360841.0,24.0
30243779,2137.0,360841.0,24.0
30163107,2137.0,360841.0,24.0
30149755,2137.0,360841.0,24.0
30132681,2137.0,360841.0,24.0
30660261,2293.0,360841.0,24.0
30447476,2293.0,360841.0,24.0
30415174,2293.0,360841.0,24.0
30287204,2293.0,360841.0,24.0
30281200,2293.0,360841.0,24.0
30291281,2293.0,360841.0,24.0
30276713,2293.0,360841.0,24.0
30215800,2293.0,360841.0,24.0
30260131,2293.0,360841.0,24.0
30207295,2293.0,360841.0,24.0
30655463,2293.0,360841.0,24.0
30349979,2293.0,360841.0,24.0
30255001,2293.0,360841.0,24.0
30585614,2293.0,360841.0,24.0
30794507,2293.0,360841.0,24.0
30286691,2293.0,360841.0,24.0
30194579,2293.0,360841.0,24.0
30248389,2293.0,360841.0,24.0
30249169,2293.0,360841.0,24.0
30248448,2293.0,360841.0,24.0
30639082,2293.0,360841.0,24.0
30390975,2293.0,360841.0,24.0
30349148,2293.0,360841.0,24.0
30268269,2293.0,360841.0,24.0
30327363,2293.0,360841.0,24.0
30222586,2293.0,360841.0,24.0
30250058,2293.0,360841.0,24.0
30291734,2293.0,360841.0,24.0
30263627,2293.0,360841.0,24.0
30255765,2293.0,360841.0,24.0
30620863,2293.0,360841.0,24.0
30348579,2293.0,360841.0,24.0
30321503,2293.0,360841.0,24.0
30258509,2293.0,360841.0,24.0
30271084,2293.0,360841.0,24.0
30228445,2293.0,360841.0,24.0
30192388,2293.0,360841.0,24.0
30208263,2293.0,360841.0,24.0
30232677,2293.0,360841.0,24.0
30262336,2293.0,360841.0,24.0
30645462,2293.0,360841.0,24.0
31000893,2293.0,360841.0,24.0
30393222,2293.0,360841.0,24.0
30275594,2293.0,360841.0,24.0
30315664,2293.0,360841.0,24.0
30370282,2293.0,360841.0,24.0
30257839,2293.0,360841.0,24.0
30227609,2293.0,360841.0,24.0
30232767,2293.0,360841.0,24.0
30307601,2293.0,360841.0,24.0
30718198,2293.0,360841.0,24.0
30372767,2293.0,360841.0,24.0
30287346,2293.0,360841.0,24.0
30397103,2293.0,360841.0,24.0
30266831,2293.0,360841.0,24.0
30258557,2293.0,360841.0,24.0
30173428,2293.0,360841.0,24.0
30235026,2293.0,360841.0,24.0
30198650,2293.0,360841.0,24.0
30141462,2293.0,360841.0,24.0
30699599,2293.0,360841.0,24.0
30474720,2293.0,360841.0,24.0
30375961,2293.0,360841.0,24.0
30312428,2293.0,360841.0,24.0
30269299,2293.0,360841.0,24.0
30297539,2293.0,360841.0,24.0
30308586,2293.0,360841.0,24.0
30218988,2293.0,360841.0,24.0
30532700,2293.0,360841.0,24.0
30237350,2293.0,360841.0,24.0
30718897,2293.0,360841.0,24.0
30433617,2293.0,360841.0,24.0
30324840,2293.0,360841.0,24.0
30297137,2293.0,360841.0,24.0
30218344,2293.0,360841.0,24.0
30194670,2293.0,360841.0,24.0
30208263,2293.0,360841.0,24.0
30284520,2293.0,360841.0,24.0
30211647,2293.0,360841.0,24.0
30244955,2293.0,360841.0,24.0
30698456,2293.0,360841.0,24.0
30491620,2293.0,360841.0,24.0
30368599,2293.0,360841.0,24.0
30346163,2293.0,360841.0,24.0
30282373,2293.0,360841.0,24.0
30333452,2293.0,360841.0,24.0
30300019,2293.0,360841.0,24.0
30230474,2293.0,360841.0,24.0
30243994,2293.0,360841.0,24.0
30187746,2293.0,360841.0,24.0
30673104,2293.0,360841.0,24.0
30478937,2293.0,360841.0,24.0
30273556,2293.0,360841.0,24.0
30224263,2293.0,360841.0,24.0
30199255,2293.0,360841.0,24.0
30164615,2293.0,360841.0,24.0
30565694,2293.0,360841.0,24.0
30791937,2293.0,360841.0,24.0
30289878,2293.0,360841.0,24.0
30186829,2293.0,360841.0,24.0
30708197,2450.0,360841.0,24.0
30540247,2450.0,360841.0,24.0
30385649,2450.0,360841.0,24.0
30362409,2450.0,360841.0,24.0
30317085,2450.0,360841.0,24.0
30419488,2450.0,360841.0,24.0
30333694,2450.0,360841.0,24.0
30305243,2450.0,360841.0,24.0
30269966,2450.0,360841.0,24.0
30234161,2450.0,360841.0,24.0
30775373,2450.0,360841.0,24.0
30485840,2450.0,360841.0,24.0
30331890,2450.0,360841.0,24.0
30309779,2450.0,360841.0,24.0
30298494,2450.0,360841.0,24.0
30311936,2450.0,360841.0,24.0
30230473,2450.0,360841.0,24.0
30265755,2450.0,360841.0,24.0
30159625,2450.0,360841.0,24.0
30175703,2450.0,360841.0,24.0
30682618,2450.0,360841.0,24.0
31022242,2450.0,360841.0,24.0
30379541,2450.0,360841.0,24.0
30338677,2450.0,360841.0,24.0
30325167,2450.0,360841.0,24.0
30344277,2450.0,360841.0,24.0
30283769,2450.0,360841.0,24.0
30230168,2450.0,360841.0,24.0
30329795,2450.0,360841.0,24.0
30282423,2450.0,360841.0,24.0
30696038,2450.0,360841.0,24.0
30460790,2450.0,360841.0,24.0
30353764,2450.0,360841.0,24.0
30290493,2450.0,360841.0,24.0
30257151,2450.0,360841.0,24.0
30281216,2450.0,360841.0,24.0
30256641,2450.0,360841.0,24.0
30241554,2450.0,360841.0,24.0
30219714,2450.0,360841.0,24.0
30183583,2450.0,360841.0,24.0
30658010,2450.0,360841.0,24.0
30436297,2450.0,360841.0,24.0
30349370,2450.0,360841.0,24.0
30299157,2450.0,360841.0,24.0
30379795,2450.0,360841.0,24.0
30333322,2450.0,360841.0,24.0
30305179,2450.0,360841.0,24.0
30232389,2450.0,360841.0,24.0
30543838,2450.0,360841.0,24.0
30296358,2450.0,360841.0,24.0
30747118,2450.0,360841.0,24.0
30490154,2450.0,360841.0,24.0
30372000,2450.0,360841.0,24.0
30296024,2450.0,360841.0,24.0
30284880,2450.0,360841.0,24.0
30197591,2450.0,360841.0,24.0
30171341,2450.0,360841.0,24.0
30321617,2450.0,360841.0,24.0
30168564,2450.0,360841.0,24.0
30204339,2450.0,360841.0,24.0
30717077,2450.0,360841.0,24.0
30438163,2450.0,360841.0,24.0
30411551,2450.0,360841.0,24.0
30321902,2450.0,360841.0,24.0
30330250,2450.0,360841.0,24.0
30210926,2450.0,360841.0,24.0
30236647,2450.0,360841.0,24.0
30264379,2450.0,360841.0,24.0
30239644,2450.0,360841.0,24.0
30254325,2450.0,360841.0,24.0
30655007,2450.0,360841.0,24.0
30406789,2450.0,360841.0,24.0
30305984,2450.0,360841.0,24.0
30308334,2450.0,360841.0,24.0
30467080,2450.0,360841.0,24.0
30344078,2450.0,360841.0,24.0
30234282,2450.0,360841.0,24.0
30825615,2450.0,360841.0,24.0
30244173,2450.0,360841.0,24.0
30185733,2450.0,360841.0,24.0
30701740,2450.0,360841.0,24.0
30442345,2450.0,360841.0,24.0
30370845,2450.0,360841.0,24.0
30286300,2450.0,360841.0,24.0
30280840,2450.0,360841.0,24.0
30283499,2450.0,360841.0,24.0
30322880,2450.0,360841.0,24.0
30343018,2450.0,360841.0,24.0
30270576,2450.0,360841.0,24.0
30215120,2450.0,360841.0,24.0
30694217,2450.0,360841.0,24.0
30470339,2450.0,360841.0,24.0
30322535,2450.0,360841.0,24.0
30312781,2450.0,360841.0,24.0
30217430,2450.0,360841.0,24.0
33324018,2450.0,360841.0,24.0
30333333,2450.0,360841.0,24.0
30221932,2450.0,360841.0,24.0
30246496,2450.0,360841.0,24.0
30201937,2450.0,360841.0,24.0
30784924,2607.0,360841.0,24.0
31008752,2607.0,360841.0,24.0
30393957,2607.0,360841.0,24.0
30396816,2607.0,360841.0,24.0
30378003,2607.0,360841.0,24.0
30423996,2607.0,360841.0,24.0
30312457,2607.0,360841.0,24.0
30265304,2607.0,360841.0,24.0
30244186,2607.0,360841.0,24.0
30303401,2607.0,360841.0,24.0
30718609,2607.0,360841.0,24.0
30421753,2607.0,360841.0,24.0
30311179,2607.0,360841.0,24.0
30312399,2607.0,360841.0,24.0
30270565,2607.0,360841.0,24.0
30226441,2607.0,360841.0,24.0
30215447,2607.0,360841.0,24.0
30222855,2607.0,360841.0,24.0
30255382,2607.0,360841.0,24.0
30168850,2607.0,360841.0,24.0
30845212,2607.0,360841.0,24.0
30450549,2607.0,360841.0,24.0
30455398,2607.0,360841.0,24.0
30387576,2607.0,360841.0,24.0
30320965,2607.0,360841.0,24.0
30297927,2607.0,360841.0,24.0
30479310,2607.0,360841.0,24.0
30355594,2607.0,360841.0,24.0
30632056,2607.0,360841.0,24.0
30289361,2607.0,360841.0,24.0
30690673,2607.0,360841.0,24.0
30441745,2607.0,360841.0,24.0
30399854,2607.0,360841.0,24.0
30310791,2607.0,360841.0,24.0
30255877,2607.0,360841.0,24.0
30259558,2607.0,360841.0,24.0
30232310,2607.0,360841.0,24.0
30228834,2607.0,360841.0,24.0
30241866,2607.0,360841.0,24.0
30208609,2607.0,360841.0,24.0
30687816,2607.0,360841.0,24.0
30469202,2607.0,360841.0,24.0
30361193,2607.0,360841.0,24.0
30401849,2607.0,360841.0,24.0
30337902,2607.0,360841.0,24.0
30335212,2607.0,360841.0,24.0
30308085,2607.0,360841.0,24.0
30269151,2607.0,360841.0,24.0
30294154,2607.0,360841.0,24.0
30298493,2607.0,360841.0,24.0
30764887,2607.0,360841.0,24.0
30419044,2607.0,360841.0,24.0
30422304,2607.0,360841.0,24.0
30290469,2607.0,360841.0,24.0
30506872,2607.0,360841.0,24.0
30292159,2607.0,360841.0,24.0
30271812,2607.0,360841.0,24.0
30833691,2607.0,360841.0,24.0
30301523,2607.0,360841.0,24.0
30228706,2607.0,360841.0,24.0
30727956,2607.0,360841.0,24.0
30459784,2607.0,360841.0,24.0
30409417,2607.0,360841.0,24.0
30375850,2607.0,360841.0,24.0
30389034,2607.0,360841.0,24.0
30280219,2607.0,360841.0,24.0
30311942,2607.0,360841.0,24.0
30227166,2607.0,360841.0,24.0
30322260,2607.0,360841.0,24.0
30311201,2607.0,360841.0,24.0
30714056,2607.0,360841.0,24.0
30485048,2607.0,360841.0,24.0
30341354,2607.0,360841.0,24.0
30352714,2607.0,360841.0,24.0
30336652,2607.0,360841.0,24.0
30248308,2607.0,360841.0,24.0
30214347,2607.0,360841.0,24.0
30181204,2607.0,360841.0,24.0
30232376,2607.0,360841.0,24.0
30244369,2607.0,360841.0,24.0
30708868,2607.0,360841.0,24.0
30692257,2607.0,360841.0,24.0
30376884,2607.0,360841.0,24.0
30817592,2607.0,360841.0,24.0
30376071,2607.0,360841.0,24.0
30333228,2607.0,360841.0,24.0
30350950,2607.0,360841.0,24.0
30270726,2607.0,360841.0,24.0
30280292,2607.0,360841.0,24.0
30244670,2607.0,360841.0,24.0
30722299,2607.0,360841.0,24.0
30460333,2607.0,360841.0,24.0
30315596,2607.0,360841.0,24.0
30317496,2607.0,360841.0,24.0
30293682,2607.0,360841.0,24.0
30256396,2607.0,360841.0,24.0
30246972,2607.0,360841.0,24.0
30309937,2607.0,360841.0,24.0
30245235,2607.0,360841.0,24.0
30227621,2607.0,360841.0,24.0
30620241,2763.0,360841.0,24.0
30388100,2763.0,360841.0,24.0
30410031,2763.0,360841.0,24.0
30321094,2763.0,360841.0,24.0
30298436,2763.0,360841.0,24.0
30318138,2763.0,360841.0,24.0
30288394,2763.0,360841.0,24.0
30297717,2763.0,360841.0,24.0
30575736,2763.0,360841.0,24.0
30747294,2763.0,360841.0,24.0
30705178,2763.0,360841.0,24.0
30361554,2763.0,360841.0,24.0
30303064,2763.0,360841.0,24.0
30259049,2763.0,360841.0,24.0
30185364,2763.0,360841.0,24.0
30180260,2763.0,360841.0,24.0
30189687,2763.0,360841.0,24.0
30222104,2763.0,360841.0,24.0
30168792,2763.0,360841.0,24.0
30107350,2763.0,360841.0,24.0
30639448,2763.0,360841.0,24.0
30368845,2763.0,360841.0,24.0
30336209,2763.0,360841.0,24.0
30332129,2763.0,360841.0,24.0
30291896,2763.0,360841.0,24.0
30234346,2763.0,360841.0,24.0
30187968,2763.0,360841.0,24.0
30227141,2763.0,360841.0,24.0
30175659,2763.0,360841.0,24.0
30149291,2763.0,360841.0,24.0
30612653,2763.0,360841.0,24.0
30420189,2763.0,360841.0,24.0
30324805,2763.0,360841.0,24.0
30352413,2763.0,360841.0,24.0
30452579,2763.0,360841.0,24.0
30279274,2763.0,360841.0,24.0
30711153,2763.0,360841.0,24.0
30244095,2763.0,360841.0,24.0
30169404,2763.0,360841.0,24.0
30195794,2763.0,360841.0,24.0
30675620,2763.0,360841.0,24.0
30401908,2763.0,360841.0,24.0
30431200,2763.0,360841.0,24.0
30355208,2763.0,360841.0,24.0
30244418,2763.0,360841.0,24.0
30288307,2763.0,360841.0,24.0
30213477,2763.0,360841.0,24.0
30221463,2763.0,360841.0,24.0
30162632,2763.0,360841.0,24.0
30191752,2763.0,360841.0,24.0
30681920,2763.0,360841.0,24.0
30390764,2763.0,360841.0,24.0
30271399,2763.0,360841.0,24.0
30240038,2763.0,360841.0,24.0
30222751,2763.0,360841.0,24.0
30202939,2763.0,360841.0,24.0
30167119,2763.0,360841.0,24.0
30182649,2763.0,360841.0,24.0
30210603,2763.0,360841.0,24.0
30198055,2763.0,360841.0,24.0
30629673,2763.0,360841.0,24.0
30416098,2763.0,360841.0,24.0
30677676,2763.0,360841.0,24.0
30840825,2763.0,360841.0,24.0
30294347,2763.0,360841.0,24.0
30289934,2763.0,360841.0,24.0
30309728,2763.0,360841.0,24.0
30206457,2763.0,360841.0,24.0
30262099,2763.0,360841.0,24.0
30247775,2763.0,360841.0,24.0
30744428,2763.0,360841.0,24.0
30398091,2763.0,360841.0,24.0
30317539,2763.0,360841.0,24.0
30241850,2763.0,360841.0,24.0
30199890,2763.0,360841.0,24.0
30211566,2763.0,360841.0,24.0
30226602,2763.0,360841.0,24.0
30172821,2763.0,360841.0,24.0
30151097,2763.0,360841.0,24.0
30139486,2763.0,360841.0,24.0
30715256,2763.0,360841.0,24.0
30385424,2763.0,360841.0,24.0
30304633,2763.0,360841.0,24.0
30270133,2763.0,360841.0,24.0
30223172,2763.0,360841.0,24.0
30243283,2763.0,360841.0,24.0
30295847,2763.0,360841.0,24.0
30257812,2763.0,360841.0,24.0
30215185,2763.0,360841.0,24.0
30323807,2763.0,360841.0,24.0
31174532,2763.0,360841.0,24.0
30405823,2763.0,360841.0,24.0
30334122,2763.0,360841.0,24.0
30326253,2763.0,360841.0,24.0
30279274,2763.0,360841.0,24.0
30198904,2763.0,360841.0,24.0
30175244,2763.0,360841.0,24.0
30201106,2763.0,360841.0,24.0
30136197,2763.0,360841.0,24.0
30142560,2763.0,360841.0,24.0
30843676,2920.0,360841.0,24.0
30497687,2920.0,360841.0,24.0
30279889,2920.0,360841.0,24.0
30401616,2920.0,360841.0,24.0
30387421,2920.0,360841.0,24.0
30202115,2920.0,360841.0,24.0
30369723,2920.0,360841.0,24.0
30255960,2920.0,360841.0,24.0
30188329,2920.0,360841.0,24.0
30217043,2920.0,360841.0,24.0
30747790,2920.0,360841.0,24.0
30486546,2920.0,360841.0,24.0
30330785,2920.0,360841.0,24.0
30225670,2920.0,360841.0,24.0
30671888,2920.0,360841.0,24.0
30282443,2920.0,360841.0,24.0
30839516,2920.0,360841.0,24.0
30283421,2920.0,360841.0,24.0
30280671,2920.0,360841.0,24.0
30239171,2920.0,360841.0,24.0
30793285,2920.0,360841.0,24.0
30482251,2920.0,360841.0,24.0
30412549,2920.0,360841.0,24.0
30349023,2920.0,360841.0,24.0
30376157,2920.0,360841.0,24.0
30332570,2920.0,360841.0,24.0
30287000,2920.0,360841.0,24.0
30318358,2920.0,360841.0,24.0
30281872,2920.0,360841.0,24.0
30273803,2920.0,360841.0,24.0
30698521,2920.0,360841.0,24.0
30419924,2920.0,360841.0,24.0
30394253,2920.0,360841.0,24.0
30322009,2920.0,360841.0,24.0
30284286,2920.0,360841.0,24.0
30237589,2920.0,360841.0,24.0
30323290,2920.0,360841.0,24.0
30229589,2920.0,360841.0,24.0
30215520,2920.0,360841.0,24.0
30260425,2920.0,360841.0,24.0
30788905,2920.0,360841.0,24.0
30507895,2920.0,360841.0,24.0
30727858,2920.0,360841.0,24.0
30856872,2920.0,360841.0,24.0
30320598,2920.0,360841.0,24.0
30377853,2920.0,360841.0,24.0
30445223,2920.0,360841.0,24.0
30335948,2920.0,360841.0,24.0
30298005,2920.0,360841.0,24.0
30340734,2920.0,360841.0,24.0
30702759,2920.0,360841.0,24.0
30457202,2920.0,360841.0,24.0
30321275,2920.0,360841.0,24.0
30315876,2920.0,360841.0,24.0
30259434,2920.0,360841.0,24.0
30361122,2920.0,360841.0,24.0
30261894,2920.0,360841.0,24.0
30281313,2920.0,360841.0,24.0
30291622,2920.0,360841.0,24.0
30356610,2920.0,360841.0,24.0
30849832,2920.0,360841.0,24.0
30408392,2920.0,360841.0,24.0
30380348,2920.0,360841.0,24.0
30391811,2920.0,360841.0,24.0
30248378,2920.0,360841.0,24.0
30305034,2920.0,360841.0,24.0
30279054,2920.0,360841.0,24.0
30338871,2920.0,360841.0,24.0
30272573,2920.0,360841.0,24.0
33348127,2920.0,360841.0,24.0
31329598,2920.0,360841.0,24.0
30462452,2920.0,360841.0,24.0
30355747,2920.0,360841.0,24.0
30354516,2920.0,360841.0,24.0
30250636,2920.0,360841.0,24.0
30221763,2920.0,360841.0,24.0
30306651,2920.0,360841.0,24.0
30252619,2920.0,360841.0,24.0
30226139,2920.0,360841.0,24.0
30175666,2920.0,360841.0,24.0
30773912,2920.0,360841.0,24.0
30426422,2920.0,360841.0,24.0
30435341,2920.0,360841.0,24.0
30321263,2920.0,360841.0,24.0
30225815,2920.0,360841.0,24.0
30228437,2920.0,360841.0,24.0
30287011,2920.0,360841.0,24.0
30280032,2920.0,360841.0,24.0
30234100,2920.0,360841.0,24.0
30166070,2920.0,360841.0,24.0
30784464,2920.0,360841.0,24.0
30537678,2920.0,360841.0,24.0
30422893,2920.0,360841.0,24.0
30331402,2920.0,360841.0,24.0
30272482,2920.0,360841.0,24.0
30244971,2920.0,360841.0,24.0
30541441,2920.0,360841.0,24.0
30618555,2920.0,360841.0,24.0
30274876,2920.0,360841.0,24.0
30868157,2920.0,360841.0,24.0
30774037,3077.0,360841.0,24.0
30394638,3077.0,360841.0,24.0
30416048,3077.0,360841.0,24.0
30334573,3077.0,360841.0,24.0
30401219,3077.0,360841.0,24.0
30305148,3077.0,360841.0,24.0
30348263,3077.0,360841.0,24.0
30269542,3077.0,360841.0,24.0
30280398,3077.0,360841.0,24.0
30301510,3077.0,360841.0,24.0
30750524,3077.0,360841.0,24.0
30491022,3077.0,360841.0,24.0
30404074,3077.0,360841.0,24.0
30393032,3077.0,360841.0,24.0
30301785,3077.0,360841.0,24.0
30212646,3077.0,360841.0,24.0
30221488,3077.0,360841.0,24.0
30239087,3077.0,360841.0,24.0
30283079,3077.0,360841.0,24.0
30219232,3077.0,360841.0,24.0
30770957,3077.0,360841.0,24.0
30457331,3077.0,360841.0,24.0
30737145,3077.0,360841.0,24.0
30916520,3077.0,360841.0,24.0
30358463,3077.0,360841.0,24.0
30365121,3077.0,360841.0,24.0
30314457,3077.0,360841.0,24.0
30302510,3077.0,360841.0,24.0
30395316,3077.0,360841.0,24.0
30258381,3077.0,360841.0,24.0
30829383,3077.0,360841.0,24.0
30428528,3077.0,360841.0,24.0
30346370,3077.0,360841.0,24.0
30260526,3077.0,360841.0,24.0
30353537,3077.0,360841.0,24.0
30279243,3077.0,360841.0,24.0
30194834,3077.0,360841.0,24.0
30223527,3077.0,360841.0,24.0
30218055,3077.0,360841.0,24.0
30239376,3077.0,360841.0,24.0
30775889,3077.0,360841.0,24.0
30447557,3077.0,360841.0,24.0
30408431,3077.0,360841.0,24.0
30387733,3077.0,360841.0,24.0
30308075,3077.0,360841.0,24.0
30287722,3077.0,360841.0,24.0
30343591,3077.0,360841.0,24.0
30272522,3077.0,360841.0,24.0
30269217,3077.0,360841.0,24.0
30421479,3077.0,360841.0,24.0
31269758,3077.0,360841.0,24.0
30442279,3077.0,360841.0,24.0
30319114,3077.0,360841.0,24.0
30367652,3077.0,360841.0,24.0
30294595,3077.0,360841.0,24.0
30231042,3077.0,360841.0,24.0
30284636,3077.0,360841.0,24.0
30221982,3077.0,360841.0,24.0
30215499,3077.0,360841.0,24.0
30231435,3077.0,360841.0,24.0
30770580,3077.0,360841.0,24.0
30427121,3077.0,360841.0,24.0
30407556,3077.0,360841.0,24.0
30301932,3077.0,360841.0,24.0
30350449,3077.0,360841.0,24.0
30312309,3077.0,360841.0,24.0
30246746,3077.0,360841.0,24.0
30247383,3077.0,360841.0,24.0
30261412,3077.0,360841.0,24.0
30230306,3077.0,360841.0,24.0
30791201,3077.0,360841.0,24.0
30374673,3077.0,360841.0,24.0
30341373,3077.0,360841.0,24.0
30338098,3077.0,360841.0,24.0
30270345,3077.0,360841.0,24.0
30305824,3077.0,360841.0,24.0
30207256,3077.0,360841.0,24.0
30632803,3077.0,360841.0,24.0
30267170,3077.0,360841.0,24.0
30767163,3077.0,360841.0,24.0
30747214,3077.0,360841.0,24.0
30504401,3077.0,360841.0,24.0
30392067,3077.0,360841.0,24.0
30425660,3077.0,360841.0,24.0
30336159,3077.0,360841.0,24.0
30337672,3077.0,360841.0,24.0
30305675,3077.0,360841.0,24.0
30304708,3077.0,360841.0,24.0
30264094,3077.0,360841.0,24.0
30270272,3077.0,360841.0,24.0
30865233,3077.0,360841.0,24.0
30515240,3077.0,360841.0,24.0
30360715,3077.0,360841.0,24.0
30309513,3077.0,360841.0,24.0
30279796,3077.0,360841.0,24.0
30258458,3077.0,360841.0,24.0
30293694,3077.0,360841.0,24.0
30257448,3077.0,360841.0,24.0
30203802,3077.0,360841.0,24.0
30210178,3077.0,360841.0,24.0
30847039,3233.0,360841.0,24.0
30424976,3233.0,360841.0,24.0
30382910,3233.0,360841.0,24.0
30887745,3233.0,360841.0,24.0
30324956,3233.0,360841.0,24.0
30225023,3233.0,360841.0,24.0
30330893,3233.0,360841.0,24.0
30250787,3233.0,360841.0,24.0
30273939,3233.0,360841.0,24.0
30246931,3233.0,360841.0,24.0
30854740,3233.0,360841.0,24.0
30490077,3233.0,360841.0,24.0
30398258,3233.0,360841.0,24.0
30346723,3233.0,360841.0,24.0
30264922,3233.0,360841.0,24.0
30224437,3233.0,360841.0,24.0
30234604,3233.0,360841.0,24.0
30189142,3233.0,360841.0,24.0
30220650,3233.0,360841.0,24.0
30257368,3233.0,360841.0,24.0
30754419,3233.0,360841.0,24.0
30422282,3233.0,360841.0,24.0
30361599,3233.0,360841.0,24.0
30363747,3233.0,360841.0,24.0
30301735,3233.0,360841.0,24.0
30248384,3233.0,360841.0,24.0
30273075,3233.0,360841.0,24.0
30299418,3233.0,360841.0,24.0
30209670,3233.0,360841.0,24.0
30532080,3233.0,360841.0,24.0
31303947,3233.0,360841.0,24.0
30427101,3233.0,360841.0,24.0
30326024,3233.0,360841.0,24.0
30284870,3233.0,360841.0,24.0
30359442,3233.0,360841.0,24.0
30255964,3233.0,360841.0,24.0
30218289,3233.0,360841.0,24.0
30204455,3233.0,360841.0,24.0
30253364,3233.0,360841.0,24.0
30227628,3233.0,360841.0,24.0
30762166,3233.0,360841.0,24.0
30369744,3233.0,360841.0,24.0
30386111,3233.0,360841.0,24.0
30311321,3233.0,360841.0,24.0
30203523,3233.0,360841.0,24.0
30240507,3233.0,360841.0,24.0
30235187,3233.0,360841.0,24.0
30287000,3233.0,360841.0,24.0
30239892,3233.0,360841.0,24.0
30215635,3233.0,360841.0,24.0
30707999,3233.0,360841.0,24.0
30384080,3233.0,360841.0,24.0
30341622,3233.0,360841.0,24.0
30287873,3233.0,360841.0,24.0
30235222,3233.0,360841.0,24.0
30237194,3233.0,360841.0,24.0
30202743,3233.0,360841.0,24.0
30586477,3233.0,360841.0,24.0
30218328,3233.0,360841.0,24.0
30784352,3233.0,360841.0,24.0
30765367,3233.0,360841.0,24.0
30612671,3233.0,360841.0,24.0
30442892,3233.0,360841.0,24.0
30393152,3233.0,360841.0,24.0
30300533,3233.0,360841.0,24.0
30326122,3233.0,360841.0,24.0
30245754,3233.0,360841.0,24.0
30298816,3233.0,360841.0,24.0
30234564,3233.0,360841.0,24.0
30244240,3233.0,360841.0,24.0
30808057,3233.0,360841.0,24.0
30465121,3233.0,360841.0,24.0
30417721,3233.0,360841.0,24.0
30256638,3233.0,360841.0,24.0
30261605,3233.0,360841.0,24.0
30224904,3233.0,360841.0,24.0
30219944,3233.0,360841.0,24.0
30241773,3233.0,360841.0,24.0
30179047,3233.0,360841.0,24.0
30172726,3233.0,360841.0,24.0
30803250,3233.0,360841.0,24.0
30446072,3233.0,360841.0,24.0
30302404,3233.0,360841.0,24.0
30470565,3233.0,360841.0,24.0
30222731,3233.0,360841.0,24.0
30816864,3233.0,360841.0,24.0
30338705,3233.0,360841.0,24.0
30307482,3233.0,360841.0,24.0
30236289,3233.0,360841.0,24.0
30241319,3233.0,360841.0,24.0
30765324,3233.0,360841.0,24.0
30447129,3233.0,360841.0,24.0
30380181,3233.0,360841.0,24.0
30359115,3233.0,360841.0,24.0
30289219,3233.0,360841.0,24.0
30231088,3233.0,360841.0,24.0
30193117,3233.0,360841.0,24.0
30202176,3233.0,360841.0,24.0
30225672,3233.0,360841.0,24.0
30187147,3233.0,360841.0,24.0
30779509,3390.0,360841.0,24.0
30453030,3390.0,360841.0,24.0
30363039,3390.0,360841.0,24.0
30336788,3390.0,360841.0,24.0
30310332,3390.0,360841.0,24.0
30270708,3390.0,360841.0,24.0
30255755,3390.0,360841.0,24.0
30275048,3390.0,360841.0,24.0
30316595,3390.0,360841.0,24.0
30502910,3390.0,360841.0,24.0
30827667,3390.0,360841.0,24.0
30485549,3390.0,360841.0,24.0
30424563,3390.0,360841.0,24.0
30313994,3390.0,360841.0,24.0
30359311,3390.0,360841.0,24.0
30297049,3390.0,360841.0,24.0
30264172,3390.0,360841.0,24.0
30230090,3390.0,360841.0,24.0
30262830,3390.0,360841.0,24.0
30306563,3390.0,360841.0,24.0
30735981,3390.0,360841.0,24.0
30377402,3390.0,360841.0,24.0
30368480,3390.0,360841.0,24.0
30343499,3390.0,360841.0,24.0
30334246,3390.0,360841.0,24.0
30285411,3390.0,360841.0,24.0
30276570,3390.0,360841.0,24.0
30232710,3390.0,360841.0,24.0
30293691,3390.0,360841.0,24.0
30258450,3390.0,360841.0,24.0
30758213,3390.0,360841.0,24.0
30465557,3390.0,360841.0,24.0
30326213,3390.0,360841.0,24.0
30291176,3390.0,360841.0,24.0
30263763,3390.0,360841.0,24.0
30344381,3390.0,360841.0,24.0
30266561,3390.0,360841.0,24.0
30631336,3390.0,360841.0,24.0
30771049,3390.0,360841.0,24.0
30202644,3390.0,360841.0,24.0
30841961,3390.0,360841.0,24.0
33528735,3390.0,360841.0,24.0
30475772,3390.0,360841.0,24.0
30367893,3390.0,360841.0,24.0
30311867,3390.0,360841.0,24.0
30388816,3390.0,360841.0,24.0
30296726,3390.0,360841.0,24.0
30276089,3390.0,360841.0,24.0
30273787,3390.0,360841.0,24.0
30280306,3390.0,360841.0,24.0
30799554,3390.0,360841.0,24.0
30443352,3390.0,360841.0,24.0
30311280,3390.0,360841.0,24.0
30282000,3390.0,360841.0,24.0
30263933,3390.0,360841.0,24.0
30235110,3390.0,360841.0,24.0
30214319,3390.0,360841.0,24.0
30263229,3390.0,360841.0,24.0
30266138,3390.0,360841.0,24.0
30205863,3390.0,360841.0,24.0
30717691,3390.0,360841.0,24.0
30391716,3390.0,360841.0,24.0
30358083,3390.0,360841.0,24.0
30739091,3390.0,360841.0,24.0
30298924,3390.0,360841.0,24.0
30840304,3390.0,360841.0,24.0
30297523,3390.0,360841.0,24.0
30270932,3390.0,360841.0,24.0
30240441,3390.0,360841.0,24.0
30265585,3390.0,360841.0,24.0
30755105,3390.0,360841.0,24.0
30474728,3390.0,360841.0,24.0
30366951,3390.0,360841.0,24.0
30253902,3390.0,360841.0,24.0
30281154,3390.0,360841.0,24.0
30267408,3390.0,360841.0,24.0
30243900,3390.0,360841.0,24.0
30239627,3390.0,360841.0,24.0
30299721,3390.0,360841.0,24.0
30259793,3390.0,360841.0,24.0
30797656,3390.0,360841.0,24.0
30404291,3390.0,360841.0,24.0
30319334,3390.0,360841.0,24.0
30329328,3390.0,360841.0,24.0
30299955,3390.0,360841.0,24.0
30253971,3390.0,360841.0,24.0
30296068,3390.0,360841.0,24.0
30302482,3390.0,360841.0,24.0
30299236,3390.0,360841.0,24.0
30231003,3390.0,360841.0,24.0
31065960,3390.0,360841.0,24.0
30450344,3390.0,360841.0,24.0
30856420,3390.0,360841.0,24.0
30355462,3390.0,360841.0,24.0
30280095,3390.0,360841.0,24.0
30266008,3390.0,360841.0,24.0
30275663,3390.0,360841.0,24.0
30293646,3390.0,360841.0,24.0
30265567,3390.0,360841.0,24.0
30253851,3390.0,360841.0,24.0
30872294,3547.0,360841.0,24.0
30603157,3547.0,360841.0,24.0
30462406,3547.0,360841.0,24.0
30385324,3547.0,360841.0,24.0
30389448,3547.0,360841.0,24.0
30382754,3547.0,360841.0,24.0
30389282,3547.0,360841.0,24.0
30379209,3547.0,360841.0,24.0
30335305,3547.0,360841.0,24.0
30351473,3547.0,360841.0,24.0
30831668,3547.0,360841.0,24.0
30532015,3547.0,360841.0,24.0
30452384,3547.0,360841.0,24.0
30434067,3547.0,360841.0,24.0
30415750,3547.0,360841.0,24.0
30585253,3547.0,360841.0,24.0
30371628,3547.0,360841.0,24.0
30323474,3547.0,360841.0,24.0
30895815,3547.0,360841.0,24.0
30351219,3547.0,360841.0,24.0
30871840,3547.0,360841.0,24.0
30588708,3547.0,360841.0,24.0
30447090,3547.0,360841.0,24.0
30424219,3547.0,360841.0,24.0
30406522,3547.0,360841.0,24.0
30434245,3547.0,360841.0,24.0
30420280,3547.0,360841.0,24.0
30473934,3547.0,360841.0,24.0
30385185,3547.0,360841.0,24.0
30374289,3547.0,360841.0,24.0
30839329,3547.0,360841.0,24.0
30489432,3547.0,360841.0,24.0
30441241,3547.0,360841.0,24.0
30382077,3547.0,360841.0,24.0
30316278,3547.0,360841.0,24.0
30343456,3547.0,360841.0,24.0
30316358,3547.0,360841.0,24.0
30310914,3547.0,360841.0,24.0
30301413,3547.0,360841.0,24.0
30326903,3547.0,360841.0,24.0
30912422,3547.0,360841.0,24.0
30449899,3547.0,360841.0,24.0
30735959,3547.0,360841.0,24.0
30392667,3547.0,360841.0,24.0
30350079,3547.0,360841.0,24.0
30951148,3547.0,360841.0,24.0
30396771,3547.0,360841.0,24.0
30439543,3547.0,360841.0,24.0
30376107,3547.0,360841.0,24.0
30406433,3547.0,360841.0,24.0
30871981,3547.0,360841.0,24.0
30500003,3547.0,360841.0,24.0
30441282,3547.0,360841.0,24.0
30415400,3547.0,360841.0,24.0
30303091,3547.0,360841.0,24.0
30283084,3547.0,360841.0,24.0
30293923,3547.0,360841.0,24.0
30352982,3547.0,360841.0,24.0
30299480,3547.0,360841.0,24.0
30315427,3547.0,360841.0,24.0
30842909,3547.0,360841.0,24.0
30531760,3547.0,360841.0,24.0
30438898,3547.0,360841.0,24.0
30464104,3547.0,360841.0,24.0
30416502,3547.0,360841.0,24.0
30405889,3547.0,360841.0,24.0
30383507,3547.0,360841.0,24.0
30399122,3547.0,360841.0,24.0
30329986,3547.0,360841.0,24.0
30384359,3547.0,360841.0,24.0
31243020,3547.0,360841.0,24.0
30542536,3547.0,360841.0,24.0
30998159,3547.0,360841.0,24.0
30411989,3547.0,360841.0,24.0
30414774,3547.0,360841.0,24.0
30377201,3547.0,360841.0,24.0
30429041,3547.0,360841.0,24.0
30375450,3547.0,360841.0,24.0
30312576,3547.0,360841.0,24.0
30302965,3547.0,360841.0,24.0
30803158,3547.0,360841.0,24.0
30598445,3547.0,360841.0,24.0
30458948,3547.0,360841.0,24.0
30418648,3547.0,360841.0,24.0
30422114,3547.0,360841.0,24.0
30362855,3547.0,360841.0,24.0
30355767,3547.0,360841.0,24.0
30416286,3547.0,360841.0,24.0
30404370,3547.0,360841.0,24.0
30337097,3547.0,360841.0,24.0
30877249,3547.0,360841.0,24.0
30539403,3547.0,360841.0,24.0
30455489,3547.0,360841.0,24.0
30384811,3547.0,360841.0,24.0
30373970,3547.0,360841.0,24.0
30316984,3547.0,360841.0,24.0
30410937,3547.0,360841.0,24.0
30367730,3547.0,360841.0,24.0
30570710,3547.0,360841.0,24.0
30319439,3547.0,360841.0,24.0
30969220,3703.0,360841.0,24.0
30758669,3703.0,360841.0,24.0
30610689,3703.0,360841.0,24.0
30573288,3703.0,360841.0,24.0
30515754,3703.0,360841.0,24.0
30525157,3703.0,360841.0,24.0
30441768,3703.0,360841.0,24.0
30465050,3703.0,360841.0,24.0
30453031,3703.0,360841.0,24.0
30424065,3703.0,360841.0,24.0
30943597,3703.0,360841.0,24.0
30621088,3703.0,360841.0,24.0
30533776,3703.0,360841.0,24.0
30522797,3703.0,360841.0,24.0
30463780,3703.0,360841.0,24.0
30430313,3703.0,360841.0,24.0
30398186,3703.0,360841.0,24.0
30429798,3703.0,360841.0,24.0
30374619,3703.0,360841.0,24.0
30428646,3703.0,360841.0,24.0
30979276,3703.0,360841.0,24.0
30665360,3703.0,360841.0,24.0
30893122,3703.0,360841.0,24.0
30605460,3703.0,360841.0,24.0
31012049,3703.0,360841.0,24.0
30453465,3703.0,360841.0,24.0
30531267,3703.0,360841.0,24.0
30474997,3703.0,360841.0,24.0
30455129,3703.0,360841.0,24.0
30387001,3703.0,360841.0,24.0
30965339,3703.0,360841.0,24.0
30591422,3703.0,360841.0,24.0
30568239,3703.0,360841.0,24.0
30552965,3703.0,360841.0,24.0
30466690,3703.0,360841.0,24.0
30485537,3703.0,360841.0,24.0
30475547,3703.0,360841.0,24.0
30430888,3703.0,360841.0,24.0
30401449,3703.0,360841.0,24.0
30478069,3703.0,360841.0,24.0
30974361,3703.0,360841.0,24.0
30631993,3703.0,360841.0,24.0
30555927,3703.0,360841.0,24.0
30566808,3703.0,360841.0,24.0
30538378,3703.0,360841.0,24.0
30471877,3703.0,360841.0,24.0
30470120,3703.0,360841.0,24.0
30518590,3703.0,360841.0,24.0
30493496,3703.0,360841.0,24.0
30471842,3703.0,360841.0,24.0
31391598,3703.0,360841.0,24.0
31134610,3703.0,360841.0,24.0
30600684,3703.0,360841.0,24.0
30546653,3703.0,360841.0,24.0
30492557,3703.0,360841.0,24.0
30424563,3703.0,360841.0,24.0
30588755,3703.0,360841.0,24.0
30448197,3703.0,360841.0,24.0
30437732,3703.0,360841.0,24.0
30434304,3703.0,360841.0,24.0
30954485,3703.0,360841.0,24.0
30707375,3703.0,360841.0,24.0
30583987,3703.0,360841.0,24.0
30511305,3703.0,360841.0,24.0
30515937,3703.0,360841.0,24.0
30407723,3703.0,360841.0,24.0
30453970,3703.0,360841.0,24.0
30398823,3703.0,360841.0,24.0
30444436,3703.0,360841.0,24.0
30422217,3703.0,360841.0,24.0
30930910,3703.0,360841.0,24.0
30618687,3703.0,360841.0,24.0
30528597,3703.0,360841.0,24.0
30469433,3703.0,360841.0,24.0
30482429,3703.0,360841.0,24.0
30465022,3703.0,360841.0,24.0
30465176,3703.0,360841.0,24.0
30623081,3703.0,360841.0,24.0
30450029,3703.0,360841.0,24.0
30436590,3703.0,360841.0,24.0
30990152,3703.0,360841.0,24.0
30689206,3703.0,360841.0,24.0
30669784,3703.0,360841.0,24.0
30488212,3703.0,360841.0,24.0
30568214,3703.0,360841.0,24.0
30460334,3703.0,360841.0,24.0
30468501,3703.0,360841.0,24.0
30505770,3703.0,360841.0,24.0
30439880,3703.0,360841.0,24.0
30388794,3703.0,360841.0,24.0
30918905,3703.0,360841.0,24.0
30588046,3703.0,360841.0,24.0
30576993,3703.0,360841.0,24.0
30478528,3703.0,360841.0,24.0
30415278,3703.0,360841.0,24.0
30443624,3703.0,360841.0,24.0
30417438,3703.0,360841.0,24.0
30411515,3703.0,360841.0,24.0
30461621,3703.0,360841.0,24.0
30405049,3703.0,360841.0,24.0
31132215,3860.0,360841.0,24.0
30752801,3860.0,360841.0,24.0
30977232,3860.0,360841.0,24.0
30679642,3860.0,360841.0,24.0
31124816,3860.0,360841.0,24.0
30627026,3860.0,360841.0,24.0
30666940,3860.0,360841.0,24.0
30639663,3860.0,360841.0,24.0
30702721,3860.0,360841.0,24.0
30570910,3860.0,360841.0,24.0
31232997,3860.0,360841.0,24.0
30713618,3860.0,360841.0,24.0
30633687,3860.0,360841.0,24.0
30590818,3860.0,360841.0,24.0
32839835,3860.0,360841.0,24.0
31358964,3860.0,360841.0,24.0
30680210,3860.0,360841.0,24.0
30562325,3860.0,360841.0,24.0
30549241,3860.0,360841.0,24.0
30564719,3860.0,360841.0,24.0
31023192,3860.0,360841.0,24.0
30772507,3860.0,360841.0,24.0
30719115,3860.0,360841.0,24.0
30672019,3860.0,360841.0,24.0
30626098,3860.0,360841.0,24.0
30594064,3860.0,360841.0,24.0
30601917,3860.0,360841.0,24.0
30626541,3860.0,360841.0,24.0
30632680,3860.0,360841.0,24.0
30802691,3860.0,360841.0,24.0
31588933,3860.0,360841.0,24.0
30749897,3860.0,360841.0,24.0
30618349,3860.0,360841.0,24.0
30672199,3860.0,360841.0,24.0
30629558,3860.0,360841.0,24.0
30568698,3860.0,360841.0,24.0
30519684,3860.0,360841.0,24.0
30487052,3860.0,360841.0,24.0
30538580,3860.0,360841.0,24.0
30502550,3860.0,360841.0,24.0
31058947,3860.0,360841.0,24.0
30766672,3860.0,360841.0,24.0
30697535,3860.0,360841.0,24.0
30638221,3860.0,360841.0,24.0
30659572,3860.0,360841.0,24.0
30627861,3860.0,360841.0,24.0
30695009,3860.0,360841.0,24.0
30609493,3860.0,360841.0,24.0
30592248,3860.0,360841.0,24.0
30515761,3860.0,360841.0,24.0
31084192,3860.0,360841.0,24.0
30705650,3860.0,360841.0,24.0
30669729,3860.0,360841.0,24.0
30611316,3860.0,360841.0,24.0
30586140,3860.0,360841.0,24.0
30523993,3860.0,360841.0,24.0
30855363,3860.0,360841.0,24.0
30535264,3860.0,360841.0,24.0
30600856,3860.0,360841.0,24.0
31191114,3860.0,360841.0,24.0
31073757,3860.0,360841.0,24.0
30836004,3860.0,360841.0,24.0
30697202,3860.0,360841.0,24.0
30695134,3860.0,360841.0,24.0
30612878,3860.0,360841.0,24.0
30619079,3860.0,360841.0,24.0
30598396,3860.0,360841.0,24.0
30641305,3860.0,360841.0,24.0
30561417,3860.0,360841.0,24.0
30595037,3860.0,360841.0,24.0
31061683,3860.0,360841.0,24.0
30717680,3860.0,360841.0,24.0
30628484,3860.0,360841.0,24.0
30576265,3860.0,360841.0,24.0
30585041,3860.0,360841.0,24.0
30632510,3860.0,360841.0,24.0
30586789,3860.0,360841.0,24.0
30547514,3860.0,360841.0,24.0
30516347,3860.0,360841.0,24.0
30518068,3860.0,360841.0,24.0
30985770,3860.0,360841.0,24.0
30694072,3860.0,360841.0,24.0
30682493,3860.0,360841.0,24.0
30644813,3860.0,360841.0,24.0
30941637,3860.0,360841.0,24.0
31191250,3860.0,360841.0,24.0
30643920,3860.0,360841.0,24.0
30562120,3860.0,360841.0,24.0
30574567,3860.0,360841.0,24.0
30534185,3860.0,360841.0,24.0
31076250,3860.0,360841.0,24.0
30683552,3860.0,360841.0,24.0
30650253,3860.0,360841.0,24.0
30552159,3860.0,360841.0,24.0
30566750,3860.0,360841.0,24.0
30588473,3860.0,360841.0,24.0
30506413,3860.0,360841.0,24.0
30578027,3860.0,360841.0,24.0
30493347,3860.0,360841.0,24.0
30538918,3860.0,360841.0,24.0
31062584,4017.0,360841.0,24.0
30817259,4017.0,360841.0,24.0
30761820,4017.0,360841.0,24.0
30708884,4017.0,360841.0,24.0
30710130,4017.0,360841.0,24.0
30702989,4017.0,360841.0,24.0
30733391,4017.0,360841.0,24.0
30694835,4017.0,360841.0,24.0
30828348,4017.0,360841.0,24.0
30686054,4017.0,360841.0,24.0
31181814,4017.0,360841.0,24.0
30850148,4017.0,360841.0,24.0
30720705,4017.0,360841.0,24.0
30698142,4017.0,360841.0,24.0
30678425,4017.0,360841.0,24.0
30704873,4017.0,360841.0,24.0
30632754,4017.0,360841.0,24.0
30628886,4017.0,360841.0,24.0
30618452,4017.0,360841.0,24.0
30705882,4017.0,360841.0,24.0
31112786,4017.0,360841.0,24.0
30851683,4017.0,360841.0,24.0
30841309,4017.0,360841.0,24.0
30696356,4017.0,360841.0,24.0
30710100,4017.0,360841.0,24.0
30716568,4017.0,360841.0,24.0
30678363,4017.0,360841.0,24.0
30629052,4017.0,360841.0,24.0
30682806,4017.0,360841.0,24.0
30634731,4017.0,360841.0,24.0
31116029,4017.0,360841.0,24.0
30776346,4017.0,360841.0,24.0
30702652,4017.0,360841.0,24.0
30695043,4017.0,360841.0,24.0
30691475,4017.0,360841.0,24.0
30640500,4017.0,360841.0,24.0
30944637,4017.0,360841.0,24.0
30642362,4017.0,360841.0,24.0
31158347,4017.0,360841.0,24.0
30683081,4017.0,360841.0,24.0
31107596,4017.0,360841.0,24.0
30847729,4017.0,360841.0,24.0
30793422,4017.0,360841.0,24.0
30760627,4017.0,360841.0,24.0
30722741,4017.0,360841.0,24.0
30742559,4017.0,360841.0,24.0
30765386,4017.0,360841.0,24.0
30760664,4017.0,360841.0,24.0
30684475,4017.0,360841.0,24.0
30653304,4017.0,360841.0,24.0
31188967,4017.0,360841.0,24.0
30776913,4017.0,360841.0,24.0
30754278,4017.0,360841.0,24.0
30737017,4017.0,360841.0,24.0
30699761,4017.0,360841.0,24.0
30612365,4017.0,360841.0,24.0
30690289,4017.0,360841.0,24.0
30628410,4017.0,360841.0,24.0
30627951,4017.0,360841.0,24.0
30608046,4017.0,360841.0,24.0
31132167,4017.0,360841.0,24.0
30896620,4017.0,360841.0,24.0
30761168,4017.0,360841.0,24.0
31143359,4017.0,360841.0,24.0
31332826,4017.0,360841.0,24.0
30735785,4017.0,360841.0,24.0
30666248,4017.0,360841.0,24.0
30653503,4017.0,360841.0,24.0
30679234,4017.0,360841.0,24.0
30770807,4017.0,360841.0,24.0
31111410,4017.0,360841.0,24.0
30838414,4017.0,360841.0,24.0
30788552,4017.0,360841.0,24.0
30710928,4017.0,360841.0,24.0
30662901,4017.0,360841.0,24.0
30647317,4017.0,360841.0,24.0
30646249,4017.0,360841.0,24.0
30685904,4017.0,360841.0,24.0
30692760,4017.0,360841.0,24.0
30601281,4017.0,360841.0,24.0
31116915,4017.0,360841.0,24.0
30831809,4017.0,360841.0,24.0
30760433,4017.0,360841.0,24.0
30737795,4017.0,360841.0,24.0
30752253,4017.0,360841.0,24.0
30709893,4017.0,360841.0,24.0
30696956,4017.0,360841.0,24.0
30729125,4017.0,360841.0,24.0
30625322,4017.0,360841.0,24.0
30641274,4017.0,360841.0,24.0
31159379,4017.0,360841.0,24.0
31413647,4017.0,360841.0,24.0
30753520,4017.0,360841.0,24.0
30704825,4017.0,360841.0,24.0
30662687,4017.0,360841.0,24.0
30638099,4017.0,360841.0,24.0
30699623,4017.0,360841.0,24.0
30617145,4017.0,360841.0,24.0
30682143,4017.0,360841.0,24.0
30588982,4017.0,360841.0,24.0
31285809,4174.0,360841.0,24.0
31010146,4174.0,360841.0,24.0
31041820,4174.0,360841.0,24.0
30944113,4174.0,360841.0,24.0
30960199,4174.0,360841.0,24.0
30875239,4174.0,360841.0,24.0
30916052,4174.0,360841.0,24.0
30896981,4174.0,360841.0,24.0
30859070,4174.0,360841.0,24.0
30879735,4174.0,360841.0,24.0
31339291,4174.0,360841.0,24.0
31022395,4174.0,360841.0,24.0
30986457,4174.0,360841.0,24.0
30855148,4174.0,360841.0,24.0
31238660,4174.0,360841.0,24.0
30856186,4174.0,360841.0,24.0
31362406,4174.0,360841.0,24.0
30826613,4174.0,360841.0,24.0
30816136,4174.0,360841.0,24.0
30807062,4174.0,360841.0,24.0
31374921,4174.0,360841.0,24.0
31031748,4174.0,360841.0,24.0
30905903,4174.0,360841.0,24.0
31054037,4174.0,360841.0,24.0
30932461,4174.0,360841.0,24.0
30958631,4174.0,360841.0,24.0
30890132,4174.0,360841.0,24.0
30913671,4174.0,360841.0,24.0
30891725,4174.0,360841.0,24.0
30937647,4174.0,360841.0,24.0
31388976,4174.0,360841.0,24.0
30956666,4174.0,360841.0,24.0
30910383,4174.0,360841.0,24.0
30886160,4174.0,360841.0,24.0
30901060,4174.0,360841.0,24.0
30847079,4174.0,360841.0,24.0
30914021,4174.0,360841.0,24.0
30849515,4174.0,360841.0,24.0
30799743,4174.0,360841.0,24.0
30829157,4174.0,360841.0,24.0
31544714,4174.0,360841.0,24.0
31055795,4174.0,360841.0,24.0
30919062,4174.0,360841.0,24.0
31467609,4174.0,360841.0,24.0
30872183,4174.0,360841.0,24.0
30843479,4174.0,360841.0,24.0
30914492,4174.0,360841.0,24.0
30840639,4174.0,360841.0,24.0
30870684,4174.0,360841.0,24.0
30868293,4174.0,360841.0,24.0
31369921,4174.0,360841.0,24.0
30916734,4174.0,360841.0,24.0
30904690,4174.0,360841.0,24.0
30923655,4174.0,360841.0,24.0
30842154,4174.0,360841.0,24.0
30810648,4174.0,360841.0,24.0
30823811,4174.0,360841.0,24.0
30810359,4174.0,360841.0,24.0
30823330,4174.0,360841.0,24.0
30862822,4174.0,360841.0,24.0
31378058,4174.0,360841.0,24.0
31011818,4174.0,360841.0,24.0
30948942,4174.0,360841.0,24.0
30922717,4174.0,360841.0,24.0
30886942,4174.0,360841.0,24.0
30934145,4174.0,360841.0,24.0
30936951,4174.0,360841.0,24.0
30898063,4174.0,360841.0,24.0
30881574,4174.0,360841.0,24.0
31119055,4174.0,360841.0,24.0
31389502,4174.0,360841.0,24.0
31009987,4174.0,360841.0,24.0
30896764,4174.0,360841.0,24.0
30923377,4174.0,360841.0,24.0
30845994,4174.0,360841.0,24.0
30939980,4174.0,360841.0,24.0
30842958,4174.0,360841.0,24.0
30871217,4174.0,360841.0,24.0
30857094,4174.0,360841.0,24.0
30905458,4174.0,360841.0,24.0
31329373,4174.0,360841.0,24.0
31069943,4174.0,360841.0,24.0
30928743,4174.0,360841.0,24.0
30943565,4174.0,360841.0,24.0
30891796,4174.0,360841.0,24.0
30863847,4174.0,360841.0,24.0
30882894,4174.0,360841.0,24.0
31617980,4174.0,360841.0,24.0
33133524,4174.0,360841.0,24.0
30846470,4174.0,360841.0,24.0
31341150,4174.0,360841.0,24.0
30975099,4174.0,360841.0,24.0
30902828,4174.0,360841.0,24.0
30879951,4174.0,360841.0,24.0
30833008,4174.0,360841.0,24.0
30876576,4174.0,360841.0,24.0
31390657,4174.0,360841.0,24.0
31377307,4174.0,360841.0,24.0
30838399,4174.0,360841.0,24.0
30808815,4174.0,360841.0,24.0
31811701,4330.0,360841.0,24.0
31484798,4330.0,360841.0,24.0
31411526,4330.0,360841.0,24.0
31401254,4330.0,360841.0,24.0
31336359,4330.0,360841.0,24.0
31324653,4330.0,360841.0,24.0
31277910,4330.0,360841.0,24.0
31266973,4330.0,360841.0,24.0
31278682,4330.0,360841.0,24.0
31391039,4330.0,360841.0,24.0
31708291,4330.0,360841.0,24.0
31435783,4330.0,360841.0,24.0
31326943,4330.0,360841.0,24.0
31227499,4330.0,360841.0,24.0
31292445,4330.0,360841.0,24.0
31218228,4330.0,360841.0,24.0
31244154,4330.0,360841.0,24.0
31215292,4330.0,360841.0,24.0
31275620,4330.0,360841.0,24.0
31165571,4330.0,360841.0,24.0
32279413,4330.0,360841.0,24.0
31458695,4330.0,360841.0,24.0
31411421,4330.0,360841.0,24.0
31362267,4330.0,360841.0,24.0
31320828,4330.0,360841.0,24.0
31325760,4330.0,360841.0,24.0
31399720,4330.0,360841.0,24.0
31291851,4330.0,360841.0,24.0
31345724,4330.0,360841.0,24.0
31296171,4330.0,360841.0,24.0
31832528,4330.0,360841.0,24.0
31447658,4330.0,360841.0,24.0
31390873,4330.0,360841.0,24.0
31283748,4330.0,360841.0,24.0
31237908,4330.0,360841.0,24.0
31215697,4330.0,360841.0,24.0
31232584,4330.0,360841.0,24.0
31238461,4330.0,360841.0,24.0
31179729,4330.0,360841.0,24.0
31165023,4330.0,360841.0,24.0
31810720,4330.0,360841.0,24.0
31517288,4330.0,360841.0,24.0
31390682,4330.0,360841.0,24.0
31326965,4330.0,360841.0,24.0
31317243,4330.0,360841.0,24.0
31331886,4330.0,360841.0,24.0
31564658,4330.0,360841.0,24.0
31357772,4330.0,360841.0,24.0
31841029,4330.0,360841.0,24.0
31265403,4330.0,360841.0,24.0
31756697,4330.0,360841.0,24.0
31466287,4330.0,360841.0,24.0
31327732,4330.0,360841.0,24.0
31291407,4330.0,360841.0,24.0
31251681,4330.0,360841.0,24.0
31229025,4330.0,360841.0,24.0
31255035,4330.0,360841.0,24.0
31256064,4330.0,360841.0,24.0
31206470,4330.0,360841.0,24.0
31257594,4330.0,360841.0,24.0
31760003,4330.0,360841.0,24.0
31514461,4330.0,360841.0,24.0
31386894,4330.0,360841.0,24.0
31349798,4330.0,360841.0,24.0
31342321,4330.0,360841.0,24.0
31306618,4330.0,360841.0,24.0
31300983,4330.0,360841.0,24.0
31341209,4330.0,360841.0,24.0
31268171,4330.0,360841.0,24.0
31347178,4330.0,360841.0,24.0
31742434,4330.0,360841.0,24.0
31466018,4330.0,360841.0,24.0
31362495,4330.0,360841.0,24.0
31641295,4330.0,360841.0,24.0
31238068,4330.0,360841.0,24.0
31763931,4330.0,360841.0,24.0
31201285,4330.0,360841.0,24.0
31168811,4330.0,360841.0,24.0
31222193,4330.0,360841.0,24.0
31290477,4330.0,360841.0,24.0
31767021,4330.0,360841.0,24.0
31495122,4330.0,360841.0,24.0
31362406,4330.0,360841.0,24.0
31338833,4330.0,360841.0,24.0
31361343,4330.0,360841.0,24.0
31325065,4330.0,360841.0,24.0
31312140,4330.0,360841.0,24.0
31346131,4330.0,360841.0,24.0
31369911,4330.0,360841.0,24.0
31320037,4330.0,360841.0,24.0
31720421,4330.0,360841.0,24.0
31384928,4330.0,360841.0,24.0
31327417,4330.0,360841.0,24.0
31254029,4330.0,360841.0,24.0
31244749,4330.0,360841.0,24.0
31240837,4330.0,360841.0,24.0
31193893,4330.0,360841.0,24.0
31224647,4330.0,360841.0,24.0
31222437,4330.0,360841.0,24.0
31201928,4330.0,360841.0,24.0
32054096,4487.0,360841.0,24.0
31806006,4487.0,360841.0,24.0
31735763,4487.0,360841.0,24.0
31782791,4487.0,360841.0,24.0
31679893,4487.0,360841.0,24.0
31660873,4487.0,360841.0,24.0
31639874,4487.0,360841.0,24.0
31651391,4487.0,360841.0,24.0
31650606,4487.0,360841.0,24.0
31649506,4487.0,360841.0,24.0
31989613,4487.0,360841.0,24.0
31681043,4487.0,360841.0,24.0
31577367,4487.0,360841.0,24.0
31572202,4487.0,360841.0,24.0
31548173,4487.0,360841.0,24.0
31525423,4487.0,360841.0,24.0
31477445,4487.0,360841.0,24.0
31516650,4487.0,360841.0,24.0
31531107,4487.0,360841.0,24.0
31504380,4487.0,360841.0,24.0
32096310,4487.0,360841.0,24.0
31815333,4487.0,360841.0,24.0
31849324,4487.0,360841.0,24.0
31675030,4487.0,360841.0,24.0
31975088,4487.0,360841.0,24.0
32185016,4487.0,360841.0,24.0
31636975,4487.0,360841.0,24.0
31643252,4487.0,360841.0,24.0
31588321,4487.0,360841.0,24.0
31603265,4487.0,360841.0,24.0
31980297,4487.0,360841.0,24.0
31675745,4487.0,360841.0,24.0
31665455,4487.0,360841.0,24.0
31579536,4487.0,360841.0,24.0
31518759,4487.0,360841.0,24.0
31539642,4487.0,360841.0,24.0
31503853,4487.0,360841.0,24.0
31525890,4487.0,360841.0,24.0
31607312,4487.0,360841.0,24.0
31496653,4487.0,360841.0,24.0
32032419,4487.0,360841.0,24.0
31729749,4487.0,360841.0,24.0
31681846,4487.0,360841.0,24.0
31678621,4487.0,360841.0,24.0
31673596,4487.0,360841.0,24.0
31653935,4487.0,360841.0,24.0
31606363,4487.0,360841.0,24.0
31637461,4487.0,360841.0,24.0
31661644,4487.0,360841.0,24.0
31625579,4487.0,360841.0,24.0
32011435,4487.0,360841.0,24.0
32231095,4487.0,360841.0,24.0
31673886,4487.0,360841.0,24.0
31561977,4487.0,360841.0,24.0
31617306,4487.0,360841.0,24.0
31555609,4487.0,360841.0,24.0
31551062,4487.0,360841.0,24.0
31501754,4487.0,360841.0,24.0
31501978,4487.0,360841.0,24.0
31485554,4487.0,360841.0,24.0
32138288,4487.0,360841.0,24.0
31780645,4487.0,360841.0,24.0
31743314,4487.0,360841.0,24.0
31684333,4487.0,360841.0,24.0
31688322,4487.0,360841.0,24.0
31669520,4487.0,360841.0,24.0
31743097,4487.0,360841.0,24.0
31648463,4487.0,360841.0,24.0
31573179,4487.0,360841.0,24.0
31637178,4487.0,360841.0,24.0
31979574,4487.0,360841.0,24.0
31652111,4487.0,360841.0,24.0
31616478,4487.0,360841.0,24.0
31573216,4487.0,360841.0,24.0
31556270,4487.0,360841.0,24.0
31661242,4487.0,360841.0,24.0
31567586,4487.0,360841.0,24.0
31862726,4487.0,360841.0,24.0
31538953,4487.0,360841.0,24.0
32177670,4487.0,360841.0,24.0
32032307,4487.0,360841.0,24.0
31697921,4487.0,360841.0,24.0
31677759,4487.0,360841.0,24.0
31757087,4487.0,360841.0,24.0
31623323,4487.0,360841.0,24.0
31664477,4487.0,360841.0,24.0
31623552,4487.0,360841.0,24.0
31725236,4487.0,360841.0,24.0
31619441,4487.0,360841.0,24.0
31619981,4487.0,360841.0,24.0
31992608,4487.0,360841.0,24.0
31708584,4487.0,360841.0,24.0
31568176,4487.0,360841.0,24.0
31577912,4487.0,360841.0,24.0
31515817,4487.0,360841.0,24.0
31549943,4487.0,360841.0,24.0
31497356,4487.0,360841.0,24.0
31517026,4487.0,360841.0,24.0
31461178,4487.0,360841.0,24.0
31497389,4487.0,360841.0,24.0
32557111,4644.0,360841.0,24.0
32021990,4644.0,360841.0,24.0
32609628,4644.0,360841.0,24.0
31955113,4644.0,360841.0,24.0
31951880,4644.0,360841.0,24.0
31939882,4644.0,360841.0,24.0
31894702,4644.0,360841.0,24.0
31883839,4644.0,360841.0,24.0
31971459,4644.0,360841.0,24.0
31922044,4644.0,360841.0,24.0
32227930,4644.0,360841.0,24.0
31874358,4644.0,360841.0,24.0
31891006,4644.0,360841.0,24.0
31846451,4644.0,360841.0,24.0
31873540,4644.0,360841.0,24.0
31770610,4644.0,360841.0,24.0
31905477,4644.0,360841.0,24.0
31775131,4644.0,360841.0,24.0
31776365,4644.0,360841.0,24.0
31796906,4644.0,360841.0,24.0
32399875,4644.0,360841.0,24.0
32027302,4644.0,360841.0,24.0
31958935,4644.0,360841.0,24.0
31865704,4644.0,360841.0,24.0
31971044,4644.0,360841.0,24.0
31988112,4644.0,360841.0,24.0
31945988,4644.0,360841.0,24.0
32094646,4644.0,360841.0,24.0
31890785,4644.0,360841.0,24.0
32460186,4644.0,360841.0,24.0
32375784,4644.0,360841.0,24.0
31908845,4644.0,360841.0,24.0
31889748,4644.0,360841.0,24.0
31924745,4644.0,360841.0,24.0
31847719,4644.0,360841.0,24.0
31841378,4644.0,360841.0,24.0
31772767,4644.0,360841.0,24.0
31842580,4644.0,360841.0,24.0
31749878,4644.0,360841.0,24.0
31775110,4644.0,360841.0,24.0
32378405,4644.0,360841.0,24.0
32041536,4644.0,360841.0,24.0
32008293,4644.0,360841.0,24.0
31935851,4644.0,360841.0,24.0
31871698,4644.0,360841.0,24.0
31933582,4644.0,360841.0,24.0
31921133,4644.0,360841.0,24.0
31956876,4644.0,360841.0,24.0
31914707,4644.0,360841.0,24.0
31911706,4644.0,360841.0,24.0
32265513,4644.0,360841.0,24.0
34959889,4644.0,360841.0,24.0
31868040,4644.0,360841.0,24.0
32212675,4644.0,360841.0,24.0
32065270,4644.0,360841.0,24.0
32323012,4644.0,360841.0,24.0
31826235,4644.0,360841.0,24.0
31770641,4644.0,360841.0,24.0
31745167,4644.0,360841.0,24.0
31851121,4644.0,360841.0,24.0
32409925,4644.0,360841.0,24.0
31963268,4644.0,360841.0,24.0
31985566,4644.0,360841.0,24.0
31917553,4644.0,360841.0,24.0
31917643,4644.0,360841.0,24.0
31919886,4644.0,360841.0,24.0
31852541,4644.0,360841.0,24.0
31922544,4644.0,360841.0,24.0
31947461,4644.0,360841.0,24.0
31983948,4644.0,360841.0,24.0
32252915,4644.0,360841.0,24.0
31868285,4644.0,360841.0,24.0
31769306,4644.0,360841.0,24.0
31798417,4644.0,360841.0,24.0
31767780,4644.0,360841.0,24.0
31764069,4644.0,360841.0,24.0
31832767,4644.0,360841.0,24.0
31727156,4644.0,360841.0,24.0
31688063,4644.0,360841.0,24.0
31869937,4644.0,360841.0,24.0
32887788,4644.0,360841.0,24.0
32102382,4644.0,360841.0,24.0
31920035,4644.0,360841.0,24.0
31956144,4644.0,360841.0,24.0
31937040,4644.0,360841.0,24.0
31995398,4644.0,360841.0,24.0
31890132,4644.0,360841.0,24.0
31917309,4644.0,360841.0,24.0
31926368,4644.0,360841.0,24.0
31945365,4644.0,360841.0,24.0
32277800,4644.0,360841.0,24.0
31889389,4644.0,360841.0,24.0
31840080,4644.0,360841.0,24.0
31867740,4644.0,360841.0,24.0
31771931,4644.0,360841.0,24.0
31822641,4644.0,360841.0,24.0
31795867,4644.0,360841.0,24.0
31771849,4644.0,360841.0,24.0
31797754,4644.0,360841.0,24.0
31764366,4644.0,360841.0,24.0
32547634,4800.0,360841.0,24.0
32361625,4800.0,360841.0,24.0
32448174,4800.0,360841.0,24.0
32227658,4800.0,360841.0,24.0
32226926,4800.0,360841.0,24.0
32768603,4800.0,360841.0,24.0
32254723,4800.0,360841.0,24.0
32147964,4800.0,360841.0,24.0
32189290,4800.0,360841.0,24.0
32204977,4800.0,360841.0,24.0
32551167,4800.0,360841.0,24.0
32287499,4800.0,360841.0,24.0
32064882,4800.0,360841.0,24.0
32103833,4800.0,360841.0,24.0
32080136,4800.0,360841.0,24.0
32058968,4800.0,360841.0,24.0
32027789,4800.0,360841.0,24.0
32003425,4800.0,360841.0,24.0
32063876,4800.0,360841.0,24.0
32101203,4800.0,360841.0,24.0
32615341,4800.0,360841.0,24.0
32369602,4800.0,360841.0,24.0
32223113,4800.0,360841.0,24.0
32225939,4800.0,360841.0,24.0
32236760,4800.0,360841.0,24.0
32230145,4800.0,360841.0,24.0
32173108,4800.0,360841.0,24.0
32167664,4800.0,360841.0,24.0
32138468,4800.0,360841.0,24.0
32242784,4800.0,360841.0,24.0
33114158,4800.0,360841.0,24.0
32213556,4800.0,360841.0,24.0
32135782,4800.0,360841.0,24.0
32119836,4800.0,360841.0,24.0
32075831,4800.0,360841.0,24.0
32113734,4800.0,360841.0,24.0
32058038,4800.0,360841.0,24.0
31963431,4800.0,360841.0,24.0
32015244,4800.0,360841.0,24.0
32024831,4800.0,360841.0,24.0
32658247,4800.0,360841.0,24.0
32333497,4800.0,360841.0,24.0
32243774,4800.0,360841.0,24.0
32273141,4800.0,360841.0,24.0
32240096,4800.0,360841.0,24.0
32301636,4800.0,360841.0,24.0
32159803,4800.0,360841.0,24.0
32194767,4800.0,360841.0,24.0
32187253,4800.0,360841.0,24.0
32170553,4800.0,360841.0,24.0
32560366,4800.0,360841.0,24.0
32108309,4800.0,360841.0,24.0
32078816,4800.0,360841.0,24.0
32161801,4800.0,360841.0,24.0
32060784,4800.0,360841.0,24.0
32273591,4800.0,360841.0,24.0
32088228,4800.0,360841.0,24.0
32043194,4800.0,360841.0,24.0
32576651,4800.0,360841.0,24.0
32072445,4800.0,360841.0,24.0
32642614,4800.0,360841.0,24.0
32317810,4800.0,360841.0,24.0
32273638,4800.0,360841.0,24.0
32250619,4800.0,360841.0,24.0
32248837,4800.0,360841.0,24.0
32267170,4800.0,360841.0,24.0
32209962,4800.0,360841.0,24.0
32193987,4800.0,360841.0,24.0
32114827,4800.0,360841.0,24.0
32262535,4800.0,360841.0,24.0
32532555,4800.0,360841.0,24.0
32278318,4800.0,360841.0,24.0
32114553,4800.0,360841.0,24.0
32060525,4800.0,360841.0,24.0
32003609,4800.0,360841.0,24.0
31973403,4800.0,360841.0,24.0
32015691,4800.0,360841.0,24.0
31936408,4800.0,360841.0,24.0
31992745,4800.0,360841.0,24.0
31998979,4800.0,360841.0,24.0
32652112,4800.0,360841.0,24.0
32638269,4800.0,360841.0,24.0
32279733,4800.0,360841.0,24.0
32905132,4800.0,360841.0,24.0
32189664,4800.0,360841.0,24.0
32244011,4800.0,360841.0,24.0
32233922,4800.0,360841.0,24.0
32198376,4800.0,360841.0,24.0
32182338,4800.0,360841.0,24.0
32330043,4800.0,360841.0,24.0
32633717,4800.0,360841.0,24.0
32288523,4800.0,360841.0,24.0
32117483,4800.0,360841.0,24.0
32062605,4800.0,360841.0,24.0
32012655,4800.0,360841.0,24.0
32162847,4800.0,360841.0,24.0
32062154,4800.0,360841.0,24.0
32060421,4800.0,360841.0,24.0
32025037,4800.0,360841.0,24.0
31963194,4800.0,360841.0,24.0
33048715,4957.0,360841.0,24.0
32710624,4957.0,360841.0,24.0
32610745,4957.0,360841.0,24.0
32533755,4957.0,360841.0,24.0
32506664,4957.0,360841.0,24.0
32570035,4957.0,360841.0,24.0
32821794,4957.0,360841.0,24.0
33109709,4957.0,360841.0,24.0
32573286,4957.0,360841.0,24.0
32510729,4957.0,360841.0,24.0
33019084,4957.0,360841.0,24.0
32528649,4957.0,360841.0,24.0
32532653,4957.0,360841.0,24.0
32387454,4957.0,360841.0,24.0
32414699,4957.0,360841.0,24.0
32416053,4957.0,360841.0,24.0
32388761,4957.0,360841.0,24.0
32362284,4957.0,360841.0,24.0
32402641,4957.0,360841.0,24.0
32388661,4957.0,360841.0,24.0
33155150,4957.0,360841.0,24.0
32655968,4957.0,360841.0,24.0
32623758,4957.0,360841.0,24.0
32628943,4957.0,360841.0,24.0
32553974,4957.0,360841.0,24.0
32550883,4957.0,360841.0,24.0
32543147,4957.0,360841.0,24.0
32535064,4957.0,360841.0,24.0
32561376,4957.0,360841.0,24.0
32512347,4957.0,360841.0,24.0
33238340,4957.0,360841.0,24.0
32511477,4957.0,360841.0,24.0
33076786,4957.0,360841.0,24.0
32421557,4957.0,360841.0,24.0
32416636,4957.0,360841.0,24.0
32401300,4957.0,360841.0,24.0
32451435,4957.0,360841.0,24.0
32445926,4957.0,360841.0,24.0
32494872,4957.0,360841.0,24.0
32400850,4957.0,360841.0,24.0
33160321,4957.0,360841.0,24.0
32709752,4957.0,360841.0,24.0
32636540,4957.0,360841.0,24.0
32578370,4957.0,360841.0,24.0
32552120,4957.0,360841.0,24.0
32550212,4957.0,360841.0,24.0
32572272,4957.0,360841.0,24.0
32470026,4957.0,360841.0,24.0
32516735,4957.0,360841.0,24.0
32438245,4957.0,360841.0,24.0
32916465,4957.0,360841.0,24.0
32541555,4957.0,360841.0,24.0
32464189,4957.0,360841.0,24.0
32503149,4957.0,360841.0,24.0
32450611,4957.0,360841.0,24.0
32393629,4957.0,360841.0,24.0
32416914,4957.0,360841.0,24.0
32831327,4957.0,360841.0,24.0
32364050,4957.0,360841.0,24.0
32905866,4957.0,360841.0,24.0
32987027,4957.0,360841.0,24.0
32737326,4957.0,360841.0,24.0
32613985,4957.0,360841.0,24.0
32635581,4957.0,360841.0,24.0
32568906,4957.0,360841.0,24.0
32585406,4957.0,360841.0,24.0
32553062,4957.0,360841.0,24.0
32560685,4957.0,360841.0,24.0
32548224,4957.0,360841.0,24.0
32496810,4957.0,360841.0,24.0
32887937,4957.0,360841.0,24.0
32632592,4957.0,360841.0,24.0
32548981,4957.0,360841.0,24.0
32444466,4957.0,360841.0,24.0
32444323,4957.0,360841.0,24.0
32417135,4957.0,360841.0,24.0
32421879,4957.0,360841.0,24.0
32398711,4957.0,360841.0,24.0
32347368,4957.0,360841.0,24.0
32395957,4957.0,360841.0,24.0
33076815,4957.0,360841.0,24.0
32743603,4957.0,360841.0,24.0
32629887,4957.0,360841.0,24.0
33008292,4957.0,360841.0,24.0
33034190,4957.0,360841.0,24.0
32638395,4957.0,360841.0,24.0
32459628,4957.0,360841.0,24.0
32491268,4957.0,360841.0,24.0
32473439,4957.0,360841.0,24.0
32555227,4957.0,360841.0,24.0
32957313,4957.0,360841.0,24.0
32690228,4957.0,360841.0,24.0
32577497,4957.0,360841.0,24.0
32501819,4957.0,360841.0,24.0
32413693,4957.0,360841.0,24.0
32433422,4957.0,360841.0,24.0
32519181,4957.0,360841.0,24.0
32487604,4957.0,360841.0,24.0
32445344,4957.0,360841.0,24.0
32504620,4957.0,360841.0,24.0
33445641,5114.0,360841.0,24.0
33086915,5114.0,360841.0,24.0
33061198,5114.0,360841.0,24.0
33026305,5114.0,360841.0,24.0
32986044,5114.0,360841.0,24.0
32969171,5114.0,360841.0,24.0
33108433,5114.0,360841.0,24.0
32952731,5114.0,360841.0,24.0
33788499,5114.0,360841.0,24.0
33035221,5114.0,360841.0,24.0
36348105,5114.0,360841.0,24.0
32913713,5114.0,360841.0,24.0
32993384,5114.0,360841.0,24.0
32862895,5114.0,360841.0,24.0
32827790,5114.0,360841.0,24.0
32872355,5114.0,360841.0,24.0
32842566,5114.0,360841.0,24.0
32844189,5114.0,360841.0,24.0
32831262,5114.0,360841.0,24.0
32855104,5114.0,360841.0,24.0
33474401,5114.0,360841.0,24.0
33132915,5114.0,360841.0,24.0
33099543,5114.0,360841.0,24.0
32983940,5114.0,360841.0,24.0
33004013,5114.0,360841.0,24.0
33004403,5114.0,360841.0,24.0
32977660,5114.0,360841.0,24.0
32993133,5114.0,360841.0,24.0
32976994,5114.0,360841.0,24.0
32992635,5114.0,360841.0,24.0
33363104,5114.0,360841.0,24.0
33364503,5114.0,360841.0,24.0
32894189,5114.0,360841.0,24.0
33532429,5114.0,360841.0,24.0
32894093,5114.0,360841.0,24.0
32836316,5114.0,360841.0,24.0
32860629,5114.0,360841.0,24.0
32937139,5114.0,360841.0,24.0
32849307,5114.0,360841.0,24.0
32921158,5114.0,360841.0,24.0
33402520,5114.0,360841.0,24.0
33208143,5114.0,360841.0,24.0
33058795,5114.0,360841.0,24.0
33051346,5114.0,360841.0,24.0
33000311,5114.0,360841.0,24.0
32994903,5114.0,360841.0,24.0
32996410,5114.0,360841.0,24.0
33044029,5114.0,360841.0,24.0
33038738,5114.0,360841.0,24.0
32969978,5114.0,360841.0,24.0
33270070,5114.0,360841.0,24.0
32910307,5114.0,360841.0,24.0
32921094,5114.0,360841.0,24.0
32878268,5114.0,360841.0,24.0
32801864,5114.0,360841.0,24.0
32891244,5114.0,360841.0,24.0
32880723,5114.0,360841.0,24.0
33117631,5114.0,360841.0,24.0
32885578,5114.0,360841.0,24.0
32866596,5114.0,360841.0,24.0
33360724,5114.0,360841.0,24.0
33210814,5114.0,360841.0,24.0
33065708,5114.0,360841.0,24.0
33097919,5114.0,360841.0,24.0
33020979,5114.0,360841.0,24.0
32996892,5114.0,360841.0,24.0
32993703,5114.0,360841.0,24.0
33013990,5114.0,360841.0,24.0
33015209,5114.0,360841.0,24.0
32966023,5114.0,360841.0,24.0
33369556,5114.0,360841.0,24.0
33009240,5114.0,360841.0,24.0
32968317,5114.0,360841.0,24.0
32914011,5114.0,360841.0,24.0
32878696,5114.0,360841.0,24.0
32932687,5114.0,360841.0,24.0
32868687,5114.0,360841.0,24.0
32818919,5114.0,360841.0,24.0
32890597,5114.0,360841.0,24.0
32838168,5114.0,360841.0,24.0
33482359,5114.0,360841.0,24.0
33077987,5114.0,360841.0,24.0
33315919,5114.0,360841.0,24.0
33083943,5114.0,360841.0,24.0
33668430,5114.0,360841.0,24.0
32995059,5114.0,360841.0,24.0
33034814,5114.0,360841.0,24.0
33000898,5114.0,360841.0,24.0
32962090,5114.0,360841.0,24.0
33001198,5114.0,360841.0,24.0
33326263,5114.0,360841.0,24.0
32969117,5114.0,360841.0,24.0
32916452,5114.0,360841.0,24.0
32877354,5114.0,360841.0,24.0
32834535,5114.0,360841.0,24.0
32875732,5114.0,360841.0,24.0
32982225,5114.0,360841.0,24.0
32795692,5114.0,360841.0,24.0
32863112,5114.0,360841.0,24.0
32857772,5114.0,360841.0,24.0
33850460,5270.0,360841.0,24.0
33456928,5270.0,360841.0,24.0
33357436,5270.0,360841.0,24.0
33355832,5270.0,360841.0,24.0
33349177,5270.0,360841.0,24.0
33347499,5270.0,360841.0,24.0
33362506,5270.0,360841.0,24.0
33574100,5270.0,360841.0,24.0
33921189,5270.0,360841.0,24.0
33358676,5270.0,360841.0,24.0
33703114,5270.0,360841.0,24.0
33310266,5270.0,360841.0,24.0
33283399,5270.0,360841.0,24.0
33357310,5270.0,360841.0,24.0
33232040,5270.0,360841.0,24.0
33183494,5270.0,360841.0,24.0
33197012,5270.0,360841.0,24.0
33187090,5270.0,360841.0,24.0
33226154,5270.0,360841.0,24.0
33171987,5270.0,360841.0,24.0
33863739,5270.0,360841.0,24.0
33442478,5270.0,360841.0,24.0
33325400,5270.0,360841.0,24.0
33349462,5270.0,360841.0,24.0
33382466,5270.0,360841.0,24.0
33337262,5270.0,360841.0,24.0
33277223,5270.0,360841.0,24.0
33282009,5270.0,360841.0,24.0
33280460,5270.0,360841.0,24.0
33320948,5270.0,360841.0,24.0
34044975,5270.0,360841.0,24.0
33267566,5270.0,360841.0,24.0
33275368,5270.0,360841.0,24.0
33786483,5270.0,360841.0,24.0
33169871,5270.0,360841.0,24.0
33193712,5270.0,360841.0,24.0
33269819,5270.0,360841.0,24.0
33322363,5270.0,360841.0,24.0
33195701,5270.0,360841.0,24.0
33148734,5270.0,360841.0,24.0
33882412,5270.0,360841.0,24.0
33436056,5270.0,360841.0,24.0
33384865,5270.0,360841.0,24.0
33304966,5270.0,360841.0,24.0
33343399,5270.0,360841.0,24.0
33421535,5270.0,360841.0,24.0
33344941,5270.0,360841.0,24.0
33327683,5270.0,360841.0,24.0
33333316,5270.0,360841.0,24.0
33297543,5270.0,360841.0,24.0
33741139,5270.0,360841.0,24.0
33366426,5270.0,360841.0,24.0
33252165,5270.0,360841.0,24.0
33251146,5270.0,360841.0,24.0
33192224,5270.0,360841.0,24.0
33237840,5270.0,360841.0,24.0
33257722,5270.0,360841.0,24.0
33589666,5270.0,360841.0,24.0
33156121,5270.0,360841.0,24.0
33753855,5270.0,360841.0,24.0
33809300,5270.0,360841.0,24.0
33460855,5270.0,360841.0,24.0
33446996,5270.0,360841.0,24.0
33356176,5270.0,360841.0,24.0
33282361,5270.0,360841.0,24.0
33329043,5270.0,360841.0,24.0
33484809,5270.0,360841.0,24.0
33295163,5270.0,360841.0,24.0
33379191,5270.0,360841.0,24.0
33283182,5270.0,360841.0,24.0
33715513,5270.0,360841.0,24.0
33482622,5270.0,360841.0,24.0
33363765,5270.0,360841.0,24.0
33143817,5270.0,360841.0,24.0
33120738,5270.0,360841.0,24.0
33146373,5270.0,360841.0,24.0
33192766,5270.0,360841.0,24.0
33140951,5270.0,360841.0,24.0
33153265,5270.0,360841.0,24.0
33181359,5270.0,360841.0,24.0
33865953,5270.0,360841.0,24.0
33477228,5270.0,360841.0,24.0
33770467,5270.0,360841.0,24.0
33959421,5270.0,360841.0,24.0
33332623,5270.0,360841.0,24.0
33339136,5270.0,360841.0,24.0
33324202,5270.0,360841.0,24.0
33326421,5270.0,360841.0,24.0
33418318,5270.0,360841.0,24.0
33301296,5270.0,360841.0,24.0
33764463,5270.0,360841.0,24.0
33267467,5270.0,360841.0,24.0
33346799,5270.0,360841.0,24.0
33187098,5270.0,360841.0,24.0
33172380,5270.0,360841.0,24.0
33180088,5270.0,360841.0,24.0
33276081,5270.0,360841.0,24.0
33246409,5270.0,360841.0,24.0
33222040,5270.0,360841.0,24.0
33216762,5270.0,360841.0,24.0
34404913,5427.0,360841.0,24.0
34151095,5427.0,360841.0,24.0
34137717,5427.0,360841.0,24.0
34144500,5427.0,360841.0,24.0
34197228,5427.0,360841.0,24.0
34092421,5427.0,360841.0,24.0
34132461,5427.0,360841.0,24.0
34584736,5427.0,360841.0,24.0
34049187,5427.0,360841.0,24.0
34114529,5427.0,360841.0,24.0
34313650,5427.0,360841.0,24.0
34004325,5427.0,360841.0,24.0
33992312,5427.0,360841.0,24.0
33963718,5427.0,360841.0,24.0
33983289,5427.0,360841.0,24.0
33989996,5427.0,360841.0,24.0
34003233,5427.0,360841.0,24.0
33909653,5427.0,360841.0,24.0
33946873,5427.0,360841.0,24.0
33981570,5427.0,360841.0,24.0
34560387,5427.0,360841.0,24.0
34232936,5427.0,360841.0,24.0
34161340,5427.0,360841.0,24.0
34114181,5427.0,360841.0,24.0
34088324,5427.0,360841.0,24.0
34173237,5427.0,360841.0,24.0
34063395,5427.0,360841.0,24.0
34123170,5427.0,360841.0,24.0
34076297,5427.0,360841.0,24.0
34197849,5427.0,360841.0,24.0
34293753,5427.0,360841.0,24.0
34586099,5427.0,360841.0,24.0
34045515,5427.0,360841.0,24.0
33966905,5427.0,360841.0,24.0
33965165,5427.0,360841.0,24.0
33980184,5427.0,360841.0,24.0
33984076,5427.0,360841.0,24.0
34096111,5427.0,360841.0,24.0
33927267,5427.0,360841.0,24.0
33934568,5427.0,360841.0,24.0
34406881,5427.0,360841.0,24.0
34188020,5427.0,360841.0,24.0
34210527,5427.0,360841.0,24.0
34123767,5427.0,360841.0,24.0
34175306,5427.0,360841.0,24.0
34147800,5427.0,360841.0,24.0
34109343,5427.0,360841.0,24.0
34131621,5427.0,360841.0,24.0
34140835,5427.0,360841.0,24.0
34122234,5427.0,360841.0,24.0
34338603,5427.0,360841.0,24.0
34078370,5427.0,360841.0,24.0
33977337,5427.0,360841.0,24.0
33951899,5427.0,360841.0,24.0
34223904,5427.0,360841.0,24.0
33956944,5427.0,360841.0,24.0
34514238,5427.0,360841.0,24.0
34291697,5427.0,360841.0,24.0
33989909,5427.0,360841.0,24.0
34026152,5427.0,360841.0,24.0
34437436,5427.0,360841.0,24.0
34137730,5427.0,360841.0,24.0
34162631,5427.0,360841.0,24.0
34108243,5427.0,360841.0,24.0
34151064,5427.0,360841.0,24.0
37244636,5427.0,360841.0,24.0
34091881,5427.0,360841.0,24.0
34172341,5427.0,360841.0,24.0
34127436,5427.0,360841.0,24.0
34115204,5427.0,360841.0,24.0
34357920,5427.0,360841.0,24.0
34032172,5427.0,360841.0,24.0
34015503,5427.0,360841.0,24.0
34037031,5427.0,360841.0,24.0
33984507,5427.0,360841.0,24.0
33926063,5427.0,360841.0,24.0
33945153,5427.0,360841.0,24.0
33995088,5427.0,360841.0,24.0
33988591,5427.0,360841.0,24.0
33955387,5427.0,360841.0,24.0
35090729,5427.0,360841.0,24.0
34137279,5427.0,360841.0,24.0
34085726,5427.0,360841.0,24.0
34114681,5427.0,360841.0,24.0
34081763,5427.0,360841.0,24.0
34167612,5427.0,360841.0,24.0
34210951,5427.0,360841.0,24.0
34087427,5427.0,360841.0,24.0
34141069,5427.0,360841.0,24.0
34125393,5427.0,360841.0,24.0
34349043,5427.0,360841.0,24.0
34040278,5427.0,360841.0,24.0
34032056,5427.0,360841.0,24.0
33924575,5427.0,360841.0,24.0
33986030,5427.0,360841.0,24.0
34018936,5427.0,360841.0,24.0
33935149,5427.0,360841.0,24.0
33918236,5427.0,360841.0,24.0
33947074,5427.0,360841.0,24.0
33938202,5427.0,360841.0,24.0
34492860,5584.0,360841.0,24.0
34341098,5584.0,360841.0,24.0
34569239,5584.0,360841.0,24.0
34904677,5584.0,360841.0,24.0
34252231,5584.0,360841.0,24.0
34327199,5584.0,360841.0,24.0
34242291,5584.0,360841.0,24.0
34251349,5584.0,360841.0,24.0
34323720,5584.0,360841.0,24.0
34328566,5584.0,360841.0,24.0
34363546,5584.0,360841.0,24.0
34126003,5584.0,360841.0,24.0
34174004,5584.0,360841.0,24.0
34075315,5584.0,360841.0,24.0
34088515,5584.0,360841.0,24.0
34135333,5584.0,360841.0,24.0
34143958,5584.0,360841.0,24.0
34218601,5584.0,360841.0,24.0
34131007,5584.0,360841.0,24.0
34088467,5584.0,360841.0,24.0
34415792,5584.0,360841.0,24.0
34289660,5584.0,360841.0,24.0
34321328,5584.0,360841.0,24.0
34218376,5584.0,360841.0,24.0
34297843,5584.0,360841.0,24.0
34275217,5584.0,360841.0,24.0
34494537,5584.0,360841.0,24.0
34237973,5584.0,360841.0,24.0
34261834,5584.0,360841.0,24.0
34776494,5584.0,360841.0,24.0
34477579,5584.0,360841.0,24.0
34222713,5584.0,360841.0,24.0
34218839,5584.0,360841.0,24.0
34087062,5584.0,360841.0,24.0
34074461,5584.0,360841.0,24.0
34156791,5584.0,360841.0,24.0
34209078,5584.0,360841.0,24.0
34131646,5584.0,360841.0,24.0
34123099,5584.0,360841.0,24.0
34121601,5584.0,360841.0,24.0
34583282,5584.0,360841.0,24.0
34275275,5584.0,360841.0,24.0
34297200,5584.0,360841.0,24.0
34315220,5584.0,360841.0,24.0
34351382,5584.0,360841.0,24.0
34231088,5584.0,360841.0,24.0
34240010,5584.0,360841.0,24.0
34285550,5584.0,360841.0,24.0
34221014,5584.0,360841.0,24.0
34280288,5584.0,360841.0,24.0
34321631,5584.0,360841.0,24.0
34498929,5584.0,360841.0,24.0
34062084,5584.0,360841.0,24.0
34650930,5584.0,360841.0,24.0
34054567,5584.0,360841.0,24.0
34133308,5584.0,360841.0,24.0
34154851,5584.0,360841.0,24.0
34247560,5584.0,360841.0,24.0
34159010,5584.0,360841.0,24.0
34113056,5584.0,360841.0,24.0
34528561,5584.0,360841.0,24.0
34352955,5584.0,360841.0,24.0
34241792,5584.0,360841.0,24.0
34262846,5584.0,360841.0,24.0
34280536,5584.0,360841.0,24.0
34365721,5584.0,360841.0,24.0
34296966,5584.0,360841.0,24.0
34228999,5584.0,360841.0,24.0
34265271,5584.0,360841.0,24.0
34269782,5584.0,360841.0,24.0
34268464,5584.0,360841.0,24.0
34094878,5584.0,360841.0,24.0
34054113,5584.0,360841.0,24.0
34092434,5584.0,360841.0,24.0
34142829,5584.0,360841.0,24.0
34118360,5584.0,360841.0,24.0
34050609,5584.0,360841.0,24.0
34494690,5584.0,360841.0,24.0
34611511,5584.0,360841.0,24.0
34060667,5584.0,360841.0,24.0
34496839,5584.0,360841.0,24.0
34415635,5584.0,360841.0,24.0
34271304,5584.0,360841.0,24.0
34260015,5584.0,360841.0,24.0
34299299,5584.0,360841.0,24.0
34277975,5584.0,360841.0,24.0
34265921,5584.0,360841.0,24.0
34255285,5584.0,360841.0,24.0
34281869,5584.0,360841.0,24.0
34261587,5584.0,360841.0,24.0
34321735,5584.0,360841.0,24.0
34159689,5584.0,360841.0,24.0
34193294,5584.0,360841.0,24.0
34145453,5584.0,360841.0,24.0
34223395,5584.0,360841.0,24.0
34103423,5584.0,360841.0,24.0
34082217,5584.0,360841.0,24.0
34121384,5584.0,360841.0,24.0
34111243,5584.0,360841.0,24.0
34069238,5584.0,360841.0,24.0
35425571,5740.0,360841.0,24.0
34640340,5740.0,360841.0,24.0
34686169,5740.0,360841.0,24.0
34638996,5740.0,360841.0,24.0
34633036,5740.0,360841.0,24.0
34565632,5740.0,360841.0,24.0
34606133,5740.0,360841.0,24.0
34745251,5740.0,360841.0,24.0
34565559,5740.0,360841.0,24.0
34632877,5740.0,360841.0,24.0
34611054,5740.0,360841.0,24.0
34463899,5740.0,360841.0,24.0
34436422,5740.0,360841.0,24.0
34446665,5740.0,360841.0,24.0
34455046,5740.0,360841.0,24.0
34465728,5740.0,360841.0,24.0
34479290,5740.0,360841.0,24.0
34454592,5740.0,360841.0,24.0
34539793,5740.0,360841.0,24.0
34416916,5740.0,360841.0,24.0
34850223,5740.0,360841.0,24.0
34672817,5740.0,360841.0,24.0
34684585,5740.0,360841.0,24.0
35015143,5740.0,360841.0,24.0
34553121,5740.0,360841.0,24.0
35126126,5740.0,360841.0,24.0
34556062,5740.0,360841.0,24.0
34567412,5740.0,360841.0,24.0
34642108,5740.0,360841.0,24.0
34600203,5740.0,360841.0,24.0
34602644,5740.0,360841.0,24.0
34482651,5740.0,360841.0,24.0
34441596,5740.0,360841.0,24.0
34493608,5740.0,360841.0,24.0
34424739,5740.0,360841.0,24.0
34420982,5740.0,360841.0,24.0
34463010,5740.0,360841.0,24.0
34439384,5740.0,360841.0,24.0
34442702,5740.0,360841.0,24.0
34477030,5740.0,360841.0,24.0
34818900,5740.0,360841.0,24.0
34650730,5740.0,360841.0,24.0
34679240,5740.0,360841.0,24.0
34576405,5740.0,360841.0,24.0
34630384,5740.0,360841.0,24.0
34590599,5740.0,360841.0,24.0
34607800,5740.0,360841.0,24.0
34637097,5740.0,360841.0,24.0
34789716,5740.0,360841.0,24.0
34730546,5740.0,360841.0,24.0
34656280,5740.0,360841.0,24.0
34463258,5740.0,360841.0,24.0
34472502,5740.0,360841.0,24.0
34431247,5740.0,360841.0,24.0
34466670,5740.0,360841.0,24.0
34444373,5740.0,360841.0,24.0
34459352,5740.0,360841.0,24.0
34463679,5740.0,360841.0,24.0
34431953,5740.0,360841.0,24.0
34401015,5740.0,360841.0,24.0
34909720,5740.0,360841.0,24.0
34718046,5740.0,360841.0,24.0
34658445,5740.0,360841.0,24.0
34666459,5740.0,360841.0,24.0
34579492,5740.0,360841.0,24.0
34602353,5740.0,360841.0,24.0
34606441,5740.0,360841.0,24.0
34601573,5740.0,360841.0,24.0
34612323,5740.0,360841.0,24.0
34578815,5740.0,360841.0,24.0
34625919,5740.0,360841.0,24.0
34533593,5740.0,360841.0,24.0
34838486,5740.0,360841.0,24.0
34389422,5740.0,360841.0,24.0
35002958,5740.0,360841.0,24.0
34447365,5740.0,360841.0,24.0
34464465,5740.0,360841.0,24.0
34402107,5740.0,360841.0,24.0
34380310,5740.0,360841.0,24.0
34544220,5740.0,360841.0,24.0
34868098,5740.0,360841.0,24.0
34753018,5740.0,360841.0,24.0
34596703,5740.0,360841.0,24.0
34604950,5740.0,360841.0,24.0
34667094,5740.0,360841.0,24.0
34646014,5740.0,360841.0,24.0
34582417,5740.0,360841.0,24.0
34618863,5740.0,360841.0,24.0
34611075,5740.0,360841.0,24.0
34743765,5740.0,360841.0,24.0
34672963,5740.0,360841.0,24.0
34447003,5740.0,360841.0,24.0
34540742,5740.0,360841.0,24.0
34400600,5740.0,360841.0,24.0
34379909,5740.0,360841.0,24.0
34463187,5740.0,360841.0,24.0
34382926,5740.0,360841.0,24.0
34430449,5740.0,360841.0,24.0
34908363,5740.0,360841.0,24.0
35056631,5740.0,360841.0,24.0
35297114,5897.0,360841.0,24.0
35156592,5897.0,360841.0,24.0
35118993,5897.0,360841.0,24.0
35115996,5897.0,360841.0,24.0
35105038,5897.0,360841.0,24.0
35086904,5897.0,360841.0,24.0
35113511,5897.0,360841.0,24.0
34989871,5897.0,360841.0,24.0
35124487,5897.0,360841.0,24.0
35080722,5897.0,360841.0,24.0
38172259,5897.0,360841.0,24.0
34958045,5897.0,360841.0,24.0
34970658,5897.0,360841.0,24.0
35001956,5897.0,360841.0,24.0
34925772,5897.0,360841.0,24.0
34864331,5897.0,360841.0,24.0
34930357,5897.0,360841.0,24.0
35004688,5897.0,360841.0,24.0
34926388,5897.0,360841.0,24.0
35186761,5897.0,360841.0,24.0
35763886,5897.0,360841.0,24.0
35055731,5897.0,360841.0,24.0
35108259,5897.0,360841.0,24.0
35067016,5897.0,360841.0,24.0
35083246,5897.0,360841.0,24.0
35186897,5897.0,360841.0,24.0
35061006,5897.0,360841.0,24.0
35063688,5897.0,360841.0,24.0
35215015,5897.0,360841.0,24.0
35074691,5897.0,360841.0,24.0
35084646,5897.0,360841.0,24.0
34920623,5897.0,360841.0,24.0
34971749,5897.0,360841.0,24.0
35039426,5897.0,360841.0,24.0
34969573,5897.0,360841.0,24.0
34920781,5897.0,360841.0,24.0
34979335,5897.0,360841.0,24.0
34933657,5897.0,360841.0,24.0
35019964,5897.0,360841.0,24.0
34908963,5897.0,360841.0,24.0
35218758,5897.0,360841.0,24.0
35115674,5897.0,360841.0,24.0
35163810,5897.0,360841.0,24.0
35428847,5897.0,360841.0,24.0
35118911,5897.0,360841.0,24.0
35646918,5897.0,360841.0,24.0
35096195,5897.0,360841.0,24.0
35014170,5897.0,360841.0,24.0
35051609,5897.0,360841.0,24.0
35159036,5897.0,360841.0,24.0
35137518,5897.0,360841.0,24.0
34951127,5897.0,360841.0,24.0
35028058,5897.0,360841.0,24.0
35105775,5897.0,360841.0,24.0
34983432,5897.0,360841.0,24.0
34914885,5897.0,360841.0,24.0
34961013,5897.0,360841.0,24.0
35011294,5897.0,360841.0,24.0
35110376,5897.0,360841.0,24.0
35026662,5897.0,360841.0,24.0
35276447,5897.0,360841.0,24.0
35078874,5897.0,360841.0,24.0
35113818,5897.0,360841.0,24.0
35108243,5897.0,360841.0,24.0
35073693,5897.0,360841.0,24.0
35041463,5897.0,360841.0,24.0
35081758,5897.0,360841.0,24.0
35071485,5897.0,360841.0,24.0
35066844,5897.0,360841.0,24.0
35349209,5897.0,360841.0,24.0
35194004,5897.0,360841.0,24.0
34961440,5897.0,360841.0,24.0
34884270,5897.0,360841.0,24.0
35083738,5897.0,360841.0,24.0
34978465,5897.0,360841.0,24.0
34969213,5897.0,360841.0,24.0
34998735,5897.0,360841.0,24.0
34897251,5897.0,360841.0,24.0
35014183,5897.0,360841.0,24.0
34988298,5897.0,360841.0,24.0
35275477,5897.0,360841.0,24.0
35123684,5897.0,360841.0,24.0
35145792,5897.0,360841.0,24.0
35079249,5897.0,360841.0,24.0
35097223,5897.0,360841.0,24.0
35102286,5897.0,360841.0,24.0
35148992,5897.0,360841.0,24.0
35100168,5897.0,360841.0,24.0
35092290,5897.0,360841.0,24.0
35075938,5897.0,360841.0,24.0
35145383,5897.0,360841.0,24.0
35167653,5897.0,360841.0,24.0
35026215,5897.0,360841.0,24.0
35524553,5897.0,360841.0,24.0
34903497,5897.0,360841.0,24.0
34948523,5897.0,360841.0,24.0
34934035,5897.0,360841.0,24.0
34950889,5897.0,360841.0,24.0
35061386,5897.0,360841.0,24.0
34996893,5897.0,360841.0,24.0
35346444,6054.0,360841.0,24.0
35319220,6054.0,360841.0,24.0
35237861,6054.0,360841.0,24.0
35240902,6054.0,360841.0,24.0
35226841,6054.0,360841.0,24.0
35307419,6054.0,360841.0,24.0
35276784,6054.0,360841.0,24.0
35297608,6054.0,360841.0,24.0
35279000,6054.0,360841.0,24.0
35331520,6054.0,360841.0,24.0
35265285,6054.0,360841.0,24.0
35150508,6054.0,360841.0,24.0
35165246,6054.0,360841.0,24.0
35131059,6054.0,360841.0,24.0
35479504,6054.0,360841.0,24.0
35114290,6054.0,360841.0,24.0
35638042,6054.0,360841.0,24.0
35157775,6054.0,360841.0,24.0
35100952,6054.0,360841.0,24.0
35030106,6054.0,360841.0,24.0
35425119,6054.0,360841.0,24.0
35243829,6054.0,360841.0,24.0
35182604,6054.0,360841.0,24.0
35349727,6054.0,360841.0,24.0
35183127,6054.0,360841.0,24.0
35236992,6054.0,360841.0,24.0
35229768,6054.0,360841.0,24.0
35263136,6054.0,360841.0,24.0
35268925,6054.0,360841.0,24.0
35232633,6054.0,360841.0,24.0
35230143,6054.0,360841.0,24.0
35137984,6054.0,360841.0,24.0
35108722,6054.0,360841.0,24.0
35072914,6054.0,360841.0,24.0
35074647,6054.0,360841.0,24.0
35077015,6054.0,360841.0,24.0
35052625,6054.0,360841.0,24.0
35081578,6054.0,360841.0,24.0
35332922,6054.0,360841.0,24.0
35107104,6054.0,360841.0,24.0
35432877,6054.0,360841.0,24.0
35272655,6054.0,360841.0,24.0
35340970,6054.0,360841.0,24.0
35313668,6054.0,360841.0,24.0
35204027,6054.0,360841.0,24.0
35250192,6054.0,360841.0,24.0
35263916,6054.0,360841.0,24.0
35289297,6054.0,360841.0,24.0
35234537,6054.0,360841.0,24.0
35206603,6054.0,360841.0,24.0
35199630,6054.0,360841.0,24.0
35113844,6054.0,360841.0,24.0
35102278,6054.0,360841.0,24.0
35133185,6054.0,360841.0,24.0
35114843,6054.0,360841.0,24.0
35081791,6054.0,360841.0,24.0
35121154,6054.0,360841.0,24.0
35056520,6054.0,360841.0,24.0
35087811,6054.0,360841.0,24.0
35162087,6054.0,360841.0,24.0
35348287,6054.0,360841.0,24.0
35231118,6054.0,360841.0,24.0
35645225,6054.0,360841.0,24.0
35232983,6054.0,360841.0,24.0
35841618,6054.0,360841.0,24.0
35198341,6054.0,360841.0,24.0
35211777,6054.0,360841.0,24.0
35232723,6054.0,360841.0,24.0
35176306,6054.0,360841.0,24.0
35365712,6054.0,360841.0,24.0
35236934,6054.0,360841.0,24.0
35201687,6054.0,360841.0,24.0
35096564,6054.0,360841.0,24.0
35067112,6054.0,360841.0,24.0
35012879,6054.0,360841.0,24.0
35124331,6054.0,360841.0,24.0
35069282,6054.0,360841.0,24.0
35105465,6054.0,360841.0,24.0
35147847,6054.0,360841.0,24.0
35099911,6054.0,360841.0,24.0
35327484,6054.0,360841.0,24.0
35294997,6054.0,360841.0,24.0
35248031,6054.0,360841.0,24.0
35233996,6054.0,360841.0,24.0
35268739,6054.0,360841.0,24.0
35292817,6054.0,360841.0,24.0
35291648,6054.0,360841.0,24.0
35540446,6054.0,360841.0,24.0
35264442,6054.0,360841.0,24.0
35854208,6054.0,360841.0,24.0
35301937,6054.0,360841.0,24.0
35203911,6054.0,360841.0,24.0
35110601,6054.0,360841.0,24.0
35237780,6054.0,360841.0,24.0
35127624,6054.0,360841.0,24.0
35142438,6054.0,360841.0,24.0
35130971,6054.0,360841.0,24.0
35103486,6054.0,360841.0,24.0
35130615,6054.0,360841.0,24.0
35099683,6054.0,360841.0,24.0
36110428,6211.0,360841.0,24.0
35867496,6211.0,360841.0,24.0
35819322,6211.0,360841.0,24.0
35837453,6211.0,360841.0,24.0
35785930,6211.0,360841.0,24.0
35804110,6211.0,360841.0,24.0
35885019,6211.0,360841.0,24.0
35824302,6211.0,360841.0,24.0
35967248,6211.0,360841.0,24.0
35823179,6211.0,360841.0,24.0
35984071,6211.0,360841.0,24.0
35702790,6211.0,360841.0,24.0
35724742,6211.0,360841.0,24.0
35730405,6211.0,360841.0,24.0
35761218,6211.0,360841.0,24.0
35707335,6211.0,360841.0,24.0
35696450,6211.0,360841.0,24.0
35787283,6211.0,360841.0,24.0
35689844,6211.0,360841.0,24.0
35711328,6211.0,360841.0,24.0
35971234,6211.0,360841.0,24.0
35900327,6211.0,360841.0,24.0
35829199,6211.0,360841.0,24.0
35829456,6211.0,360841.0,24.0
35867038,6211.0,360841.0,24.0
35796712,6211.0,360841.0,24.0
35839003,6211.0,360841.0,24.0
35844307,6211.0,360841.0,24.0
35836554,6211.0,360841.0,24.0
35878377,6211.0,360841.0,24.0
35974384,6211.0,360841.0,24.0
35662552,6211.0,360841.0,24.0
36099111,6211.0,360841.0,24.0
35747552,6211.0,360841.0,24.0
36238600,6211.0,360841.0,24.0
36035792,6211.0,360841.0,24.0
35695723,6211.0,360841.0,24.0
35804523,6211.0,360841.0,24.0
35680695,6211.0,360841.0,24.0
35706933,6211.0,360841.0,24.0
36035011,6211.0,360841.0,24.0
35884249,6211.0,360841.0,24.0
35840885,6211.0,360841.0,24.0
35818819,6211.0,360841.0,24.0
35834955,6211.0,360841.0,24.0
35832662,6211.0,360841.0,24.0
35860786,6211.0,360841.0,24.0
35878867,6211.0,360841.0,24.0
35897505,6211.0,360841.0,24.0
35794742,6211.0,360841.0,24.0
35878487,6211.0,360841.0,24.0
35744256,6211.0,360841.0,24.0
35750072,6211.0,360841.0,24.0
37988532,6211.0,360841.0,24.0
36447644,6211.0,360841.0,24.0
35771240,6211.0,360841.0,24.0
35626555,6211.0,360841.0,24.0
36027431,6211.0,360841.0,24.0
36226300,6211.0,360841.0,24.0
35682106,6211.0,360841.0,24.0
36023573,6211.0,360841.0,24.0
36029208,6211.0,360841.0,24.0
35798964,6211.0,360841.0,24.0
35925029,6211.0,360841.0,24.0
35880207,6211.0,360841.0,24.0
35828887,6211.0,360841.0,24.0
35957777,6211.0,360841.0,24.0
35814593,6211.0,360841.0,24.0
35799199,6211.0,360841.0,24.0
35815651,6211.0,360841.0,24.0
35918786,6211.0,360841.0,24.0
35750180,6211.0,360841.0,24.0
35732624,6211.0,360841.0,24.0
35741923,6211.0,360841.0,24.0
35660138,6211.0,360841.0,24.0
35760031,6211.0,360841.0,24.0
35750054,6211.0,360841.0,24.0
35727567,6211.0,360841.0,24.0
35692395,6211.0,360841.0,24.0
35768155,6211.0,360841.0,24.0
36117444,6211.0,360841.0,24.0
36416045,6211.0,360841.0,24.0
35815932,6211.0,360841.0,24.0
35917968,6211.0,360841.0,24.0
35893051,6211.0,360841.0,24.0
35833629,6211.0,360841.0,24.0
35817833,6211.0,360841.0,24.0
35876963,6211.0,360841.0,24.0
35941664,6211.0,360841.0,24.0
35807210,6211.0,360841.0,24.0
35864694,6211.0,360841.0,24.0
35739951,6211.0,360841.0,24.0
35718131,6211.0,360841.0,24.0
35628125,6211.0,360841.0,24.0
35708577,6211.0,360841.0,24.0
35741136,6211.0,360841.0,24.0
35802556,6211.0,360841.0,24.0
35706351,6211.0,360841.0,24.0
35707272,6211.0,360841.0,24.0
35631297,6211.0,360841.0,24.0
35756275,6367.0,360841.0,24.0
35984052,6367.0,360841.0,24.0
35610414,6367.0,360841.0,24.0
36267635,6367.0,360841.0,24.0
35675707,6367.0,360841.0,24.0
35798570,6367.0,360841.0,24.0
35677833,6367.0,360841.0,24.0
35815577,6367.0,360841.0,24.0
35719985,6367.0,360841.0,24.0
35728010,6367.0,360841.0,24.0
35814325,6367.0,360841.0,24.0
35528975,6367.0,360841.0,24.0
35599263,6367.0,360841.0,24.0
35686881,6367.0,360841.0,24.0
35619384,6367.0,360841.0,24.0
35488120,6367.0,360841.0,24.0
35470743,6367.0,360841.0,24.0
35530125,6367.0,360841.0,24.0
35508520,6367.0,360841.0,24.0
35545696,6367.0,360841.0,24.0
35889431,6367.0,360841.0,24.0
35738217,6367.0,360841.0,24.0
35669512,6367.0,360841.0,24.0
35757250,6367.0,360841.0,24.0
35673802,6367.0,360841.0,24.0
35885025,6367.0,360841.0,24.0
35661442,6367.0,360841.0,24.0
36168385,6367.0,360841.0,24.0
35749083,6367.0,360841.0,24.0
35671571,6367.0,360841.0,24.0
35718264,6367.0,360841.0,24.0
35574264,6367.0,360841.0,24.0
35620254,6367.0,360841.0,24.0
35562886,6367.0,360841.0,24.0
35532545,6367.0,360841.0,24.0
35489495,6367.0,360841.0,24.0
35506898,6367.0,360841.0,24.0
35525816,6367.0,360841.0,24.0
35480915,6367.0,360841.0,24.0
35497408,6367.0,360841.0,24.0
35836153,6367.0,360841.0,24.0
35692990,6367.0,360841.0,24.0
35741791,6367.0,360841.0,24.0
35653417,6367.0,360841.0,24.0
35593546,6367.0,360841.0,24.0
35689487,6367.0,360841.0,24.0
35700336,6367.0,360841.0,24.0
35694635,6367.0,360841.0,24.0
35760186,6367.0,360841.0,24.0
35647568,6367.0,360841.0,24.0
36310582,6367.0,360841.0,24.0
35482281,6367.0,360841.0,24.0
35513013,6367.0,360841.0,24.0
35538359,6367.0,360841.0,24.0
35448334,6367.0,360841.0,24.0
35618296,6367.0,360841.0,24.0
35603452,6367.0,360841.0,24.0
35678340,6367.0,360841.0,24.0
35538751,6367.0,360841.0,24.0
35598582,6367.0,360841.0,24.0
35898402,6367.0,360841.0,24.0
35831813,6367.0,360841.0,24.0
35627393,6367.0,360841.0,24.0
35683419,6367.0,360841.0,24.0
35708484,6367.0,360841.0,24.0
35646097,6367.0,360841.0,24.0
35782420,6367.0,360841.0,24.0
35650568,6367.0,360841.0,24.0
35604266,6367.0,360841.0,24.0
35804016,6367.0,360841.0,24.0
35720341,6367.0,360841.0,24.0
35569989,6367.0,360841.0,24.0
35515386,6367.0,360841.0,24.0
35475169,6367.0,360841.0,24.0
35924926,6367.0,360841.0,24.0
36145211,6367.0,360841.0,24.0
35430517,6367.0,360841.0,24.0
35412204,6367.0,360841.0,24.0
35509727,6367.0,360841.0,24.0
35517138,6367.0,360841.0,24.0
35750974,6367.0,360841.0,24.0
35683393,6367.0,360841.0,24.0
35764646,6367.0,360841.0,24.0
35635956,6367.0,360841.0,24.0
35649988,6367.0,360841.0,24.0
35716365,6367.0,360841.0,24.0
35646457,6367.0,360841.0,24.0
35730494,6367.0,360841.0,24.0
35738297,6367.0,360841.0,24.0
35663824,6367.0,360841.0,24.0
35665326,6367.0,360841.0,24.0
35713430,6367.0,360841.0,24.0
35591091,6367.0,360841.0,24.0
35562178,6367.0,360841.0,24.0
35516059,6367.0,360841.0,24.0
35581401,6367.0,360841.0,24.0
35641592,6367.0,360841.0,24.0
35867234,6367.0,360841.0,24.0
35509232,6367.0,360841.0,24.0
36120435,6367.0,360841.0,24.0
36124501,6524.0,360841.0,24.0
35894236,6524.0,360841.0,24.0
35901395,6524.0,360841.0,24.0
36047655,6524.0,360841.0,24.0
36014778,6524.0,360841.0,24.0
35976841,6524.0,360841.0,24.0
35930769,6524.0,360841.0,24.0
35877178,6524.0,360841.0,24.0
35950819,6524.0,360841.0,24.0
35922775,6524.0,360841.0,24.0
36021444,6524.0,360841.0,24.0
35850654,6524.0,360841.0,24.0
35790471,6524.0,360841.0,24.0
35793346,6524.0,360841.0,24.0
35800181,6524.0,360841.0,24.0
35803696,6524.0,360841.0,24.0
35801785,6524.0,360841.0,24.0
35702996,6524.0,360841.0,24.0
35749414,6524.0,360841.0,24.0
35806173,6524.0,360841.0,24.0
36533780,6524.0,360841.0,24.0
35887931,6524.0,360841.0,24.0
35934516,6524.0,360841.0,24.0
35925077,6524.0,360841.0,24.0
35953965,6524.0,360841.0,24.0
35881252,6524.0,360841.0,24.0
35921818,6524.0,360841.0,24.0
35839603,6524.0,360841.0,24.0
35981052,6524.0,360841.0,24.0
35940937,6524.0,360841.0,24.0
35889058,6524.0,360841.0,24.0
35843482,6524.0,360841.0,24.0
35740650,6524.0,360841.0,24.0
35749815,6524.0,360841.0,24.0
35834384,6524.0,360841.0,24.0
35712135,6524.0,360841.0,24.0
35751642,6524.0,360841.0,24.0
35720240,6524.0,360841.0,24.0
35784805,6524.0,360841.0,24.0
35734284,6524.0,360841.0,24.0
36088498,6524.0,360841.0,24.0
36059677,6524.0,360841.0,24.0
35836969,6524.0,360841.0,24.0
36256765,6524.0,360841.0,24.0
36506358,6524.0,360841.0,24.0
35896324,6524.0,360841.0,24.0
35913802,6524.0,360841.0,24.0
35922346,6524.0,360841.0,24.0
35969958,6524.0,360841.0,24.0
35890373,6524.0,360841.0,24.0
35985497,6524.0,360841.0,24.0
35677458,6524.0,360841.0,24.0
35850598,6524.0,360841.0,24.0
35763331,6524.0,360841.0,24.0
35774447,6524.0,360841.0,24.0
35757217,6524.0,360841.0,24.0
35766440,6524.0,360841.0,24.0
35720025,6524.0,360841.0,24.0
35800136,6524.0,360841.0,24.0
35815314,6524.0,360841.0,24.0
36073656,6524.0,360841.0,24.0
35943299,6524.0,360841.0,24.0
35946141,6524.0,360841.0,24.0
36016955,6524.0,360841.0,24.0
36064549,6524.0,360841.0,24.0
35928620,6524.0,360841.0,24.0
36109423,6524.0,360841.0,24.0
35958867,6524.0,360841.0,24.0
35964872,6524.0,360841.0,24.0
36506099,6524.0,360841.0,24.0
35948430,6524.0,360841.0,24.0
35663281,6524.0,360841.0,24.0
35739713,6524.0,360841.0,24.0
35798325,6524.0,360841.0,24.0
35791207,6524.0,360841.0,24.0
35784830,6524.0,360841.0,24.0
35728106,6524.0,360841.0,24.0
35693235,6524.0,360841.0,24.0
35716879,6524.0,360841.0,24.0
35735398,6524.0,360841.0,24.0
36086605,6524.0,360841.0,24.0
35978320,6524.0,360841.0,24.0
35862911,6524.0,360841.0,24.0
35953105,6524.0,360841.0,24.0
35874016,6524.0,360841.0,24.0
35964845,6524.0,360841.0,24.0
35939515,6524.0,360841.0,24.0
35914897,6524.0,360841.0,24.0
35909499,6524.0,360841.0,24.0
35953012,6524.0,360841.0,24.0
36310952,6524.0,360841.0,24.0
36334182,6524.0,360841.0,24.0
35726978,6524.0,360841.0,24.0
38037723,6524.0,360841.0,24.0
36520218,6524.0,360841.0,24.0
35819572,6524.0,360841.0,24.0
35792817,6524.0,360841.0,24.0
35823193,6524.0,360841.0,24.0
35771766,6524.0,360841.0,24.0
35735822,6524.0,360841.0,24.0
36404932,6681.0,360841.0,24.0
36237421,6681.0,360841.0,24.0
36149709,6681.0,360841.0,24.0
36186096,6681.0,360841.0,24.0
36158378,6681.0,360841.0,24.0
36150929,6681.0,360841.0,24.0
36147681,6681.0,360841.0,24.0
36206297,6681.0,360841.0,24.0
36162613,6681.0,360841.0,24.0
36183303,6681.0,360841.0,24.0
36486600,6681.0,360841.0,24.0
36074105,6681.0,360841.0,24.0
35949299,6681.0,360841.0,24.0
36600673,6681.0,360841.0,24.0
35996507,6681.0,360841.0,24.0
35973250,6681.0,360841.0,24.0
36077289,6681.0,360841.0,24.0
36014633,6681.0,360841.0,24.0
35960942,6681.0,360841.0,24.0
35912351,6681.0,360841.0,24.0
36432264,6681.0,360841.0,24.0
36190423,6681.0,360841.0,24.0
36098521,6681.0,360841.0,24.0
36135787,6681.0,360841.0,24.0
36206580,6681.0,360841.0,24.0
36256958,6681.0,360841.0,24.0
36251617,6681.0,360841.0,24.0
36239341,6681.0,360841.0,24.0
36247534,6681.0,360841.0,24.0
36189356,6681.0,360841.0,24.0
36142876,6681.0,360841.0,24.0
36009504,6681.0,360841.0,24.0
36060324,6681.0,360841.0,24.0
35966169,6681.0,360841.0,24.0
35967082,6681.0,360841.0,24.0
36373756,6681.0,360841.0,24.0
36061422,6681.0,360841.0,24.0
36556030,6681.0,360841.0,24.0
35975868,6681.0,360841.0,24.0
35972741,6681.0,360841.0,24.0
36420532,6681.0,360841.0,24.0
36275895,6681.0,360841.0,24.0
36222285,6681.0,360841.0,24.0
36145341,6681.0,360841.0,24.0
36231150,6681.0,360841.0,24.0
36140231,6681.0,360841.0,24.0
36253420,6681.0,360841.0,24.0
36097386,6681.0,360841.0,24.0
36151543,6681.0,360841.0,24.0
36187659,6681.0,360841.0,24.0
36126775,6681.0,360841.0,24.0
35953236,6681.0,360841.0,24.0
35945264,6681.0,360841.0,24.0
36073170,6681.0,360841.0,24.0
36012127,6681.0,360841.0,24.0
35878741,6681.0,360841.0,24.0
35974882,6681.0,360841.0,24.0
36025029,6681.0,360841.0,24.0
36007502,6681.0,360841.0,24.0
35973806,6681.0,360841.0,24.0
36887571,6681.0,360841.0,24.0
36210388,6681.0,360841.0,24.0
36263336,6681.0,360841.0,24.0
36152260,6681.0,360841.0,24.0
36210462,6681.0,360841.0,24.0
36177880,6681.0,360841.0,24.0
36175047,6681.0,360841.0,24.0
36225090,6681.0,360841.0,24.0
36136141,6681.0,360841.0,24.0
36158768,6681.0,360841.0,24.0
36085243,6681.0,360841.0,24.0
36058674,6681.0,360841.0,24.0
35948346,6681.0,360841.0,24.0
36080561,6681.0,360841.0,24.0
36048582,6681.0,360841.0,24.0
35997721,6681.0,360841.0,24.0
35981839,6681.0,360841.0,24.0
36039173,6681.0,360841.0,24.0
35969052,6681.0,360841.0,24.0
36012952,6681.0,360841.0,24.0
36307289,6681.0,360841.0,24.0
36160624,6681.0,360841.0,24.0
36363036,6681.0,360841.0,24.0
36198518,6681.0,360841.0,24.0
36717906,6681.0,360841.0,24.0
36184898,6681.0,360841.0,24.0
36123678,6681.0,360841.0,24.0
36159529,6681.0,360841.0,24.0
36125477,6681.0,360841.0,24.0
36175679,6681.0,360841.0,24.0
36221522,6681.0,360841.0,24.0
36087212,6681.0,360841.0,24.0
35869627,6681.0,360841.0,24.0
35981333,6681.0,360841.0,24.0
36032948,6681.0,360841.0,24.0
35912476,6681.0,360841.0,24.0
36105651,6681.0,360841.0,24.0
36010792,6681.0,360841.0,24.0
35986069,6681.0,360841.0,24.0
35905809,6681.0,360841.0,24.0
36449726,6837.0,360841.0,24.0
36268953,6837.0,360841.0,24.0
36288115,6837.0,360841.0,24.0
36317297,6837.0,360841.0,24.0
36489665,6837.0,360841.0,24.0
36288368,6837.0,360841.0,24.0
36786307,6837.0,360841.0,24.0
36261706,6837.0,360841.0,24.0
36287564,6837.0,360841.0,24.0
36319119,6837.0,360841.0,24.0
36313630,6837.0,360841.0,24.0
36074318,6837.0,360841.0,24.0
35987617,6837.0,360841.0,24.0
36036339,6837.0,360841.0,24.0
36100771,6837.0,360841.0,24.0
36044792,6837.0,360841.0,24.0
36005063,6837.0,360841.0,24.0
36004675,6837.0,360841.0,24.0
35947675,6837.0,360841.0,24.0
36027891,6837.0,360841.0,24.0
36388735,6837.0,360841.0,24.0
36226605,6837.0,360841.0,24.0
36284956,6837.0,360841.0,24.0
36200870,6837.0,360841.0,24.0
36320203,6837.0,360841.0,24.0
36230481,6837.0,360841.0,24.0
36172803,6837.0,360841.0,24.0
36365969,6837.0,360841.0,24.0
36302239,6837.0,360841.0,24.0
36500409,6837.0,360841.0,24.0
36233118,6837.0,360841.0,24.0
36026232,6837.0,360841.0,24.0
36079732,6837.0,360841.0,24.0
36054236,6837.0,360841.0,24.0
36106762,6837.0,360841.0,24.0
36094681,6837.0,360841.0,24.0
36033638,6837.0,360841.0,24.0
35916079,6837.0,360841.0,24.0
36115914,6837.0,360841.0,24.0
36008011,6837.0,360841.0,24.0
36463463,6837.0,360841.0,24.0
36287893,6837.0,360841.0,24.0
36247098,6837.0,360841.0,24.0
36356918,6837.0,360841.0,24.0
36244625,6837.0,360841.0,24.0
36220900,6837.0,360841.0,24.0
36210537,6837.0,360841.0,24.0
36240323,6837.0,360841.0,24.0
36177703,6837.0,360841.0,24.0
36190766,6837.0,360841.0,24.0
36213689,6837.0,360841.0,24.0
36227820,6837.0,360841.0,24.0
36111513,6837.0,360841.0,24.0
36652618,6837.0,360841.0,24.0
35961545,6837.0,360841.0,24.0
36062609,6837.0,360841.0,24.0
36016676,6837.0,360841.0,24.0
35917153,6837.0,360841.0,24.0
35991774,6837.0,360841.0,24.0
36105674,6837.0,360841.0,24.0
36426924,6837.0,360841.0,24.0
36295194,6837.0,360841.0,24.0
36265419,6837.0,360841.0,24.0
36247800,6837.0,360841.0,24.0
36288900,6837.0,360841.0,24.0
36265402,6837.0,360841.0,24.0
36231796,6837.0,360841.0,24.0
36255661,6837.0,360841.0,24.0
36240652,6837.0,360841.0,24.0
36232310,6837.0,360841.0,24.0
36174721,6837.0,360841.0,24.0
35988526,6837.0,360841.0,24.0
36061909,6837.0,360841.0,24.0
35970237,6837.0,360841.0,24.0
36095005,6837.0,360841.0,24.0
35982330,6837.0,360841.0,24.0
36440249,6837.0,360841.0,24.0
36552885,6837.0,360841.0,24.0
35984427,6837.0,360841.0,24.0
36047035,6837.0,360841.0,24.0
36393854,6837.0,360841.0,24.0
36388931,6837.0,360841.0,24.0
36287110,6837.0,360841.0,24.0
36249713,6837.0,360841.0,24.0
36346293,6837.0,360841.0,24.0
36281434,6837.0,360841.0,24.0
36310201,6837.0,360841.0,24.0
36240336,6837.0,360841.0,24.0
36318135,6837.0,360841.0,24.0
36194374,6837.0,360841.0,24.0
36283489,6837.0,360841.0,24.0
36032569,6837.0,360841.0,24.0
36058239,6837.0,360841.0,24.0
36016115,6837.0,360841.0,24.0
36123680,6837.0,360841.0,24.0
36050251,6837.0,360841.0,24.0
36077542,6837.0,360841.0,24.0
35988604,6837.0,360841.0,24.0
36118637,6837.0,360841.0,24.0
36322202,6837.0,360841.0,24.0
36841384,6994.0,360841.0,24.0
36773707,6994.0,360841.0,24.0
36650113,6994.0,360841.0,24.0
36696246,6994.0,360841.0,24.0
36672591,6994.0,360841.0,24.0
36766751,6994.0,360841.0,24.0
36655538,6994.0,360841.0,24.0
36649075,6994.0,360841.0,24.0
36648426,6994.0,360841.0,24.0
36594777,6994.0,360841.0,24.0
36799898,6994.0,360841.0,24.0
36532899,6994.0,360841.0,24.0
36550810,6994.0,360841.0,24.0
36576482,6994.0,360841.0,24.0
36556589,6994.0,360841.0,24.0
36491728,6994.0,360841.0,24.0
36467658,6994.0,360841.0,24.0
36592834,6994.0,360841.0,24.0
36551188,6994.0,360841.0,24.0
36474491,6994.0,360841.0,24.0
36955518,6994.0,360841.0,24.0
37205376,6994.0,360841.0,24.0
36597757,6994.0,360841.0,24.0
36681755,6994.0,360841.0,24.0
36605186,6994.0,360841.0,24.0
36599784,6994.0,360841.0,24.0
36682440,6994.0,360841.0,24.0
36565984,6994.0,360841.0,24.0
36644212,6994.0,360841.0,24.0
36707709,6994.0,360841.0,24.0
36710846,6994.0,360841.0,24.0
36542067,6994.0,360841.0,24.0
36475469,6994.0,360841.0,24.0
36541077,6994.0,360841.0,24.0
36461540,6994.0,360841.0,24.0
36387130,6994.0,360841.0,24.0
36586209,6994.0,360841.0,24.0
36507998,6994.0,360841.0,24.0
36495824,6994.0,360841.0,24.0
36453982,6994.0,360841.0,24.0
36857228,6994.0,360841.0,24.0
36762779,6994.0,360841.0,24.0
36642695,6994.0,360841.0,24.0
36647916,6994.0,360841.0,24.0
36992565,6994.0,360841.0,24.0
37153103,6994.0,360841.0,24.0
36637155,6994.0,360841.0,24.0
36624991,6994.0,360841.0,24.0
36690840,6994.0,360841.0,24.0
36583397,6994.0,360841.0,24.0
36737988,6994.0,360841.0,24.0
36680969,6994.0,360841.0,24.0
36543698,6994.0,360841.0,24.0
36536069,6994.0,360841.0,24.0
36500747,6994.0,360841.0,24.0
36535473,6994.0,360841.0,24.0
36454746,6994.0,360841.0,24.0
36619358,6994.0,360841.0,24.0
36553434,6994.0,360841.0,24.0
36534983,6994.0,360841.0,24.0
36817502,6994.0,360841.0,24.0
36683963,6994.0,360841.0,24.0
36680561,6994.0,360841.0,24.0
36686318,6994.0,360841.0,24.0
36607094,6994.0,360841.0,24.0
36667600,6994.0,360841.0,24.0
36823180,6994.0,360841.0,24.0
36695829,6994.0,360841.0,24.0
36660902,6994.0,360841.0,24.0
37149405,6994.0,360841.0,24.0
36767725,6994.0,360841.0,24.0
36542889,6994.0,360841.0,24.0
36563407,6994.0,360841.0,24.0
36426860,6994.0,360841.0,24.0
36519472,6994.0,360841.0,24.0
36610779,6994.0,360841.0,24.0
36509886,6994.0,360841.0,24.0
36493315,6994.0,360841.0,24.0
36496059,6994.0,360841.0,24.0
36484985,6994.0,360841.0,24.0
36963552,6994.0,360841.0,24.0
36758550,6994.0,360841.0,24.0
36648095,6994.0,360841.0,24.0
36647456,6994.0,360841.0,24.0
36734215,6994.0,360841.0,24.0
36720370,6994.0,360841.0,24.0
36647571,6994.0,360841.0,24.0
36616888,6994.0,360841.0,24.0
36696028,6994.0,360841.0,24.0
36756986,6994.0,360841.0,24.0
36896981,6994.0,360841.0,24.0
37025902,6994.0,360841.0,24.0
36564552,6994.0,360841.0,24.0
36441043,6994.0,360841.0,24.0
36459778,6994.0,360841.0,24.0
36560976,6994.0,360841.0,24.0
36503518,6994.0,360841.0,24.0
36576540,6994.0,360841.0,24.0
36494486,6994.0,360841.0,24.0
36513342,6994.0,360841.0,24.0
36655385,7151.0,360841.0,24.0
36590331,7151.0,360841.0,24.0
36518282,7151.0,360841.0,24.0
36628537,7151.0,360841.0,24.0
36528820,7151.0,360841.0,24.0
36502631,7151.0,360841.0,24.0
36525284,7151.0,360841.0,24.0
36583570,7151.0,360841.0,24.0
36549116,7151.0,360841.0,24.0
36506855,7151.0,360841.0,24.0
36593497,7151.0,360841.0,24.0
36397513,7151.0,360841.0,24.0
36793049,7151.0,360841.0,24.0
36912325,7151.0,360841.0,24.0
36278572,7151.0,360841.0,24.0
36316165,7151.0,360841.0,24.0
36330539,7151.0,360841.0,24.0
36300005,7151.0,360841.0,24.0
36301340,7151.0,360841.0,24.0
36337774,7151.0,360841.0,24.0
36718974,7151.0,360841.0,24.0
36447993,7151.0,360841.0,24.0
36596346,7151.0,360841.0,24.0
36487100,7151.0,360841.0,24.0
36559705,7151.0,360841.0,24.0
36504787,7151.0,360841.0,24.0
36493649,7151.0,360841.0,24.0
36558090,7151.0,360841.0,24.0
36468295,7151.0,360841.0,24.0
36509772,7151.0,360841.0,24.0
36269080,7151.0,360841.0,24.0
36275021,7151.0,360841.0,24.0
36251225,7151.0,360841.0,24.0
36186206,7151.0,360841.0,24.0
36219228,7151.0,360841.0,24.0
36546676,7151.0,360841.0,24.0
36245646,7151.0,360841.0,24.0
36880785,7151.0,360841.0,24.0
36199419,7151.0,360841.0,24.0
36147214,7151.0,360841.0,24.0
36673394,7151.0,360841.0,24.0
36444716,7151.0,360841.0,24.0
36513038,7151.0,360841.0,24.0
36522508,7151.0,360841.0,24.0
36436178,7151.0,360841.0,24.0
36504270,7151.0,360841.0,24.0
36516690,7151.0,360841.0,24.0
36512156,7151.0,360841.0,24.0
36513754,7151.0,360841.0,24.0
36519187,7151.0,360841.0,24.0
36428959,7151.0,360841.0,24.0
36412887,7151.0,360841.0,24.0
36306477,7151.0,360841.0,24.0
36300447,7151.0,360841.0,24.0
36330204,7151.0,360841.0,24.0
36290717,7151.0,360841.0,24.0
36304859,7151.0,360841.0,24.0
36354723,7151.0,360841.0,24.0
36430343,7151.0,360841.0,24.0
36728300,7151.0,360841.0,24.0
36646964,7151.0,360841.0,24.0
36510727,7151.0,360841.0,24.0
36505929,7151.0,360841.0,24.0
36454681,7151.0,360841.0,24.0
36556133,7151.0,360841.0,24.0
36536460,7151.0,360841.0,24.0
36506752,7151.0,360841.0,24.0
36505727,7151.0,360841.0,24.0
36562053,7151.0,360841.0,24.0
36496966,7151.0,360841.0,24.0
36427975,7151.0,360841.0,24.0
36199061,7151.0,360841.0,24.0
36221410,7151.0,360841.0,24.0
36232840,7151.0,360841.0,24.0
36223848,7151.0,360841.0,24.0
36327053,7151.0,360841.0,24.0
36109454,7151.0,360841.0,24.0
36193877,7151.0,360841.0,24.0
36289635,7151.0,360841.0,24.0
36266697,7151.0,360841.0,24.0
36718715,7151.0,360841.0,24.0
36680286,7151.0,360841.0,24.0
36513904,7151.0,360841.0,24.0
37102744,7151.0,360841.0,24.0
36420534,7151.0,360841.0,24.0
36587542,7151.0,360841.0,24.0
36466459,7151.0,360841.0,24.0
36495665,7151.0,360841.0,24.0
36577175,7151.0,360841.0,24.0
36446652,7151.0,360841.0,24.0
36466015,7151.0,360841.0,24.0
36417757,7151.0,360841.0,24.0
36393857,7151.0,360841.0,24.0
36347596,7151.0,360841.0,24.0
36297162,7151.0,360841.0,24.0
36299030,7151.0,360841.0,24.0
36317240,7151.0,360841.0,24.0
36449838,7151.0,360841.0,24.0
36275865,7151.0,360841.0,24.0
36272725,7151.0,360841.0,24.0
36979612,7307.0,360841.0,24.0
36835663,7307.0,360841.0,24.0
36766635,7307.0,360841.0,24.0
37146123,7307.0,360841.0,24.0
36852062,7307.0,360841.0,24.0
37285306,7307.0,360841.0,24.0
36842523,7307.0,360841.0,24.0
36836877,7307.0,360841.0,24.0
36736657,7307.0,360841.0,24.0
36785266,7307.0,360841.0,24.0
36694278,7307.0,360841.0,24.0
36537253,7307.0,360841.0,24.0
36665994,7307.0,360841.0,24.0
36589607,7307.0,360841.0,24.0
36531432,7307.0,360841.0,24.0
36630485,7307.0,360841.0,24.0
36575413,7307.0,360841.0,24.0
36677875,7307.0,360841.0,24.0
36549833,7307.0,360841.0,24.0
36574641,7307.0,360841.0,24.0
36919583,7307.0,360841.0,24.0
36811104,7307.0,360841.0,24.0
36769903,7307.0,360841.0,24.0
36789499,7307.0,360841.0,24.0
36806042,7307.0,360841.0,24.0
36804710,7307.0,360841.0,24.0
36722880,7307.0,360841.0,24.0
37070519,7307.0,360841.0,24.0
36837610,7307.0,360841.0,24.0
37315674,7307.0,360841.0,24.0
36760559,7307.0,360841.0,24.0
36580903,7307.0,360841.0,24.0
36588914,7307.0,360841.0,24.0
36579263,7307.0,360841.0,24.0
36641095,7307.0,360841.0,24.0
36474844,7307.0,360841.0,24.0
36581244,7307.0,360841.0,24.0
36574517,7307.0,360841.0,24.0
36601998,7307.0,360841.0,24.0
36543466,7307.0,360841.0,24.0
36947049,7307.0,360841.0,24.0
36915443,7307.0,360841.0,24.0
36797849,7307.0,360841.0,24.0
36847838,7307.0,360841.0,24.0
36790781,7307.0,360841.0,24.0
36901541,7307.0,360841.0,24.0
36775993,7307.0,360841.0,24.0
36795358,7307.0,360841.0,24.0
36809306,7307.0,360841.0,24.0
36827932,7307.0,360841.0,24.0
36859957,7307.0,360841.0,24.0
37197812,7307.0,360841.0,24.0
36616294,7307.0,360841.0,24.0
36564966,7307.0,360841.0,24.0
36493293,7307.0,360841.0,24.0
36755667,7307.0,360841.0,24.0
36597731,7307.0,360841.0,24.0
36601633,7307.0,360841.0,24.0
36641155,7307.0,360841.0,24.0
36638643,7307.0,360841.0,24.0
36966445,7307.0,360841.0,24.0
36756341,7307.0,360841.0,24.0
36821053,7307.0,360841.0,24.0
36910959,7307.0,360841.0,24.0
39851857,7307.0,360841.0,24.0
36719190,7307.0,360841.0,24.0
36772257,7307.0,360841.0,24.0
36852286,7307.0,360841.0,24.0
36797345,7307.0,360841.0,24.0
36814022,7307.0,360841.0,24.0
36792033,7307.0,360841.0,24.0
36633868,7307.0,360841.0,24.0
36565452,7307.0,360841.0,24.0
36973643,7307.0,360841.0,24.0
36591502,7307.0,360841.0,24.0
37127444,7307.0,360841.0,24.0
36553026,7307.0,360841.0,24.0
36521437,7307.0,360841.0,24.0
36580159,7307.0,360841.0,24.0
36547475,7307.0,360841.0,24.0
36997529,7307.0,360841.0,24.0
36730341,7307.0,360841.0,24.0
36825731,7307.0,360841.0,24.0
36828283,7307.0,360841.0,24.0
36736158,7307.0,360841.0,24.0
36774064,7307.0,360841.0,24.0
36804420,7307.0,360841.0,24.0
36802628,7307.0,360841.0,24.0
36784369,7307.0,360841.0,24.0
36947553,7307.0,360841.0,24.0
36848122,7307.0,360841.0,24.0
36620015,7307.0,360841.0,24.0
36683396,7307.0,360841.0,24.0
36621939,7307.0,360841.0,24.0
36599332,7307.0,360841.0,24.0
36591814,7307.0,360841.0,24.0
36669371,7307.0,360841.0,24.0
37081467,7307.0,360841.0,24.0
36543553,7307.0,360841.0,24.0
37199750,7307.0,360841.0,24.0
37008774,7464.0,360841.0,24.0
36764599,7464.0,360841.0,24.0
36594989,7464.0,360841.0,24.0
36746583,7464.0,360841.0,24.0
36721146,7464.0,360841.0,24.0
36650535,7464.0,360841.0,24.0
36582554,7464.0,360841.0,24.0
36676980,7464.0,360841.0,24.0
36670346,7464.0,360841.0,24.0
36702971,7464.0,360841.0,24.0
36783906,7464.0,360841.0,24.0
36592209,7464.0,360841.0,24.0
36622855,7464.0,360841.0,24.0
36579315,7464.0,360841.0,24.0
36497291,7464.0,360841.0,24.0
36511681,7464.0,360841.0,24.0
36550488,7464.0,360841.0,24.0
36550973,7464.0,360841.0,24.0
36793820,7464.0,360841.0,24.0
36621561,7464.0,360841.0,24.0
36869294,7464.0,360841.0,24.0
36726526,7464.0,360841.0,24.0
36708305,7464.0,360841.0,24.0
36746478,7464.0,360841.0,24.0
36676060,7464.0,360841.0,24.0
36845261,7464.0,360841.0,24.0
36690565,7464.0,360841.0,24.0
36745076,7464.0,360841.0,24.0
36649683,7464.0,360841.0,24.0
36658455,7464.0,360841.0,24.0
36670514,7464.0,360841.0,24.0
36510750,7464.0,360841.0,24.0
36664464,7464.0,360841.0,24.0
36515750,7464.0,360841.0,24.0
36484478,7464.0,360841.0,24.0
36512086,7464.0,360841.0,24.0
36499575,7464.0,360841.0,24.0
36509509,7464.0,360841.0,24.0
36481979,7464.0,360841.0,24.0
36537974,7464.0,360841.0,24.0
36820721,7464.0,360841.0,24.0
37101047,7464.0,360841.0,24.0
37189408,7464.0,360841.0,24.0
36748830,7464.0,360841.0,24.0
36703303,7464.0,360841.0,24.0
36752257,7464.0,360841.0,24.0
36777419,7464.0,360841.0,24.0
36728806,7464.0,360841.0,24.0
36788895,7464.0,360841.0,24.0
36694962,7464.0,360841.0,24.0
36887188,7464.0,360841.0,24.0
36608616,7464.0,360841.0,24.0
36613418,7464.0,360841.0,24.0
36534529,7464.0,360841.0,24.0
36544478,7464.0,360841.0,24.0
36589854,7464.0,360841.0,24.0
36479319,7464.0,360841.0,24.0
36670500,7464.0,360841.0,24.0
36546505,7464.0,360841.0,24.0
36682167,7464.0,360841.0,24.0
36899233,7464.0,360841.0,24.0
36844468,7464.0,360841.0,24.0
36716325,7464.0,360841.0,24.0
36674678,7464.0,360841.0,24.0
36934412,7464.0,360841.0,24.0
36673175,7464.0,360841.0,24.0
37279470,7464.0,360841.0,24.0
36707188,7464.0,360841.0,24.0
36717016,7464.0,360841.0,24.0
36746140,7464.0,360841.0,24.0
36772550,7464.0,360841.0,24.0
36492757,7464.0,360841.0,24.0
36465724,7464.0,360841.0,24.0
36526102,7464.0,360841.0,24.0
36426839,7464.0,360841.0,24.0
36369960,7464.0,360841.0,24.0
36454229,7464.0,360841.0,24.0
36517676,7464.0,360841.0,24.0
36486125,7464.0,360841.0,24.0
36514640,7464.0,360841.0,24.0
36866735,7464.0,360841.0,24.0
36694398,7464.0,360841.0,24.0
36633114,7464.0,360841.0,24.0
36644551,7464.0,360841.0,24.0
36736823,7464.0,360841.0,24.0
36710163,7464.0,360841.0,24.0
36732738,7464.0,360841.0,24.0
36641998,7464.0,360841.0,24.0
37048816,7464.0,360841.0,24.0
36709838,7464.0,360841.0,24.0
36819750,7464.0,360841.0,24.0
36675778,7464.0,360841.0,24.0
36546039,7464.0,360841.0,24.0
36644118,7464.0,360841.0,24.0
36677985,7464.0,360841.0,24.0
36568524,7464.0,360841.0,24.0
36661908,7464.0,360841.0,24.0
36516054,7464.0,360841.0,24.0
36539536,7464.0,360841.0,24.0
36602977,7464.0,360841.0,24.0
36992778,7621.0,360841.0,24.0
36767746,7621.0,360841.0,24.0
36707661,7621.0,360841.0,24.0
36823229,7621.0,360841.0,24.0
36742318,7621.0,360841.0,24.0
36718399,7621.0,360841.0,24.0
36805088,7621.0,360841.0,24.0
36888858,7621.0,360841.0,24.0
36762055,7621.0,360841.0,24.0
36749435,7621.0,360841.0,24.0
37368289,7621.0,360841.0,24.0
36690026,7621.0,360841.0,24.0
36713205,7621.0,360841.0,24.0
36637980,7621.0,360841.0,24.0
36651383,7621.0,360841.0,24.0
36542500,7621.0,360841.0,24.0
36592557,7621.0,360841.0,24.0
36705515,7621.0,360841.0,24.0
36642564,7621.0,360841.0,24.0
36575497,7621.0,360841.0,24.0
36954477,7621.0,360841.0,24.0
36818700,7621.0,360841.0,24.0
36903845,7621.0,360841.0,24.0
36692006,7621.0,360841.0,24.0
36836233,7621.0,360841.0,24.0
36736659,7621.0,360841.0,24.0
36883202,7621.0,360841.0,24.0
36784347,7621.0,360841.0,24.0
36778866,7621.0,360841.0,24.0
36817488,7621.0,360841.0,24.0
36821568,7621.0,360841.0,24.0
36790543,7621.0,360841.0,24.0
36540405,7621.0,360841.0,24.0
36516102,7621.0,360841.0,24.0
37088585,7621.0,360841.0,24.0
36568730,7621.0,360841.0,24.0
36486587,7621.0,360841.0,24.0
36518300,7621.0,360841.0,24.0
36513144,7621.0,360841.0,24.0
36492100,7621.0,360841.0,24.0
36998575,7621.0,360841.0,24.0
36821650,7621.0,360841.0,24.0
36752018,7621.0,360841.0,24.0
36726587,7621.0,360841.0,24.0
36833535,7621.0,360841.0,24.0
36858481,7621.0,360841.0,24.0
36758010,7621.0,360841.0,24.0
36681870,7621.0,360841.0,24.0
36781838,7621.0,360841.0,24.0
36734614,7621.0,360841.0,24.0
36806741,7621.0,360841.0,24.0
36756367,7621.0,360841.0,24.0
36606339,7621.0,360841.0,24.0
36684785,7621.0,360841.0,24.0
36569044,7621.0,360841.0,24.0
36650590,7621.0,360841.0,24.0
36962537,7621.0,360841.0,24.0
36656132,7621.0,360841.0,24.0
37191397,7621.0,360841.0,24.0
36786780,7621.0,360841.0,24.0
36900080,7621.0,360841.0,24.0
36923988,7621.0,360841.0,24.0
36769829,7621.0,360841.0,24.0
36856684,7621.0,360841.0,24.0
36918287,7621.0,360841.0,24.0
36776946,7621.0,360841.0,24.0
36733403,7621.0,360841.0,24.0
36840599,7621.0,360841.0,24.0
36694316,7621.0,360841.0,24.0
36788068,7621.0,360841.0,24.0
36803694,7621.0,360841.0,24.0
36577485,7621.0,360841.0,24.0
36521346,7621.0,360841.0,24.0
36511379,7621.0,360841.0,24.0
36550277,7621.0,360841.0,24.0
36548260,7621.0,360841.0,24.0
36520583,7621.0,360841.0,24.0
36641747,7621.0,360841.0,24.0
36512131,7621.0,360841.0,24.0
36536683,7621.0,360841.0,24.0
37481734,7621.0,360841.0,24.0
36838828,7621.0,360841.0,24.0
36733052,7621.0,360841.0,24.0
36818144,7621.0,360841.0,24.0
36754252,7621.0,360841.0,24.0
36688970,7621.0,360841.0,24.0
36756882,7621.0,360841.0,24.0
36722247,7621.0,360841.0,24.0
36738027,7621.0,360841.0,24.0
36958902,7621.0,360841.0,24.0
36810756,7621.0,360841.0,24.0
36740017,7621.0,360841.0,24.0
36590110,7621.0,360841.0,24.0
36689743,7621.0,360841.0,24.0
36615362,7621.0,360841.0,24.0
36573919,7621.0,360841.0,24.0
36559305,7621.0,360841.0,24.0
36531408,7621.0,360841.0,24.0
36586080,7621.0,360841.0,24.0
36665847,7621.0,360841.0,24.0
37406719,7777.0,360841.0,24.0
37779184,7777.0,360841.0,24.0
37164806,7777.0,360841.0,24.0
37142937,7777.0,360841.0,24.0
37174346,7777.0,360841.0,24.0
37114606,7777.0,360841.0,24.0
37105602,7777.0,360841.0,24.0
37195998,7777.0,360841.0,24.0
37144135,7777.0,360841.0,24.0
37293566,7777.0,360841.0,24.0
37212466,7777.0,360841.0,24.0
37014405,7777.0,360841.0,24.0
36904465,7777.0,360841.0,24.0
36933008,7777.0,360841.0,24.0
37039536,7777.0,360841.0,24.0
37020945,7777.0,360841.0,24.0
37004244,7777.0,360841.0,24.0
37003954,7777.0,360841.0,24.0
36951727,7777.0,360841.0,24.0
36972244,7777.0,360841.0,24.0
37331175,7777.0,360841.0,24.0
37213162,7777.0,360841.0,24.0
37137911,7777.0,360841.0,24.0
37436470,7777.0,360841.0,24.0
37228767,7777.0,360841.0,24.0
37663427,7777.0,360841.0,24.0
37144025,7777.0,360841.0,24.0
37140748,7777.0,360841.0,24.0
37161168,7777.0,360841.0,24.0
37130656,7777.0,360841.0,24.0
37162947,7777.0,360841.0,24.0
37035430,7777.0,360841.0,24.0
37015697,7777.0,360841.0,24.0
36880171,7777.0,360841.0,24.0
36981022,7777.0,360841.0,24.0
36946889,7777.0,360841.0,24.0
36907705,7777.0,360841.0,24.0
37037395,7777.0,360841.0,24.0
36848596,7777.0,360841.0,24.0
36957802,7777.0,360841.0,24.0
37451439,7777.0,360841.0,24.0
37219274,7777.0,360841.0,24.0
37155120,7777.0,360841.0,24.0
37109755,7777.0,360841.0,24.0
37178993,7777.0,360841.0,24.0
37230058,7777.0,360841.0,24.0
37249557,7777.0,360841.0,24.0
37176836,7777.0,360841.0,24.0
37643080,7777.0,360841.0,24.0
37194727,7777.0,360841.0,24.0
37299773,7777.0,360841.0,24.0
37064184,7777.0,360841.0,24.0
36945372,7777.0,360841.0,24.0
37012459,7777.0,360841.0,24.0
37021190,7777.0,360841.0,24.0
36942681,7777.0,360841.0,24.0
37002688,7777.0,360841.0,24.0
36953111,7777.0,360841.0,24.0
37024641,7777.0,360841.0,24.0
36996807,7777.0,360841.0,24.0
37458100,7777.0,360841.0,24.0
37159086,7777.0,360841.0,24.0
37164183,7777.0,360841.0,24.0
37120025,7777.0,360841.0,24.0
37160607,7777.0,360841.0,24.0
37113213,7777.0,360841.0,24.0
37154394,7777.0,360841.0,24.0
37065566,7777.0,360841.0,24.0
37223373,7777.0,360841.0,24.0
37147293,7777.0,360841.0,24.0
37830412,7777.0,360841.0,24.0
36932539,7777.0,360841.0,24.0
36947308,7777.0,360841.0,24.0
36985865,7777.0,360841.0,24.0
36914854,7777.0,360841.0,24.0
36951415,7777.0,360841.0,24.0
36852681,7777.0,360841.0,24.0
36985887,7777.0,360841.0,24.0
36924188,7777.0,360841.0,24.0
37016413,7777.0,360841.0,24.0
37361630,7777.0,360841.0,24.0
37239883,7777.0,360841.0,24.0
37225532,7777.0,360841.0,24.0
37202389,7777.0,360841.0,24.0
37191972,7777.0,360841.0,24.0
37146517,7777.0,360841.0,24.0
37148878,7777.0,360841.0,24.0
37160895,7777.0,360841.0,24.0
37129346,7777.0,360841.0,24.0
37191913,7777.0,360841.0,24.0
37208666,7777.0,360841.0,24.0
37097038,7777.0,360841.0,24.0
36968804,7777.0,360841.0,24.0
37332195,7777.0,360841.0,24.0
37553791,7777.0,360841.0,24.0
36905276,7777.0,360841.0,24.0
36934050,7777.0,360841.0,24.0
36935179,7777.0,360841.0,24.0
36996380,7777.0,360841.0,24.0
36951856,7777.0,360841.0,24.0
37097878,7934.0,360841.0,24.0
37064850,7934.0,360841.0,24.0
36841305,7934.0,360841.0,24.0
36926330,7934.0,360841.0,24.0
36798382,7934.0,360841.0,24.0
36928817,7934.0,360841.0,24.0
37051798,7934.0,360841.0,24.0
36982640,7934.0,360841.0,24.0
36892970,7934.0,360841.0,24.0
36891157,7934.0,360841.0,24.0
36969602,7934.0,360841.0,24.0
36778630,7934.0,360841.0,24.0
36796835,7934.0,360841.0,24.0
37082483,7934.0,360841.0,24.0
36765741,7934.0,360841.0,24.0
37322948,7934.0,360841.0,24.0
36719335,7934.0,360841.0,24.0
36711978,7934.0,360841.0,24.0
36824209,7934.0,360841.0,24.0
36859288,7934.0,360841.0,24.0
37228678,7934.0,360841.0,24.0
36813199,7934.0,360841.0,24.0
36951588,7934.0,360841.0,24.0
36973294,7934.0,360841.0,24.0
36919608,7934.0,360841.0,24.0
36933436,7934.0,360841.0,24.0
36864543,7934.0,360841.0,24.0
37068677,7934.0,360841.0,24.0
36900699,7934.0,360841.0,24.0
36871699,7934.0,360841.0,24.0
36901576,7934.0,360841.0,24.0
36601337,7934.0,360841.0,24.0
36726662,7934.0,360841.0,24.0
36610219,7934.0,360841.0,24.0
36745998,7934.0,360841.0,24.0
36715710,7934.0,360841.0,24.0
36714738,7934.0,360841.0,24.0
37047840,7934.0,360841.0,24.0
36685954,7934.0,360841.0,24.0
37277092,7934.0,360841.0,24.0
37177668,7934.0,360841.0,24.0
37125034,7934.0,360841.0,24.0
36866348,7934.0,360841.0,24.0
36974825,7934.0,360841.0,24.0
36930770,7934.0,360841.0,24.0
36956507,7934.0,360841.0,24.0
37003110,7934.0,360841.0,24.0
36913901,7934.0,360841.0,24.0
36908966,7934.0,360841.0,24.0
36914333,7934.0,360841.0,24.0
36914936,7934.0,360841.0,24.0
36727739,7934.0,360841.0,24.0
36819954,7934.0,360841.0,24.0
36718263,7934.0,360841.0,24.0
36729044,7934.0,360841.0,24.0
36855007,7934.0,360841.0,24.0
36848178,7934.0,360841.0,24.0
36741625,7934.0,360841.0,24.0
36706411,7934.0,360841.0,24.0
36712227,7934.0,360841.0,24.0
37456461,7934.0,360841.0,24.0
37563589,7934.0,360841.0,24.0
36842385,7934.0,360841.0,24.0
36881848,7934.0,360841.0,24.0
36980824,7934.0,360841.0,24.0
36902758,7934.0,360841.0,24.0
36860781,7934.0,360841.0,24.0
36960561,7934.0,360841.0,24.0
36929954,7934.0,360841.0,24.0
36891459,7934.0,360841.0,24.0
36931190,7934.0,360841.0,24.0
36710313,7934.0,360841.0,24.0
36860959,7934.0,360841.0,24.0
36758886,7934.0,360841.0,24.0
36685314,7934.0,360841.0,24.0
36718027,7934.0,360841.0,24.0
36667975,7934.0,360841.0,24.0
36764695,7934.0,360841.0,24.0
36720836,7934.0,360841.0,24.0
36676939,7934.0,360841.0,24.0
37152666,7934.0,360841.0,24.0
36993029,7934.0,360841.0,24.0
36861626,7934.0,360841.0,24.0
37213401,7934.0,360841.0,24.0
36942151,7934.0,360841.0,24.0
37494068,7934.0,360841.0,24.0
36904275,7934.0,360841.0,24.0
37283227,7934.0,360841.0,24.0
36876622,7934.0,360841.0,24.0
37034673,7934.0,360841.0,24.0
37036493,7934.0,360841.0,24.0
36784083,7934.0,360841.0,24.0
36817024,7934.0,360841.0,24.0
36823704,7934.0,360841.0,24.0
36696959,7934.0,360841.0,24.0
36685954,7934.0,360841.0,24.0
36682903,7934.0,360841.0,24.0
36801466,7934.0,360841.0,24.0
36768834,7934.0,360841.0,24.0
36824018,7934.0,360841.0,24.0
37541177,8091.0,360841.0,24.0
37137510,8091.0,360841.0,24.0
37249611,8091.0,360841.0,24.0
37314359,8091.0,360841.0,24.0
37164428,8091.0,360841.0,24.0
37504756,8091.0,360841.0,24.0
37707459,8091.0,360841.0,24.0
37194651,8091.0,360841.0,24.0
37256765,8091.0,360841.0,24.0
37245074,8091.0,360841.0,24.0
37414508,8091.0,360841.0,24.0
37008562,8091.0,360841.0,24.0
37056056,8091.0,360841.0,24.0
37081378,8091.0,360841.0,24.0
37050575,8091.0,360841.0,24.0
37020457,8091.0,360841.0,24.0
37130457,8091.0,360841.0,24.0
36995344,8091.0,360841.0,24.0
37065645,8091.0,360841.0,24.0
37010595,8091.0,360841.0,24.0
37500743,8091.0,360841.0,24.0
37239374,8091.0,360841.0,24.0
37207142,8091.0,360841.0,24.0
37328393,8091.0,360841.0,24.0
37194064,8091.0,360841.0,24.0
37196985,8091.0,360841.0,24.0
37254902,8091.0,360841.0,24.0
37288259,8091.0,360841.0,24.0
37174378,8091.0,360841.0,24.0
37131321,8091.0,360841.0,24.0
37260625,8091.0,360841.0,24.0
37064149,8091.0,360841.0,24.0
37092877,8091.0,360841.0,24.0
37075946,8091.0,360841.0,24.0
37069744,8091.0,360841.0,24.0
36997966,8091.0,360841.0,24.0
37033020,8091.0,360841.0,24.0
37021115,8091.0,360841.0,24.0
37031173,8091.0,360841.0,24.0
37043768,8091.0,360841.0,24.0
37453781,8091.0,360841.0,24.0
37280854,8091.0,360841.0,24.0
37151559,8091.0,360841.0,24.0
37249995,8091.0,360841.0,24.0
37199694,8091.0,360841.0,24.0
37154941,8091.0,360841.0,24.0
37197022,8091.0,360841.0,24.0
37234492,8091.0,360841.0,24.0
37204782,8091.0,360841.0,24.0
37279570,8091.0,360841.0,24.0
37558411,8091.0,360841.0,24.0
37186432,8091.0,360841.0,24.0
37610438,8091.0,360841.0,24.0
37130010,8091.0,360841.0,24.0
37004206,8091.0,360841.0,24.0
37004328,8091.0,360841.0,24.0
37057748,8091.0,360841.0,24.0
37109500,8091.0,360841.0,24.0
37036677,8091.0,360841.0,24.0
37169290,8091.0,360841.0,24.0
37399898,8091.0,360841.0,24.0
37175311,8091.0,360841.0,24.0
37278102,8091.0,360841.0,24.0
37261427,8091.0,360841.0,24.0
37247896,8091.0,360841.0,24.0
37207685,8091.0,360841.0,24.0
37241568,8091.0,360841.0,24.0
37167288,8091.0,360841.0,24.0
37238076,8091.0,360841.0,24.0
37220663,8091.0,360841.0,24.0
37257786,8091.0,360841.0,24.0
37127676,8091.0,360841.0,24.0
37001717,8091.0,360841.0,24.0
37020864,8091.0,360841.0,24.0
37406667,8091.0,360841.0,24.0
37559082,8091.0,360841.0,24.0
37076830,8091.0,360841.0,24.0
36968688,8091.0,360841.0,24.0
37029776,8091.0,360841.0,24.0
37094167,8091.0,360841.0,24.0
37484916,8091.0,360841.0,24.0
37303469,8091.0,360841.0,24.0
37174217,8091.0,360841.0,24.0
37248909,8091.0,360841.0,24.0
37230831,8091.0,360841.0,24.0
37235016,8091.0,360841.0,24.0
37204991,8091.0,360841.0,24.0
37287693,8091.0,360841.0,24.0
37283489,8091.0,360841.0,24.0
37192161,8091.0,360841.0,24.0
37281731,8091.0,360841.0,24.0
37115028,8091.0,360841.0,24.0
37188407,8091.0,360841.0,24.0
37016300,8091.0,360841.0,24.0
37025572,8091.0,360841.0,24.0
37053229,8091.0,360841.0,24.0
36958704,8091.0,360841.0,24.0
37365065,8091.0,360841.0,24.0
37133114,8091.0,360841.0,24.0
37575841,8091.0,360841.0,24.0
37464293,8248.0,360841.0,24.0
37162770,8248.0,360841.0,24.0
37144952,8248.0,360841.0,24.0
37098096,8248.0,360841.0,24.0
37202906,8248.0,360841.0,24.0
37134503,8248.0,360841.0,24.0
37157935,8248.0,360841.0,24.0
37112383,8248.0,360841.0,24.0
37254828,8248.0,360841.0,24.0
37090741,8248.0,360841.0,24.0
37185412,8248.0,360841.0,24.0
37036728,8248.0,360841.0,24.0
36939959,8248.0,360841.0,24.0
36925001,8248.0,360841.0,24.0
36918131,8248.0,360841.0,24.0
36992420,8248.0,360841.0,24.0
36949992,8248.0,360841.0,24.0
36992962,8248.0,360841.0,24.0
37541927,8248.0,360841.0,24.0
36953433,8248.0,360841.0,24.0
37425516,8248.0,360841.0,24.0
37245811,8248.0,360841.0,24.0
37138411,8248.0,360841.0,24.0
37297757,8248.0,360841.0,24.0
37108865,8248.0,360841.0,24.0
37102066,8248.0,360841.0,24.0
37103506,8248.0,360841.0,24.0
37129827,8248.0,360841.0,24.0
37187942,8248.0,360841.0,24.0
37089945,8248.0,360841.0,24.0
36987591,8248.0,360841.0,24.0
36909658,8248.0,360841.0,24.0
36973739,8248.0,360841.0,24.0
36864926,8248.0,360841.0,24.0
36926755,8248.0,360841.0,24.0
36868590,8248.0,360841.0,24.0
36893309,8248.0,360841.0,24.0
36905302,8248.0,360841.0,24.0
36851314,8248.0,360841.0,24.0
36943728,8248.0,360841.0,24.0
37276695,8248.0,360841.0,24.0
37379629,8248.0,360841.0,24.0
37721664,8248.0,360841.0,24.0
37166888,8248.0,360841.0,24.0
37100071,8248.0,360841.0,24.0
37101474,8248.0,360841.0,24.0
37190110,8248.0,360841.0,24.0
37338368,8248.0,360841.0,24.0
37218400,8248.0,360841.0,24.0
37117672,8248.0,360841.0,24.0
37284656,8248.0,360841.0,24.0
37028981,8248.0,360841.0,24.0
36941474,8248.0,360841.0,24.0
37103221,8248.0,360841.0,24.0
36999545,8248.0,360841.0,24.0
36949539,8248.0,360841.0,24.0
37070754,8248.0,360841.0,24.0
36973225,8248.0,360841.0,24.0
37001935,8248.0,360841.0,24.0
36866945,8248.0,360841.0,24.0
37269211,8248.0,360841.0,24.0
37178183,8248.0,360841.0,24.0
37138846,8248.0,360841.0,24.0
37104265,8248.0,360841.0,24.0
37225422,8248.0,360841.0,24.0
37124071,8248.0,360841.0,24.0
37559015,8248.0,360841.0,24.0
37165661,8248.0,360841.0,24.0
37193261,8248.0,360841.0,24.0
37064867,8248.0,360841.0,24.0
37061539,8248.0,360841.0,24.0
36776662,8248.0,360841.0,24.0
36918823,8248.0,360841.0,24.0
36941380,8248.0,360841.0,24.0
36934391,8248.0,360841.0,24.0
36909876,8248.0,360841.0,24.0
36860133,8248.0,360841.0,24.0
36868215,8248.0,360841.0,24.0
36945883,8248.0,360841.0,24.0
36878768,8248.0,360841.0,24.0
37413461,8248.0,360841.0,24.0
37191504,8248.0,360841.0,24.0
37098560,8248.0,360841.0,24.0
37139773,8248.0,360841.0,24.0
37131413,8248.0,360841.0,24.0
37244915,8248.0,360841.0,24.0
37177508,8248.0,360841.0,24.0
37186541,8248.0,360841.0,24.0
37487281,8248.0,360841.0,24.0
37573712,8248.0,360841.0,24.0
37255939,8248.0,360841.0,24.0
36959276,8248.0,360841.0,24.0
36929743,8248.0,360841.0,24.0
37051074,8248.0,360841.0,24.0
36903327,8248.0,360841.0,24.0
36922722,8248.0,360841.0,24.0
37000414,8248.0,360841.0,24.0
37069468,8248.0,360841.0,24.0
36940614,8248.0,360841.0,24.0
36942130,8248.0,360841.0,24.0
37431980,8404.0,360841.0,24.0
37297074,8404.0,360841.0,24.0
37245794,8404.0,360841.0,24.0
37257390,8404.0,360841.0,24.0
37297291,8404.0,360841.0,24.0
37298607,8404.0,360841.0,24.0
37314412,8404.0,360841.0,24.0
37317431,8404.0,360841.0,24.0
37492652,8404.0,360841.0,24.0
37356875,8404.0,360841.0,24.0
37234082,8404.0,360841.0,24.0
37265286,8404.0,360841.0,24.0
36991274,8404.0,360841.0,24.0
37097738,8404.0,360841.0,24.0
37027427,8404.0,360841.0,24.0
37056857,8404.0,360841.0,24.0
37012833,8404.0,360841.0,24.0
37111690,8404.0,360841.0,24.0
37118342,8404.0,360841.0,24.0
37030948,8404.0,360841.0,24.0
37450534,8404.0,360841.0,24.0
37186242,8404.0,360841.0,24.0
37368884,8404.0,360841.0,24.0
37230913,8404.0,360841.0,24.0
37292598,8404.0,360841.0,24.0
37362726,8404.0,360841.0,24.0
37371751,8404.0,360841.0,24.0
37143122,8404.0,360841.0,24.0
37303457,8404.0,360841.0,24.0
37150221,8404.0,360841.0,24.0
37594488,8404.0,360841.0,24.0
37045644,8404.0,360841.0,24.0
37688778,8404.0,360841.0,24.0
36890338,8404.0,360841.0,24.0
37056724,8404.0,360841.0,24.0
36999460,8404.0,360841.0,24.0
36923161,8404.0,360841.0,24.0
37032117,8404.0,360841.0,24.0
36915635,8404.0,360841.0,24.0
36957791,8404.0,360841.0,24.0
37441716,8404.0,360841.0,24.0
37274261,8404.0,360841.0,24.0
37399286,8404.0,360841.0,24.0
37305112,8404.0,360841.0,24.0
37408605,8404.0,360841.0,24.0
37322064,8404.0,360841.0,24.0
37236052,8404.0,360841.0,24.0
37403183,8404.0,360841.0,24.0
37317400,8404.0,360841.0,24.0
37328550,8404.0,360841.0,24.0
37291792,8404.0,360841.0,24.0
37103287,8404.0,360841.0,24.0
37050366,8404.0,360841.0,24.0
37001877,8404.0,360841.0,24.0
36975793,8404.0,360841.0,24.0
37381762,8404.0,360841.0,24.0
37644613,8404.0,360841.0,24.0
37077673,8404.0,360841.0,24.0
37036253,8404.0,360841.0,24.0
37120755,8404.0,360841.0,24.0
37449544,8404.0,360841.0,24.0
37403033,8404.0,360841.0,24.0
40368468,8404.0,360841.0,24.0
37201295,8404.0,360841.0,24.0
37203042,8404.0,360841.0,24.0
37239453,8404.0,360841.0,24.0
37297482,8404.0,360841.0,24.0
37223024,8404.0,360841.0,24.0
37239816,8404.0,360841.0,24.0
37197324,8404.0,360841.0,24.0
37229219,8404.0,360841.0,24.0
37016728,8404.0,360841.0,24.0
36945426,8404.0,360841.0,24.0
36996441,8404.0,360841.0,24.0
37031320,8404.0,360841.0,24.0
36921829,8404.0,360841.0,24.0
37039918,8404.0,360841.0,24.0
37186478,8404.0,360841.0,24.0
36860177,8404.0,360841.0,24.0
36964247,8404.0,360841.0,24.0
37563136,8404.0,360841.0,24.0
37297692,8404.0,360841.0,24.0
37407432,8404.0,360841.0,24.0
37163858,8404.0,360841.0,24.0
37372722,8404.0,360841.0,24.0
37329304,8404.0,360841.0,24.0
37336815,8404.0,360841.0,24.0
37300628,8404.0,360841.0,24.0
37388561,8404.0,360841.0,24.0
37327670,8404.0,360841.0,24.0
37292342,8404.0,360841.0,24.0
37079844,8404.0,360841.0,24.0
36991569,8404.0,360841.0,24.0
37076500,8404.0,360841.0,24.0
37066223,8404.0,360841.0,24.0
37075161,8404.0,360841.0,24.0
37172777,8404.0,360841.0,24.0
36990922,8404.0,360841.0,24.0
37070012,8404.0,360841.0,24.0
37163297,8404.0,360841.0,24.0
37658414,8561.0,360841.0,24.0
37482098,8561.0,360841.0,24.0
37571662,8561.0,360841.0,24.0
37433186,8561.0,360841.0,24.0
37396656,8561.0,360841.0,24.0
37472903,8561.0,360841.0,24.0
37450453,8561.0,360841.0,24.0
37488762,8561.0,360841.0,24.0
37457519,8561.0,360841.0,24.0
37508163,8561.0,360841.0,24.0
37596692,8561.0,360841.0,24.0
37342194,8561.0,360841.0,24.0
37386149,8561.0,360841.0,24.0
37421627,8561.0,360841.0,24.0
37269540,8561.0,360841.0,24.0
37308993,8561.0,360841.0,24.0
37348676,8561.0,360841.0,24.0
37388194,8561.0,360841.0,24.0
37219157,8561.0,360841.0,24.0
37241866,8561.0,360841.0,24.0
37748026,8561.0,360841.0,24.0
37750190,8561.0,360841.0,24.0
37969255,8561.0,360841.0,24.0
37425328,8561.0,360841.0,24.0
37385671,8561.0,360841.0,24.0
37504146,8561.0,360841.0,24.0
37426993,8561.0,360841.0,24.0
37420664,8561.0,360841.0,24.0
37445992,8561.0,360841.0,24.0
37484290,8561.0,360841.0,24.0
37776585,8561.0,360841.0,24.0
37309776,8561.0,360841.0,24.0
37228818,8561.0,360841.0,24.0
37359468,8561.0,360841.0,24.0
37205578,8561.0,360841.0,24.0
37293142,8561.0,360841.0,24.0
37244572,8561.0,360841.0,24.0
37155078,8561.0,360841.0,24.0
37272782,8561.0,360841.0,24.0
37276498,8561.0,360841.0,24.0
37800917,8561.0,360841.0,24.0
37452237,8561.0,360841.0,24.0
37423691,8561.0,360841.0,24.0
37461477,8561.0,360841.0,24.0
37430518,8561.0,360841.0,24.0
37502610,8561.0,360841.0,24.0
37996200,8561.0,360841.0,24.0
37460969,8561.0,360841.0,24.0
37449051,8561.0,360841.0,24.0
37474954,8561.0,360841.0,24.0
37581649,8561.0,360841.0,24.0
37378760,8561.0,360841.0,24.0
37490031,8561.0,360841.0,24.0
37337948,8561.0,360841.0,24.0
37301455,8561.0,360841.0,24.0
37288652,8561.0,360841.0,24.0
37370683,8561.0,360841.0,24.0
37263304,8561.0,360841.0,24.0
37270400,8561.0,360841.0,24.0
37301687,8561.0,360841.0,24.0
37719414,8561.0,360841.0,24.0
37430846,8561.0,360841.0,24.0
37536388,8561.0,360841.0,24.0
37368436,8561.0,360841.0,24.0
37579680,8561.0,360841.0,24.0
37451099,8561.0,360841.0,24.0
37376346,8561.0,360841.0,24.0
37418454,8561.0,360841.0,24.0
37760172,8561.0,360841.0,24.0
37953054,8561.0,360841.0,24.0
37602243,8561.0,360841.0,24.0
37352103,8561.0,360841.0,24.0
37271234,8561.0,360841.0,24.0
37273797,8561.0,360841.0,24.0
37240048,8561.0,360841.0,24.0
37289611,8561.0,360841.0,24.0
37332857,8561.0,360841.0,24.0
37279513,8561.0,360841.0,24.0
37305714,8561.0,360841.0,24.0
37217538,8561.0,360841.0,24.0
37839327,8561.0,360841.0,24.0
37477207,8561.0,360841.0,24.0
37491411,8561.0,360841.0,24.0
37413634,8561.0,360841.0,24.0
37451169,8561.0,360841.0,24.0
37460675,8561.0,360841.0,24.0
37450366,8561.0,360841.0,24.0
37395857,8561.0,360841.0,24.0
37520405,8561.0,360841.0,24.0
37339771,8561.0,360841.0,24.0
37615578,8561.0,360841.0,24.0
37831459,8561.0,360841.0,24.0
37339489,8561.0,360841.0,24.0
37292440,8561.0,360841.0,24.0
37258289,8561.0,360841.0,24.0
37315038,8561.0,360841.0,24.0
37362022,8561.0,360841.0,24.0
37295778,8561.0,360841.0,24.0
37234976,8561.0,360841.0,24.0
37455267,8561.0,360841.0,24.0
37452327,8718.0,360841.0,24.0
37374607,8718.0,360841.0,24.0
37233789,8718.0,360841.0,24.0
37473710,8718.0,360841.0,24.0
37314312,8718.0,360841.0,24.0
37334682,8718.0,360841.0,24.0
37287934,8718.0,360841.0,24.0
37463069,8718.0,360841.0,24.0
37304801,8718.0,360841.0,24.0
37358347,8718.0,360841.0,24.0
37743227,8718.0,360841.0,24.0
37223961,8718.0,360841.0,24.0
37737914,8718.0,360841.0,24.0
37115395,8718.0,360841.0,24.0
37235612,8718.0,360841.0,24.0
37145464,8718.0,360841.0,24.0
37118963,8718.0,360841.0,24.0
37258497,8718.0,360841.0,24.0
37076518,8718.0,360841.0,24.0
37161320,8718.0,360841.0,24.0
37519656,8718.0,360841.0,24.0
37312535,8718.0,360841.0,24.0
37281619,8718.0,360841.0,24.0
37278311,8718.0,360841.0,24.0
37295120,8718.0,360841.0,24.0
37363097,8718.0,360841.0,24.0
37203123,8718.0,360841.0,24.0
37332575,8718.0,360841.0,24.0
37201975,8718.0,360841.0,24.0
37315914,8718.0,360841.0,24.0
37424573,8718.0,360841.0,24.0
37153994,8718.0,360841.0,24.0
37147849,8718.0,360841.0,24.0
37047662,8718.0,360841.0,24.0
37391259,8718.0,360841.0,24.0
37171399,8718.0,360841.0,24.0
37640476,8718.0,360841.0,24.0
37055294,8718.0,360841.0,24.0
37080962,8718.0,360841.0,24.0
37292561,8718.0,360841.0,24.0
37531217,8718.0,360841.0,24.0
37490585,8718.0,360841.0,24.0
37270904,8718.0,360841.0,24.0
37379438,8718.0,360841.0,24.0
37315703,8718.0,360841.0,24.0
37204645,8718.0,360841.0,24.0
37328879,8718.0,360841.0,24.0
37288044,8718.0,360841.0,24.0
37396982,8718.0,360841.0,24.0
37273084,8718.0,360841.0,24.0
37398983,8718.0,360841.0,24.0
37139091,8718.0,360841.0,24.0
37077672,8718.0,360841.0,24.0
37110559,8718.0,360841.0,24.0
37124912,8718.0,360841.0,24.0
37187997,8718.0,360841.0,24.0
37112844,8718.0,360841.0,24.0
37329761,8718.0,360841.0,24.0
37117529,8718.0,360841.0,24.0
37770808,8718.0,360841.0,24.0
37437451,8718.0,360841.0,24.0
37227870,8718.0,360841.0,24.0
37318336,8718.0,360841.0,24.0
37250575,8718.0,360841.0,24.0
37401103,8718.0,360841.0,24.0
37319239,8718.0,360841.0,24.0
37276824,8718.0,360841.0,24.0
37418095,8718.0,360841.0,24.0
37203516,8718.0,360841.0,24.0
37348298,8718.0,360841.0,24.0
37431233,8718.0,360841.0,24.0
37256266,8718.0,360841.0,24.0
37012553,8718.0,360841.0,24.0
36979617,8718.0,360841.0,24.0
37103161,8718.0,360841.0,24.0
37044758,8718.0,360841.0,24.0
36950791,8718.0,360841.0,24.0
37139833,8718.0,360841.0,24.0
36987983,8718.0,360841.0,24.0
37176786,8718.0,360841.0,24.0
37566038,8718.0,360841.0,24.0
37824539,8718.0,360841.0,24.0
37410630,8718.0,360841.0,24.0
37260149,8718.0,360841.0,24.0
37286192,8718.0,360841.0,24.0
37343080,8718.0,360841.0,24.0
37268706,8718.0,360841.0,24.0
37347158,8718.0,360841.0,24.0
37283453,8718.0,360841.0,24.0
37320863,8718.0,360841.0,24.0
37288185,8718.0,360841.0,24.0
37043532,8718.0,360841.0,24.0
37210748,8718.0,360841.0,24.0
40170346,8718.0,360841.0,24.0
37099913,8718.0,360841.0,24.0
37176261,8718.0,360841.0,24.0
37152865,8718.0,360841.0,24.0
37150923,8718.0,360841.0,24.0
37146151,8718.0,360841.0,24.0
37062864,8718.0,360841.0,24.0
37851440,8874.0,360841.0,24.0
37965508,8874.0,360841.0,24.0
38079779,8874.0,360841.0,24.0
37547372,8874.0,360841.0,24.0
37547830,8874.0,360841.0,24.0
37549855,8874.0,360841.0,24.0
37514518,8874.0,360841.0,24.0
37541221,8874.0,360841.0,24.0
37709749,8874.0,360841.0,24.0
37514756,8874.0,360841.0,24.0
37657300,8874.0,360841.0,24.0
37120584,8874.0,360841.0,24.0
37202531,8874.0,360841.0,24.0
37337357,8874.0,360841.0,24.0
37119445,8874.0,360841.0,24.0
37409181,8874.0,360841.0,24.0
37230823,8874.0,360841.0,24.0
37199687,8874.0,360841.0,24.0
37284249,8874.0,360841.0,24.0
37198079,8874.0,360841.0,24.0
37975860,8874.0,360841.0,24.0
37621843,8874.0,360841.0,24.0
37507418,8874.0,360841.0,24.0
37690453,8874.0,360841.0,24.0
37504542,8874.0,360841.0,24.0
38071882,8874.0,360841.0,24.0
37637532,8874.0,360841.0,24.0
37623919,8874.0,360841.0,24.0
37563108,8874.0,360841.0,24.0
37540971,8874.0,360841.0,24.0
37401101,8874.0,360841.0,24.0
37250638,8874.0,360841.0,24.0
37282865,8874.0,360841.0,24.0
37221754,8874.0,360841.0,24.0
37239257,8874.0,360841.0,24.0
37259505,8874.0,360841.0,24.0
37137037,8874.0,360841.0,24.0
37084221,8874.0,360841.0,24.0
37145419,8874.0,360841.0,24.0
37253279,8874.0,360841.0,24.0
37875353,8874.0,360841.0,24.0
37645113,8874.0,360841.0,24.0
37543552,8874.0,360841.0,24.0
37618083,8874.0,360841.0,24.0
37635428,8874.0,360841.0,24.0
37580051,8874.0,360841.0,24.0
37566342,8874.0,360841.0,24.0
37970451,8874.0,360841.0,24.0
37597582,8874.0,360841.0,24.0
38071099,8874.0,360841.0,24.0
37555362,8874.0,360841.0,24.0
37293461,8874.0,360841.0,24.0
37185656,8874.0,360841.0,24.0
37426966,8874.0,360841.0,24.0
37200248,8874.0,360841.0,24.0
37213447,8874.0,360841.0,24.0
37315306,8874.0,360841.0,24.0
37191080,8874.0,360841.0,24.0
37190315,8874.0,360841.0,24.0
37310729,8874.0,360841.0,24.0
37996301,8874.0,360841.0,24.0
37683342,8874.0,360841.0,24.0
37561975,8874.0,360841.0,24.0
37607863,8874.0,360841.0,24.0
37530743,8874.0,360841.0,24.0
37593940,8874.0,360841.0,24.0
37589702,8874.0,360841.0,24.0
37489284,8874.0,360841.0,24.0
37580406,8874.0,360841.0,24.0
37635228,8874.0,360841.0,24.0
37405258,8874.0,360841.0,24.0
37811167,8874.0,360841.0,24.0
37222206,8874.0,360841.0,24.0
37269769,8874.0,360841.0,24.0
37278337,8874.0,360841.0,24.0
37240192,8874.0,360841.0,24.0
37089504,8874.0,360841.0,24.0
37162936,8874.0,360841.0,24.0
37223694,8874.0,360841.0,24.0
37312769,8874.0,360841.0,24.0
37910027,8874.0,360841.0,24.0
37594467,8874.0,360841.0,24.0
37571914,8874.0,360841.0,24.0
37648199,8874.0,360841.0,24.0
37580714,8874.0,360841.0,24.0
37613813,8874.0,360841.0,24.0
37536387,8874.0,360841.0,24.0
37541224,8874.0,360841.0,24.0
37540122,8874.0,360841.0,24.0
37554786,8874.0,360841.0,24.0
37450673,8874.0,360841.0,24.0
37282191,8874.0,360841.0,24.0
37645801,8874.0,360841.0,24.0
37232612,8874.0,360841.0,24.0
37777848,8874.0,360841.0,24.0
37218786,8874.0,360841.0,24.0
37130691,8874.0,360841.0,24.0
37204748,8874.0,360841.0,24.0
37224385,8874.0,360841.0,24.0
37196915,8874.0,360841.0,24.0
37761733,9031.0,360841.0,24.0
37508912,9031.0,360841.0,24.0
37610943,9031.0,360841.0,24.0
37512136,9031.0,360841.0,24.0
37519186,9031.0,360841.0,24.0
37423702,9031.0,360841.0,24.0
37556661,9031.0,360841.0,24.0
37441127,9031.0,360841.0,24.0
37510410,9031.0,360841.0,24.0
37605577,9031.0,360841.0,24.0
37466357,9031.0,360841.0,24.0
37269105,9031.0,360841.0,24.0
37255700,9031.0,360841.0,24.0
37272376,9031.0,360841.0,24.0
37614031,9031.0,360841.0,24.0
37865497,9031.0,360841.0,24.0
37211233,9031.0,360841.0,24.0
37308959,9031.0,360841.0,24.0
37153439,9031.0,360841.0,24.0
37290237,9031.0,360841.0,24.0
37692924,9031.0,360841.0,24.0
37414553,9031.0,360841.0,24.0
37508557,9031.0,360841.0,24.0
37452504,9031.0,360841.0,24.0
37453237,9031.0,360841.0,24.0
37552181,9031.0,360841.0,24.0
37558790,9031.0,360841.0,24.0
37380036,9031.0,360841.0,24.0
37484725,9031.0,360841.0,24.0
37617029,9031.0,360841.0,24.0
37402047,9031.0,360841.0,24.0
37213398,9031.0,360841.0,24.0
37255725,9031.0,360841.0,24.0
37343572,9031.0,360841.0,24.0
37287965,9031.0,360841.0,24.0
37209748,9031.0,360841.0,24.0
37510182,9031.0,360841.0,24.0
37224328,9031.0,360841.0,24.0
37308395,9031.0,360841.0,24.0
37813904,9031.0,360841.0,24.0
37676630,9031.0,360841.0,24.0
37535829,9031.0,360841.0,24.0
37477742,9031.0,360841.0,24.0
37505129,9031.0,360841.0,24.0
37534695,9031.0,360841.0,24.0
37538131,9031.0,360841.0,24.0
37470738,9031.0,360841.0,24.0
37612475,9031.0,360841.0,24.0
37394903,9031.0,360841.0,24.0
37411907,9031.0,360841.0,24.0
37529638,9031.0,360841.0,24.0
37255436,9031.0,360841.0,24.0
37248251,9031.0,360841.0,24.0
37241086,9031.0,360841.0,24.0
37223204,9031.0,360841.0,24.0
37211138,9031.0,360841.0,24.0
37337102,9031.0,360841.0,24.0
37197346,9031.0,360841.0,24.0
37289239,9031.0,360841.0,24.0
37241820,9031.0,360841.0,24.0
38264655,9031.0,360841.0,24.0
37373630,9031.0,360841.0,24.0
37430344,9031.0,360841.0,24.0
37614584,9031.0,360841.0,24.0
37358755,9031.0,360841.0,24.0
37472664,9031.0,360841.0,24.0
37509316,9031.0,360841.0,24.0
37527307,9031.0,360841.0,24.0
37469932,9031.0,360841.0,24.0
37547570,9031.0,360841.0,24.0
37381608,9031.0,360841.0,24.0
37256500,9031.0,360841.0,24.0
37207896,9031.0,360841.0,24.0
37306606,9031.0,360841.0,24.0
37311592,9031.0,360841.0,24.0
37242782,9031.0,360841.0,24.0
37106139,9031.0,360841.0,24.0
37321688,9031.0,360841.0,24.0
37234713,9031.0,360841.0,24.0
37215701,9031.0,360841.0,24.0
37719364,9031.0,360841.0,24.0
37559815,9031.0,360841.0,24.0
37446005,9031.0,360841.0,24.0
37813257,9031.0,360841.0,24.0
38094737,9031.0,360841.0,24.0
37524996,9031.0,360841.0,24.0
37452562,9031.0,360841.0,24.0
37428382,9031.0,360841.0,24.0
37433990,9031.0,360841.0,24.0
37477803,9031.0,360841.0,24.0
37526895,9031.0,360841.0,24.0
37413716,9031.0,360841.0,24.0
37226539,9031.0,360841.0,24.0
37239665,9031.0,360841.0,24.0
37114351,9031.0,360841.0,24.0
37415052,9031.0,360841.0,24.0
37300295,9031.0,360841.0,24.0
37283715,9031.0,360841.0,24.0
37161165,9031.0,360841.0,24.0
37266028,9031.0,360841.0,24.0
37653118,9188.0,360841.0,24.0
37640536,9188.0,360841.0,24.0
37445984,9188.0,360841.0,24.0
37567107,9188.0,360841.0,24.0
37511436,9188.0,360841.0,24.0
38039673,9188.0,360841.0,24.0
37438548,9188.0,360841.0,24.0
37456796,9188.0,360841.0,24.0
37544558,9188.0,360841.0,24.0
37512652,9188.0,360841.0,24.0
37634799,9188.0,360841.0,24.0
37321107,9188.0,360841.0,24.0
37308044,9188.0,360841.0,24.0
37348568,9188.0,360841.0,24.0
37352941,9188.0,360841.0,24.0
37314374,9188.0,360841.0,24.0
37299402,9188.0,360841.0,24.0
37321381,9188.0,360841.0,24.0
37242007,9188.0,360841.0,24.0
37217882,9188.0,360841.0,24.0
37730537,9188.0,360841.0,24.0
37674730,9188.0,360841.0,24.0
40540161,9188.0,360841.0,24.0
37491483,9188.0,360841.0,24.0
37495528,9188.0,360841.0,24.0
37525988,9188.0,360841.0,24.0
37580223,9188.0,360841.0,24.0
37720641,9188.0,360841.0,24.0
38112827,9188.0,360841.0,24.0
37506878,9188.0,360841.0,24.0
37473553,9188.0,360841.0,24.0
37331804,9188.0,360841.0,24.0
37398651,9188.0,360841.0,24.0
37314244,9188.0,360841.0,24.0
37359457,9188.0,360841.0,24.0
37332275,9188.0,360841.0,24.0
37175052,9188.0,360841.0,24.0
37348542,9188.0,360841.0,24.0
37221558,9188.0,360841.0,24.0
37264515,9188.0,360841.0,24.0
37623845,9188.0,360841.0,24.0
37500362,9188.0,360841.0,24.0
37610255,9188.0,360841.0,24.0
37499056,9188.0,360841.0,24.0
37534932,9188.0,360841.0,24.0
37451384,9188.0,360841.0,24.0
37563973,9188.0,360841.0,24.0
37478432,9188.0,360841.0,24.0
37526630,9188.0,360841.0,24.0
37589837,9188.0,360841.0,24.0
38226055,9188.0,360841.0,24.0
37286690,9188.0,360841.0,24.0
37273800,9188.0,360841.0,24.0
37184366,9188.0,360841.0,24.0
37309125,9188.0,360841.0,24.0
37279461,9188.0,360841.0,24.0
37382628,9188.0,360841.0,24.0
37316658,9188.0,360841.0,24.0
37348818,9188.0,360841.0,24.0
37393238,9188.0,360841.0,24.0
37782379,9188.0,360841.0,24.0
37537761,9188.0,360841.0,24.0
37383320,9188.0,360841.0,24.0
37697073,9188.0,360841.0,24.0
37455546,9188.0,360841.0,24.0
37646648,9188.0,360841.0,24.0
37499110,9188.0,360841.0,24.0
37430550,9188.0,360841.0,24.0
37490333,9188.0,360841.0,24.0
37577379,9188.0,360841.0,24.0
37485290,9188.0,360841.0,24.0
37690003,9188.0,360841.0,24.0
37237276,9188.0,360841.0,24.0
37807780,9188.0,360841.0,24.0
37258331,9188.0,360841.0,24.0
37198709,9188.0,360841.0,24.0
37340792,9188.0,360841.0,24.0
37275989,9188.0,360841.0,24.0
37272694,9188.0,360841.0,24.0
37180238,9188.0,360841.0,24.0
37688396,9188.0,360841.0,24.0
37418358,9188.0,360841.0,24.0
37626057,9188.0,360841.0,24.0
37494532,9188.0,360841.0,24.0
37504712,9188.0,360841.0,24.0
37590883,9188.0,360841.0,24.0
37412814,9188.0,360841.0,24.0
37634183,9188.0,360841.0,24.0
37542391,9188.0,360841.0,24.0
37520703,9188.0,360841.0,24.0
37607247,9188.0,360841.0,24.0
37296479,9188.0,360841.0,24.0
37363625,9188.0,360841.0,24.0
37315167,9188.0,360841.0,24.0
37278435,9188.0,360841.0,24.0
37387908,9188.0,360841.0,24.0
37715559,9188.0,360841.0,24.0
37871253,9188.0,360841.0,24.0
37364736,9188.0,360841.0,24.0
37194083,9188.0,360841.0,24.0
38019876,9344.0,360841.0,24.0
37936243,9344.0,360841.0,24.0
37840840,9344.0,360841.0,24.0
37834834,9344.0,360841.0,24.0
37868398,9344.0,360841.0,24.0
37800477,9344.0,360841.0,24.0
37865767,9344.0,360841.0,24.0
37754662,9344.0,360841.0,24.0
37809296,9344.0,360841.0,24.0
37794636,9344.0,360841.0,24.0
37899110,9344.0,360841.0,24.0
37674280,9344.0,360841.0,24.0
37586468,9344.0,360841.0,24.0
37584204,9344.0,360841.0,24.0
37471463,9344.0,360841.0,24.0
37819147,9344.0,360841.0,24.0
37680984,9344.0,360841.0,24.0
37574707,9344.0,360841.0,24.0
38227122,9344.0,360841.0,24.0
37533572,9344.0,360841.0,24.0
38266361,9344.0,360841.0,24.0
37937642,9344.0,360841.0,24.0
37881244,9344.0,360841.0,24.0
37782955,9344.0,360841.0,24.0
37866210,9344.0,360841.0,24.0
37993635,9344.0,360841.0,24.0
37886648,9344.0,360841.0,24.0
37697976,9344.0,360841.0,24.0
37847742,9344.0,360841.0,24.0
37903819,9344.0,360841.0,24.0
37803961,9344.0,360841.0,24.0
37623198,9344.0,360841.0,24.0
37678424,9344.0,360841.0,24.0
37612376,9344.0,360841.0,24.0
37481207,9344.0,360841.0,24.0
37598743,9344.0,360841.0,24.0
37604138,9344.0,360841.0,24.0
37570105,9344.0,360841.0,24.0
37615261,9344.0,360841.0,24.0
37989930,9344.0,360841.0,24.0
38115941,9344.0,360841.0,24.0
37901960,9344.0,360841.0,24.0
37902131,9344.0,360841.0,24.0
37717907,9344.0,360841.0,24.0
38058548,9344.0,360841.0,24.0
37797642,9344.0,360841.0,24.0
37753335,9344.0,360841.0,24.0
37843100,9344.0,360841.0,24.0
37693647,9344.0,360841.0,24.0
37866970,9344.0,360841.0,24.0
37906385,9344.0,360841.0,24.0
37651879,9344.0,360841.0,24.0
37623108,9344.0,360841.0,24.0
37603802,9344.0,360841.0,24.0
37450150,9344.0,360841.0,24.0
37664890,9344.0,360841.0,24.0
37456773,9344.0,360841.0,24.0
37567748,9344.0,360841.0,24.0
37492800,9344.0,360841.0,24.0
37655384,9344.0,360841.0,24.0
38155678,9344.0,360841.0,24.0
38311746,9344.0,360841.0,24.0
38398862,9344.0,360841.0,24.0
37760681,9344.0,360841.0,24.0
37852617,9344.0,360841.0,24.0
37805896,9344.0,360841.0,24.0
37832702,9344.0,360841.0,24.0
37802324,9344.0,360841.0,24.0
37954501,9344.0,360841.0,24.0
37712510,9344.0,360841.0,24.0
38031531,9344.0,360841.0,24.0
37678883,9344.0,360841.0,24.0
37487978,9344.0,360841.0,24.0
37657440,9344.0,360841.0,24.0
37576575,9344.0,360841.0,24.0
37640357,9344.0,360841.0,24.0
37473985,9344.0,360841.0,24.0
37591989,9344.0,360841.0,24.0
37511926,9344.0,360841.0,24.0
37619647,9344.0,360841.0,24.0
38131355,9344.0,360841.0,24.0
37934122,9344.0,360841.0,24.0
37769485,9344.0,360841.0,24.0
37855987,9344.0,360841.0,24.0
37947529,9344.0,360841.0,24.0
37852990,9344.0,360841.0,24.0
38358310,9344.0,360841.0,24.0
37797923,9344.0,360841.0,24.0
37788092,9344.0,360841.0,24.0
38068749,9344.0,360841.0,24.0
37889792,9344.0,360841.0,24.0
37664857,9344.0,360841.0,24.0
37751493,9344.0,360841.0,24.0
37612722,9344.0,360841.0,24.0
37567099,9344.0,360841.0,24.0
37653389,9344.0,360841.0,24.0
37609025,9344.0,360841.0,24.0
37666067,9344.0,360841.0,24.0
37585098,9344.0,360841.0,24.0
37671552,9344.0,360841.0,24.0
37803437,9501.0,360841.0,24.0
37665171,9501.0,360841.0,24.0
37613228,9501.0,360841.0,24.0
37543558,9501.0,360841.0,24.0
37530871,9501.0,360841.0,24.0
37881915,9501.0,360841.0,24.0
38099326,9501.0,360841.0,24.0
37664473,9501.0,360841.0,24.0
37491334,9501.0,360841.0,24.0
37582184,9501.0,360841.0,24.0
37797271,9501.0,360841.0,24.0
37487864,9501.0,360841.0,24.0
37483559,9501.0,360841.0,24.0
37491486,9501.0,360841.0,24.0
37541167,9501.0,360841.0,24.0
37539000,9501.0,360841.0,24.0
37519139,9501.0,360841.0,24.0
37513334,9501.0,360841.0,24.0
37540421,9501.0,360841.0,24.0
37604377,9501.0,360841.0,24.0
37769946,9501.0,360841.0,24.0
37600397,9501.0,360841.0,24.0
37546669,9501.0,360841.0,24.0
37580611,9501.0,360841.0,24.0
37674950,9501.0,360841.0,24.0
37464027,9501.0,360841.0,24.0
37659376,9501.0,360841.0,24.0
37721876,9501.0,360841.0,24.0
37627420,9501.0,360841.0,24.0
37570846,9501.0,360841.0,24.0
37765197,9501.0,360841.0,24.0
37531394,9501.0,360841.0,24.0
37600884,9501.0,360841.0,24.0
37592226,9501.0,360841.0,24.0
37432242,9501.0,360841.0,24.0
37453873,9501.0,360841.0,24.0
37402984,9501.0,360841.0,24.0
37471094,9501.0,360841.0,24.0
37480198,9501.0,360841.0,24.0
37434810,9501.0,360841.0,24.0
37728048,9501.0,360841.0,24.0
37768598,9501.0,360841.0,24.0
37587494,9501.0,360841.0,24.0
37696064,9501.0,360841.0,24.0
37534835,9501.0,360841.0,24.0
37545008,9501.0,360841.0,24.0
37614534,9501.0,360841.0,24.0
37548723,9501.0,360841.0,24.0
37666199,9501.0,360841.0,24.0
37640288,9501.0,360841.0,24.0
38074041,9501.0,360841.0,24.0
41104788,9501.0,360841.0,24.0
37555188,9501.0,360841.0,24.0
37508602,9501.0,360841.0,24.0
37425975,9501.0,360841.0,24.0
37493674,9501.0,360841.0,24.0
37499847,9501.0,360841.0,24.0
37548045,9501.0,360841.0,24.0
37464515,9501.0,360841.0,24.0
37400449,9501.0,360841.0,24.0
37863437,9501.0,360841.0,24.0
37699599,9501.0,360841.0,24.0
37615222,9501.0,360841.0,24.0
37588287,9501.0,360841.0,24.0
37636698,9501.0,360841.0,24.0
37621250,9501.0,360841.0,24.0
37576802,9501.0,360841.0,24.0
37589843,9501.0,360841.0,24.0
37581624,9501.0,360841.0,24.0
37615190,9501.0,360841.0,24.0
37700692,9501.0,360841.0,24.0
37501442,9501.0,360841.0,24.0
37502628,9501.0,360841.0,24.0
37434533,9501.0,360841.0,24.0
37883381,9501.0,360841.0,24.0
38161900,9501.0,360841.0,24.0
37438297,9501.0,360841.0,24.0
37498265,9501.0,360841.0,24.0
37570874,9501.0,360841.0,24.0
37444178,9501.0,360841.0,24.0
37942311,9501.0,360841.0,24.0
37480250,9501.0,360841.0,24.0
37648240,9501.0,360841.0,24.0
37553418,9501.0,360841.0,24.0
37610621,9501.0,360841.0,24.0
37505237,9501.0,360841.0,24.0
37614425,9501.0,360841.0,24.0
37618688,9501.0,360841.0,24.0
37644952,9501.0,360841.0,24.0
37560983,9501.0,360841.0,24.0
37828794,9501.0,360841.0,24.0
37495666,9501.0,360841.0,24.0
37568344,9501.0,360841.0,24.0
37563167,9501.0,360841.0,24.0
37538549,9501.0,360841.0,24.0
37454019,9501.0,360841.0,24.0
37710133,9501.0,360841.0,24.0
37561673,9501.0,360841.0,24.0
38156507,9501.0,360841.0,24.0
37519989,9501.0,360841.0,24.0
38316360,9658.0,360841.0,24.0
37936052,9658.0,360841.0,24.0
37952354,9658.0,360841.0,24.0
37825418,9658.0,360841.0,24.0
37873980,9658.0,360841.0,24.0
37787605,9658.0,360841.0,24.0
37907612,9658.0,360841.0,24.0
37929139,9658.0,360841.0,24.0
37851308,9658.0,360841.0,24.0
37796646,9658.0,360841.0,24.0
38112669,9658.0,360841.0,24.0
37730396,9658.0,360841.0,24.0
37733391,9658.0,360841.0,24.0
37772831,9658.0,360841.0,24.0
37597095,9658.0,360841.0,24.0
37712611,9658.0,360841.0,24.0
37694496,9658.0,360841.0,24.0
38163911,9658.0,360841.0,24.0
37656568,9658.0,360841.0,24.0
38272618,9658.0,360841.0,24.0
38407531,9658.0,360841.0,24.0
37843653,9658.0,360841.0,24.0
37891556,9658.0,360841.0,24.0
37915608,9658.0,360841.0,24.0
37831366,9658.0,360841.0,24.0
37887633,9658.0,360841.0,24.0
37927008,9658.0,360841.0,24.0
37875192,9658.0,360841.0,24.0
37802035,9658.0,360841.0,24.0
37840642,9658.0,360841.0,24.0
38199804,9658.0,360841.0,24.0
37814606,9658.0,360841.0,24.0
37655032,9658.0,360841.0,24.0
37670844,9658.0,360841.0,24.0
37645945,9658.0,360841.0,24.0
37626025,9658.0,360841.0,24.0
37720021,9658.0,360841.0,24.0
37687281,9658.0,360841.0,24.0
37648368,9658.0,360841.0,24.0
37706385,9658.0,360841.0,24.0
38780050,9658.0,360841.0,24.0
37915079,9658.0,360841.0,24.0
37861208,9658.0,360841.0,24.0
37857610,9658.0,360841.0,24.0
37842605,9658.0,360841.0,24.0
37845206,9658.0,360841.0,24.0
37938886,9658.0,360841.0,24.0
37822082,9658.0,360841.0,24.0
37872236,9658.0,360841.0,24.0
38006822,9658.0,360841.0,24.0
38085138,9658.0,360841.0,24.0
37755211,9658.0,360841.0,24.0
37720953,9658.0,360841.0,24.0
37755797,9658.0,360841.0,24.0
37641050,9658.0,360841.0,24.0
37633306,9658.0,360841.0,24.0
37655185,9658.0,360841.0,24.0
37699026,9658.0,360841.0,24.0
37778680,9658.0,360841.0,24.0
37662269,9658.0,360841.0,24.0
38290589,9658.0,360841.0,24.0
37962215,9658.0,360841.0,24.0
37884591,9658.0,360841.0,24.0
37855632,9658.0,360841.0,24.0
38445817,9658.0,360841.0,24.0
37799589,9658.0,360841.0,24.0
37806483,9658.0,360841.0,24.0
37875904,9658.0,360841.0,24.0
37828453,9658.0,360841.0,24.0
37784179,9658.0,360841.0,24.0
38209216,9658.0,360841.0,24.0
37739155,9658.0,360841.0,24.0
37761023,9658.0,360841.0,24.0
37789820,9658.0,360841.0,24.0
37694356,9658.0,360841.0,24.0
37617836,9658.0,360841.0,24.0
37753890,9658.0,360841.0,24.0
37627831,9658.0,360841.0,24.0
37706088,9658.0,360841.0,24.0
37720139,9658.0,360841.0,24.0
38207922,9658.0,360841.0,24.0
37935339,9658.0,360841.0,24.0
37866929,9658.0,360841.0,24.0
37840166,9658.0,360841.0,24.0
37909673,9658.0,360841.0,24.0
38230143,9658.0,360841.0,24.0
37835432,9658.0,360841.0,24.0
38344430,9658.0,360841.0,24.0
37897738,9658.0,360841.0,24.0
37860576,9658.0,360841.0,24.0
38144312,9658.0,360841.0,24.0
37734706,9658.0,360841.0,24.0
37727706,9658.0,360841.0,24.0
37716901,9658.0,360841.0,24.0
37752464,9658.0,360841.0,24.0
37653961,9658.0,360841.0,24.0
37737691,9658.0,360841.0,24.0
37686159,9658.0,360841.0,24.0
37719473,9658.0,360841.0,24.0
37749963,9658.0,360841.0,24.0
38095977,9814.0,360841.0,24.0
37758959,9814.0,360841.0,24.0
37777980,9814.0,360841.0,24.0
37864411,9814.0,360841.0,24.0
37566990,9814.0,360841.0,24.0
37872447,9814.0,360841.0,24.0
37676315,9814.0,360841.0,24.0
38325911,9814.0,360841.0,24.0
37637370,9814.0,360841.0,24.0
37700291,9814.0,360841.0,24.0
38212488,9814.0,360841.0,24.0
37574642,9814.0,360841.0,24.0
37563747,9814.0,360841.0,24.0
37531607,9814.0,360841.0,24.0
37524703,9814.0,360841.0,24.0
37547393,9814.0,360841.0,24.0
37480830,9814.0,360841.0,24.0
37576100,9814.0,360841.0,24.0
37440027,9814.0,360841.0,24.0
37575269,9814.0,360841.0,24.0
37988414,9814.0,360841.0,24.0
37712472,9814.0,360841.0,24.0
37707639,9814.0,360841.0,24.0
37653527,9814.0,360841.0,24.0
37752300,9814.0,360841.0,24.0
37687932,9814.0,360841.0,24.0
37695932,9814.0,360841.0,24.0
37681698,9814.0,360841.0,24.0
37724107,9814.0,360841.0,24.0
38028979,9814.0,360841.0,24.0
37722920,9814.0,360841.0,24.0
37489309,9814.0,360841.0,24.0
37530071,9814.0,360841.0,24.0
37377844,9814.0,360841.0,24.0
37558747,9814.0,360841.0,24.0
37354607,9814.0,360841.0,24.0
37656160,9814.0,360841.0,24.0
37443862,9814.0,360841.0,24.0
37531029,9814.0,360841.0,24.0
37486415,9814.0,360841.0,24.0
38023009,9814.0,360841.0,24.0
37764702,9814.0,360841.0,24.0
37835020,9814.0,360841.0,24.0
37724589,9814.0,360841.0,24.0
37830774,9814.0,360841.0,24.0
37640300,9814.0,360841.0,24.0
37700688,9814.0,360841.0,24.0
37714778,9814.0,360841.0,24.0
37674368,9814.0,360841.0,24.0
37632800,9814.0,360841.0,24.0
37889975,9814.0,360841.0,24.0
37881488,9814.0,360841.0,24.0
38093317,9814.0,360841.0,24.0
37591233,9814.0,360841.0,24.0
37520420,9814.0,360841.0,24.0
37457507,9814.0,360841.0,24.0
37465330,9814.0,360841.0,24.0
37508994,9814.0,360841.0,24.0
37471207,9814.0,360841.0,24.0
37495199,9814.0,360841.0,24.0
37996311,9814.0,360841.0,24.0
37837483,9814.0,360841.0,24.0
37626496,9814.0,360841.0,24.0
37719548,9814.0,360841.0,24.0
37634646,9814.0,360841.0,24.0
37676044,9814.0,360841.0,24.0
37697844,9814.0,360841.0,24.0
37784263,9814.0,360841.0,24.0
37642117,9814.0,360841.0,24.0
37676888,9814.0,360841.0,24.0
37775416,9814.0,360841.0,24.0
37514344,9814.0,360841.0,24.0
37429102,9814.0,360841.0,24.0
37680136,9814.0,360841.0,24.0
37568934,9814.0,360841.0,24.0
37543009,9814.0,360841.0,24.0
38053137,9814.0,360841.0,24.0
37573172,9814.0,360841.0,24.0
37360608,9814.0,360841.0,24.0
37625567,9814.0,360841.0,24.0
41033305,9814.0,360841.0,24.0
37703553,9814.0,360841.0,24.0
37838079,9814.0,360841.0,24.0
37605332,9814.0,360841.0,24.0
37780120,9814.0,360841.0,24.0
37742783,9814.0,360841.0,24.0
37790706,9814.0,360841.0,24.0
37664123,9814.0,360841.0,24.0
37665233,9814.0,360841.0,24.0
37754804,9814.0,360841.0,24.0
37831997,9814.0,360841.0,24.0
37550981,9814.0,360841.0,24.0
37470595,9814.0,360841.0,24.0
37488451,9814.0,360841.0,24.0
37516538,9814.0,360841.0,24.0
37509741,9814.0,360841.0,24.0
37639569,9814.0,360841.0,24.0
37856739,9814.0,360841.0,24.0
37618348,9814.0,360841.0,24.0
38071192,9814.0,360841.0,24.0
38016022,9971.0,360841.0,24.0
37762311,9971.0,360841.0,24.0
37651590,9971.0,360841.0,24.0
37795965,9971.0,360841.0,24.0
37875763,9971.0,360841.0,24.0
37694359,9971.0,360841.0,24.0
37757857,9971.0,360841.0,24.0
37762392,9971.0,360841.0,24.0
37757102,9971.0,360841.0,24.0
37798831,9971.0,360841.0,24.0
37898271,9971.0,360841.0,24.0
37613001,9971.0,360841.0,24.0
37617970,9971.0,360841.0,24.0
37510581,9971.0,360841.0,24.0
37665870,9971.0,360841.0,24.0
37684308,9971.0,360841.0,24.0
37637269,9971.0,360841.0,24.0
37562751,9971.0,360841.0,24.0
37563646,9971.0,360841.0,24.0
38034517,9971.0,360841.0,24.0
38096834,9971.0,360841.0,24.0
37721926,9971.0,360841.0,24.0
37641359,9971.0,360841.0,24.0
37684485,9971.0,360841.0,24.0
37692171,9971.0,360841.0,24.0
37746907,9971.0,360841.0,24.0
37732735,9971.0,360841.0,24.0
37975006,9971.0,360841.0,24.0
37666952,9971.0,360841.0,24.0
37798317,9971.0,360841.0,24.0
37804333,9971.0,360841.0,24.0
37584469,9971.0,360841.0,24.0
37442377,9971.0,360841.0,24.0
37663089,9971.0,360841.0,24.0
37532786,9971.0,360841.0,24.0
37592609,9971.0,360841.0,24.0
37568365,9971.0,360841.0,24.0
37529779,9971.0,360841.0,24.0
37680544,9971.0,360841.0,24.0
37511488,9971.0,360841.0,24.0
37969055,9971.0,360841.0,24.0
38217931,9971.0,360841.0,24.0
37863136,9971.0,360841.0,24.0
37624733,9971.0,360841.0,24.0
37804677,9971.0,360841.0,24.0
37717789,9971.0,360841.0,24.0
37696160,9971.0,360841.0,24.0
37772472,9971.0,360841.0,24.0
37763102,9971.0,360841.0,24.0
37766911,9971.0,360841.0,24.0
37969073,9971.0,360841.0,24.0
37593781,9971.0,360841.0,24.0
37664545,9971.0,360841.0,24.0
37584268,9971.0,360841.0,24.0
37660362,9971.0,360841.0,24.0
37657805,9971.0,360841.0,24.0
37621408,9971.0,360841.0,24.0
37565055,9971.0,360841.0,24.0
37635112,9971.0,360841.0,24.0
37378282,9971.0,360841.0,24.0
38047414,9971.0,360841.0,24.0
37850168,9971.0,360841.0,24.0
37619429,9971.0,360841.0,24.0
38058287,9971.0,360841.0,24.0
37741487,9971.0,360841.0,24.0
38244773,9971.0,360841.0,24.0
37816542,9971.0,360841.0,24.0
37667082,9971.0,360841.0,24.0
37557280,9971.0,360841.0,24.0
37813849,9971.0,360841.0,24.0
38134568,9971.0,360841.0,24.0
37502994,9971.0,360841.0,24.0
37443627,9971.0,360841.0,24.0
37831481,9971.0,360841.0,24.0
37606991,9971.0,360841.0,24.0
37444077,9971.0,360841.0,24.0
37552106,9971.0,360841.0,24.0
37643285,9971.0,360841.0,24.0
37488803,9971.0,360841.0,24.0
37574566,9971.0,360841.0,24.0
37952968,9971.0,360841.0,24.0
37815647,9971.0,360841.0,24.0
37594334,9971.0,360841.0,24.0
37700128,9971.0,360841.0,24.0
37811571,9971.0,360841.0,24.0
37894185,9971.0,360841.0,24.0
37754490,9971.0,360841.0,24.0
37799776,9971.0,360841.0,24.0
38255608,9971.0,360841.0,24.0
37641237,9971.0,360841.0,24.0
37859293,9971.0,360841.0,24.0
37666246,9971.0,360841.0,24.0
37491239,9971.0,360841.0,24.0
37632515,9971.0,360841.0,24.0
37594519,9971.0,360841.0,24.0
37467065,9971.0,360841.0,24.0
37852384,9971.0,360841.0,24.0
37548200,9971.0,360841.0,24.0
37584371,9971.0,360841.0,24.0
37528045,9971.0,360841.0,24.0
38180846,10128.0,360841.0,24.0
38007929,10128.0,360841.0,24.0
37759390,10128.0,360841.0,24.0
37903876,10128.0,360841.0,24.0
37962517,10128.0,360841.0,24.0
37882879,10128.0,360841.0,24.0
37970317,10128.0,360841.0,24.0
38270458,10128.0,360841.0,24.0
37997988,10128.0,360841.0,24.0
38420331,10128.0,360841.0,24.0
38092347,10128.0,360841.0,24.0
37589148,10128.0,360841.0,24.0
37819731,10128.0,360841.0,24.0
37644568,10128.0,360841.0,24.0
37762474,10128.0,360841.0,24.0
37731787,10128.0,360841.0,24.0
37640002,10128.0,360841.0,24.0
37792647,10128.0,360841.0,24.0
37854823,10128.0,360841.0,24.0
37761295,10128.0,360841.0,24.0
38229381,10128.0,360841.0,24.0
37864650,10128.0,360841.0,24.0
37894307,10128.0,360841.0,24.0
37891876,10128.0,360841.0,24.0
37969570,10128.0,360841.0,24.0
37870103,10128.0,360841.0,24.0
37902315,10128.0,360841.0,24.0
37795630,10128.0,360841.0,24.0
38008125,10128.0,360841.0,24.0
37715936,10128.0,360841.0,24.0
38555681,10128.0,360841.0,24.0
37709375,10128.0,360841.0,24.0
37729592,10128.0,360841.0,24.0
37794552,10128.0,360841.0,24.0
37867300,10128.0,360841.0,24.0
37891273,10128.0,360841.0,24.0
37643765,10128.0,360841.0,24.0
37648328,10128.0,360841.0,24.0
37756020,10128.0,360841.0,24.0
37878393,10128.0,360841.0,24.0
38299229,10128.0,360841.0,24.0
37972592,10128.0,360841.0,24.0
37901696,10128.0,360841.0,24.0
37921115,10128.0,360841.0,24.0
37901613,10128.0,360841.0,24.0
37924938,10128.0,360841.0,24.0
38028916,10128.0,360841.0,24.0
37871055,10128.0,360841.0,24.0
37821599,10128.0,360841.0,24.0
37913034,10128.0,360841.0,24.0
38040959,10128.0,360841.0,24.0
37892134,10128.0,360841.0,24.0
37630753,10128.0,360841.0,24.0
38254025,10128.0,360841.0,24.0
37683261,10128.0,360841.0,24.0
37739170,10128.0,360841.0,24.0
37777298,10128.0,360841.0,24.0
37657495,10128.0,360841.0,24.0
37735665,10128.0,360841.0,24.0
37727997,10128.0,360841.0,24.0
38233178,10128.0,360841.0,24.0
38004148,10128.0,360841.0,24.0
37818070,10128.0,360841.0,24.0
37867174,10128.0,360841.0,24.0
37815439,10128.0,360841.0,24.0
38020338,10128.0,360841.0,24.0
37995928,10128.0,360841.0,24.0
37764832,10128.0,360841.0,24.0
37897245,10128.0,360841.0,24.0
37808470,10128.0,360841.0,24.0
38126786,10128.0,360841.0,24.0
37832357,10128.0,360841.0,24.0
37682781,10128.0,360841.0,24.0
37688678,10128.0,360841.0,24.0
37812093,10128.0,360841.0,24.0
38001051,10128.0,360841.0,24.0
37795555,10128.0,360841.0,24.0
38198273,10128.0,360841.0,24.0
37771206,10128.0,360841.0,24.0
37744839,10128.0,360841.0,24.0
38283443,10128.0,360841.0,24.0
37899388,10128.0,360841.0,24.0
37824117,10128.0,360841.0,24.0
37847861,10128.0,360841.0,24.0
37974174,10128.0,360841.0,24.0
37831200,10128.0,360841.0,24.0
38006917,10128.0,360841.0,24.0
37812701,10128.0,360841.0,24.0
37932556,10128.0,360841.0,24.0
37832353,10128.0,360841.0,24.0
38031361,10128.0,360841.0,24.0
37707781,10128.0,360841.0,24.0
37690157,10128.0,360841.0,24.0
37801715,10128.0,360841.0,24.0
37631994,10128.0,360841.0,24.0
37603233,10128.0,360841.0,24.0
37578287,10128.0,360841.0,24.0
37714189,10128.0,360841.0,24.0
37679352,10128.0,360841.0,24.0
38123355,10128.0,360841.0,24.0
38160611,10285.0,360841.0,24.0
38053478,10285.0,360841.0,24.0
37810152,10285.0,360841.0,24.0
37848533,10285.0,360841.0,24.0
37994939,10285.0,360841.0,24.0
37978170,10285.0,360841.0,24.0
37853968,10285.0,360841.0,24.0
37803653,10285.0,360841.0,24.0
40814834,10285.0,360841.0,24.0
37844033,10285.0,360841.0,24.0
37934532,10285.0,360841.0,24.0
37623059,10285.0,360841.0,24.0
37679071,10285.0,360841.0,24.0
37699127,10285.0,360841.0,24.0
37643270,10285.0,360841.0,24.0
37649314,10285.0,360841.0,24.0
37647718,10285.0,360841.0,24.0
37595887,10285.0,360841.0,24.0
37829354,10285.0,360841.0,24.0
37592964,10285.0,360841.0,24.0
38003956,10285.0,360841.0,24.0
37950884,10285.0,360841.0,24.0
37685067,10285.0,360841.0,24.0
37925162,10285.0,360841.0,24.0
37774640,10285.0,360841.0,24.0
37822738,10285.0,360841.0,24.0
37903903,10285.0,360841.0,24.0
37849135,10285.0,360841.0,24.0
37969231,10285.0,360841.0,24.0
37892795,10285.0,360841.0,24.0
37793979,10285.0,360841.0,24.0
37591979,10285.0,360841.0,24.0
37449493,10285.0,360841.0,24.0
37561998,10285.0,360841.0,24.0
37592408,10285.0,360841.0,24.0
37769428,10285.0,360841.0,24.0
37535352,10285.0,360841.0,24.0
37671720,10285.0,360841.0,24.0
37592964,10285.0,360841.0,24.0
37541808,10285.0,360841.0,24.0
38137944,10285.0,360841.0,24.0
38421819,10285.0,360841.0,24.0
38343260,10285.0,360841.0,24.0
37845904,10285.0,360841.0,24.0
37942919,10285.0,360841.0,24.0
37845121,10285.0,360841.0,24.0
37849157,10285.0,360841.0,24.0
37817649,10285.0,360841.0,24.0
37922061,10285.0,360841.0,24.0
37893633,10285.0,360841.0,24.0
37800497,10285.0,360841.0,24.0
37654943,10285.0,360841.0,24.0
37544229,10285.0,360841.0,24.0
37664744,10285.0,360841.0,24.0
37676404,10285.0,360841.0,24.0
37569457,10285.0,360841.0,24.0
37675779,10285.0,360841.0,24.0
37721462,10285.0,360841.0,24.0
37635931,10285.0,360841.0,24.0
37542871,10285.0,360841.0,24.0
38231710,10285.0,360841.0,24.0
37897511,10285.0,360841.0,24.0
37927451,10285.0,360841.0,24.0
38030427,10285.0,360841.0,24.0
37806167,10285.0,360841.0,24.0
38531443,10285.0,360841.0,24.0
37791734,10285.0,360841.0,24.0
37817907,10285.0,360841.0,24.0
37814261,10285.0,360841.0,24.0
37982540,10285.0,360841.0,24.0
37948555,10285.0,360841.0,24.0
37637219,10285.0,360841.0,24.0
37693663,10285.0,360841.0,24.0
37639052,10285.0,360841.0,24.0
37588565,10285.0,360841.0,24.0
37549215,10285.0,360841.0,24.0
37647404,10285.0,360841.0,24.0
37552246,10285.0,360841.0,24.0
37606738,10285.0,360841.0,24.0
37631753,10285.0,360841.0,24.0
38105253,10285.0,360841.0,24.0
37972181,10285.0,360841.0,24.0
37852802,10285.0,360841.0,24.0
37854603,10285.0,360841.0,24.0
37888204,10285.0,360841.0,24.0
37955676,10285.0,360841.0,24.0
37908623,10285.0,360841.0,24.0
38208705,10285.0,360841.0,24.0
38393776,10285.0,360841.0,24.0
37928966,10285.0,360841.0,24.0
37888997,10285.0,360841.0,24.0
37529428,10285.0,360841.0,24.0
37557920,10285.0,360841.0,24.0
37740161,10285.0,360841.0,24.0
37647474,10285.0,360841.0,24.0
37655200,10285.0,360841.0,24.0
37539609,10285.0,360841.0,24.0
37667174,10285.0,360841.0,24.0
37577022,10285.0,360841.0,24.0
37501645,10285.0,360841.0,24.0
38395876,10441.0,360841.0,24.0
38200577,10441.0,360841.0,24.0
38102539,10441.0,360841.0,24.0
38084900,10441.0,360841.0,24.0
38132250,10441.0,360841.0,24.0
38059254,10441.0,360841.0,24.0
38038349,10441.0,360841.0,24.0
38113423,10441.0,360841.0,24.0
38419747,10441.0,360841.0,24.0
38594027,10441.0,360841.0,24.0
38346648,10441.0,360841.0,24.0
37982145,10441.0,360841.0,24.0
38065264,10441.0,360841.0,24.0
37890850,10441.0,360841.0,24.0
37917277,10441.0,360841.0,24.0
37864272,10441.0,360841.0,24.0
37936614,10441.0,360841.0,24.0
37887895,10441.0,360841.0,24.0
37873253,10441.0,360841.0,24.0
37894158,10441.0,360841.0,24.0
38496601,10441.0,360841.0,24.0
38239254,10441.0,360841.0,24.0
38103715,10441.0,360841.0,24.0
38133748,10441.0,360841.0,24.0
38099956,10441.0,360841.0,24.0
38067059,10441.0,360841.0,24.0
38055603,10441.0,360841.0,24.0
38062068,10441.0,360841.0,24.0
38147739,10441.0,360841.0,24.0
38053207,10441.0,360841.0,24.0
38873721,10441.0,360841.0,24.0
38094203,10441.0,360841.0,24.0
37882584,10441.0,360841.0,24.0
37977904,10441.0,360841.0,24.0
37996836,10441.0,360841.0,24.0
37902367,10441.0,360841.0,24.0
37952507,10441.0,360841.0,24.0
37960044,10441.0,360841.0,24.0
37937633,10441.0,360841.0,24.0
37850852,10441.0,360841.0,24.0
38530365,10441.0,360841.0,24.0
38172623,10441.0,360841.0,24.0
38046771,10441.0,360841.0,24.0
38161659,10441.0,360841.0,24.0
38088697,10441.0,360841.0,24.0
38098881,10441.0,360841.0,24.0
38132920,10441.0,360841.0,24.0
38043510,10441.0,360841.0,24.0
38132327,10441.0,360841.0,24.0
38085142,10441.0,360841.0,24.0
38299259,10441.0,360841.0,24.0
37925696,10441.0,360841.0,24.0
38274635,10441.0,360841.0,24.0
37898929,10441.0,360841.0,24.0
38436990,10441.0,360841.0,24.0
37860806,10441.0,360841.0,24.0
37848420,10441.0,360841.0,24.0
37859854,10441.0,360841.0,24.0
37984374,10441.0,360841.0,24.0
38166101,10441.0,360841.0,24.0
38598011,10441.0,360841.0,24.0
38169568,10441.0,360841.0,24.0
38079772,10441.0,360841.0,24.0
38045819,10441.0,360841.0,24.0
38087134,10441.0,360841.0,24.0
38090432,10441.0,360841.0,24.0
38019664,10441.0,360841.0,24.0
38165575,10441.0,360841.0,24.0
38036335,10441.0,360841.0,24.0
38072135,10441.0,360841.0,24.0
38253348,10441.0,360841.0,24.0
37951186,10441.0,360841.0,24.0
37926488,10441.0,360841.0,24.0
37881760,10441.0,360841.0,24.0
37956140,10441.0,360841.0,24.0
37938949,10441.0,360841.0,24.0
38283222,10441.0,360841.0,24.0
38487376,10441.0,360841.0,24.0
37905788,10441.0,360841.0,24.0
37894600,10441.0,360841.0,24.0
38391737,10441.0,360841.0,24.0
38273395,10441.0,360841.0,24.0
38129166,10441.0,360841.0,24.0
38033001,10441.0,360841.0,24.0
38022983,10441.0,360841.0,24.0
38107885,10441.0,360841.0,24.0
38171877,10441.0,360841.0,24.0
38123854,10441.0,360841.0,24.0
38079983,10441.0,360841.0,24.0
38149531,10441.0,360841.0,24.0
38335476,10441.0,360841.0,24.0
37952484,10441.0,360841.0,24.0
37796587,10441.0,360841.0,24.0
37842747,10441.0,360841.0,24.0
37965790,10441.0,360841.0,24.0
37837271,10441.0,360841.0,24.0
37880854,10441.0,360841.0,24.0
37899413,10441.0,360841.0,24.0
38062686,10441.0,360841.0,24.0
37874630,10441.0,360841.0,24.0
38325264,10598.0,360841.0,24.0
37917518,10598.0,360841.0,24.0
37942068,10598.0,360841.0,24.0
37944847,10598.0,360841.0,24.0
37984498,10598.0,360841.0,24.0
38006987,10598.0,360841.0,24.0
37913305,10598.0,360841.0,24.0
37940318,10598.0,360841.0,24.0
37892686,10598.0,360841.0,24.0
37915310,10598.0,360841.0,24.0
38095808,10598.0,360841.0,24.0
37800585,10598.0,360841.0,24.0
37794423,10598.0,360841.0,24.0
37758325,10598.0,360841.0,24.0
37776396,10598.0,360841.0,24.0
37827697,10598.0,360841.0,24.0
37851460,10598.0,360841.0,24.0
37681999,10598.0,360841.0,24.0
37651103,10598.0,360841.0,24.0
38336335,10598.0,360841.0,24.0
38106621,10598.0,360841.0,24.0
37890794,10598.0,360841.0,24.0
37966239,10598.0,360841.0,24.0
37933784,10598.0,360841.0,24.0
37964981,10598.0,360841.0,24.0
37903311,10598.0,360841.0,24.0
37876517,10598.0,360841.0,24.0
37901706,10598.0,360841.0,24.0
37960305,10598.0,360841.0,24.0
37965954,10598.0,360841.0,24.0
37976309,10598.0,360841.0,24.0
37811482,10598.0,360841.0,24.0
37680840,10598.0,360841.0,24.0
37743467,10598.0,360841.0,24.0
37820993,10598.0,360841.0,24.0
37712710,10598.0,360841.0,24.0
40748487,10598.0,360841.0,24.0
37767932,10598.0,360841.0,24.0
37641268,10598.0,360841.0,24.0
37622649,10598.0,360841.0,24.0
38361893,10598.0,360841.0,24.0
37984983,10598.0,360841.0,24.0
38497039,10598.0,360841.0,24.0
38010147,10598.0,360841.0,24.0
37934135,10598.0,360841.0,24.0
37926053,10598.0,360841.0,24.0
37967098,10598.0,360841.0,24.0
37926444,10598.0,360841.0,24.0
38076352,10598.0,360841.0,24.0
37948095,10598.0,360841.0,24.0
38033291,10598.0,360841.0,24.0
37835884,10598.0,360841.0,24.0
37728107,10598.0,360841.0,24.0
37775103,10598.0,360841.0,24.0
37731010,10598.0,360841.0,24.0
37870075,10598.0,360841.0,24.0
37730196,10598.0,360841.0,24.0
37680872,10598.0,360841.0,24.0
37651553,10598.0,360841.0,24.0
37741785,10598.0,360841.0,24.0
38271961,10598.0,360841.0,24.0
38019011,10598.0,360841.0,24.0
37854451,10598.0,360841.0,24.0
38269598,10598.0,360841.0,24.0
37846939,10598.0,360841.0,24.0
38544255,10598.0,360841.0,24.0
37963580,10598.0,360841.0,24.0
37912673,10598.0,360841.0,24.0
37910382,10598.0,360841.0,24.0
37723119,10598.0,360841.0,24.0
38198071,10598.0,360841.0,24.0
37706611,10598.0,360841.0,24.0
37715291,10598.0,360841.0,24.0
37839134,10598.0,360841.0,24.0
37798462,10598.0,360841.0,24.0
37829708,10598.0,360841.0,24.0
37772136,10598.0,360841.0,24.0
37782689,10598.0,360841.0,24.0
37696669,10598.0,360841.0,24.0
37753223,10598.0,360841.0,24.0
38248403,10598.0,360841.0,24.0
38160589,10598.0,360841.0,24.0
38023987,10598.0,360841.0,24.0
37900517,10598.0,360841.0,24.0
37984297,10598.0,360841.0,24.0
38012637,10598.0,360841.0,24.0
37951394,10598.0,360841.0,24.0
38187268,10598.0,360841.0,24.0
38427885,10598.0,360841.0,24.0
37874260,10598.0,360841.0,24.0
38018842,10598.0,360841.0,24.0
37689944,10598.0,360841.0,24.0
37775990,10598.0,360841.0,24.0
37774691,10598.0,360841.0,24.0
37712138,10598.0,360841.0,24.0
37834690,10598.0,360841.0,24.0
37676049,10598.0,360841.0,24.0
37863765,10598.0,360841.0,24.0
37711348,10598.0,360841.0,24.0
37755386,10598.0,360841.0,24.0
38440542,10755.0,360841.0,24.0
38030028,10755.0,360841.0,24.0
37985740,10755.0,360841.0,24.0
38151209,10755.0,360841.0,24.0
37968135,10755.0,360841.0,24.0
38049588,10755.0,360841.0,24.0
38166073,10755.0,360841.0,24.0
38157667,10755.0,360841.0,24.0
38007066,10755.0,360841.0,24.0
38637537,10755.0,360841.0,24.0
38344341,10755.0,360841.0,24.0
37954782,10755.0,360841.0,24.0
37857209,10755.0,360841.0,24.0
37917314,10755.0,360841.0,24.0
37917790,10755.0,360841.0,24.0
37901567,10755.0,360841.0,24.0
37899166,10755.0,360841.0,24.0
38066353,10755.0,360841.0,24.0
37782126,10755.0,360841.0,24.0
37890703,10755.0,360841.0,24.0
38571297,10755.0,360841.0,24.0
38113677,10755.0,360841.0,24.0
37977217,10755.0,360841.0,24.0
38009350,10755.0,360841.0,24.0
38057645,10755.0,360841.0,24.0
38060029,10755.0,360841.0,24.0
38047817,10755.0,360841.0,24.0
38046248,10755.0,360841.0,24.0
38049842,10755.0,360841.0,24.0
38108656,10755.0,360841.0,24.0
38758366,10755.0,360841.0,24.0
37936385,10755.0,360841.0,24.0
37938802,10755.0,360841.0,24.0
37971842,10755.0,360841.0,24.0
37836716,10755.0,360841.0,24.0
38042517,10755.0,360841.0,24.0
37962351,10755.0,360841.0,24.0
38035264,10755.0,360841.0,24.0
37922807,10755.0,360841.0,24.0
37942469,10755.0,360841.0,24.0
38314425,10755.0,360841.0,24.0
38071855,10755.0,360841.0,24.0
37934488,10755.0,360841.0,24.0
38068776,10755.0,360841.0,24.0
38036839,10755.0,360841.0,24.0
38154183,10755.0,360841.0,24.0
37986165,10755.0,360841.0,24.0
37973250,10755.0,360841.0,24.0
37915032,10755.0,360841.0,24.0
38123247,10755.0,360841.0,24.0
38161508,10755.0,360841.0,24.0
37919068,10755.0,360841.0,24.0
38279898,10755.0,360841.0,24.0
38360730,10755.0,360841.0,24.0
37997124,10755.0,360841.0,24.0
37723956,10755.0,360841.0,24.0
38017144,10755.0,360841.0,24.0
37866047,10755.0,360841.0,24.0
37867307,10755.0,360841.0,24.0
37916600,10755.0,360841.0,24.0
38345199,10755.0,360841.0,24.0
38092024,10755.0,360841.0,24.0
38218392,10755.0,360841.0,24.0
38037866,10755.0,360841.0,24.0
38123427,10755.0,360841.0,24.0
37922163,10755.0,360841.0,24.0
38143925,10755.0,360841.0,24.0
38035704,10755.0,360841.0,24.0
38119551,10755.0,360841.0,24.0
37976632,10755.0,360841.0,24.0
38426226,10755.0,360841.0,24.0
37863044,10755.0,360841.0,24.0
38079057,10755.0,360841.0,24.0
38129769,10755.0,360841.0,24.0
38076183,10755.0,360841.0,24.0
38026594,10755.0,360841.0,24.0
38472874,10755.0,360841.0,24.0
37869995,10755.0,360841.0,24.0
37884365,10755.0,360841.0,24.0
37805424,10755.0,360841.0,24.0
38506612,10755.0,360841.0,24.0
38399117,10755.0,360841.0,24.0
37913350,10755.0,360841.0,24.0
37977557,10755.0,360841.0,24.0
38115579,10755.0,360841.0,24.0
38094355,10755.0,360841.0,24.0
38099195,10755.0,360841.0,24.0
37992654,10755.0,360841.0,24.0
38096085,10755.0,360841.0,24.0
38020801,10755.0,360841.0,24.0
38325741,10755.0,360841.0,24.0
37971225,10755.0,360841.0,24.0
37774355,10755.0,360841.0,24.0
37842143,10755.0,360841.0,24.0
37808711,10755.0,360841.0,24.0
37855641,10755.0,360841.0,24.0
37946861,10755.0,360841.0,24.0
37881695,10755.0,360841.0,24.0
38285508,10755.0,360841.0,24.0
38457524,10755.0,360841.0,24.0
38354660,10911.0,360841.0,24.0
38041177,10911.0,360841.0,24.0
38104978,10911.0,360841.0,24.0
38208117,10911.0,360841.0,24.0
38042640,10911.0,360841.0,24.0
38054820,10911.0,360841.0,24.0
38042528,10911.0,360841.0,24.0
38074699,10911.0,360841.0,24.0
38096735,10911.0,360841.0,24.0
37996091,10911.0,360841.0,24.0
38130358,10911.0,360841.0,24.0
37881723,10911.0,360841.0,24.0
37887984,10911.0,360841.0,24.0
37761457,10911.0,360841.0,24.0
37911525,10911.0,360841.0,24.0
37926714,10911.0,360841.0,24.0
37833516,10911.0,360841.0,24.0
37918505,10911.0,360841.0,24.0
38212994,10911.0,360841.0,24.0
37762548,10911.0,360841.0,24.0
38213191,10911.0,360841.0,24.0
37991686,10911.0,360841.0,24.0
38004774,10911.0,360841.0,24.0
38138310,10911.0,360841.0,24.0
37943203,10911.0,360841.0,24.0
37969525,10911.0,360841.0,24.0
37919402,10911.0,360841.0,24.0
38126993,10911.0,360841.0,24.0
37889999,10911.0,360841.0,24.0
37905193,10911.0,360841.0,24.0
38309924,10911.0,360841.0,24.0
37848454,10911.0,360841.0,24.0
38011844,10911.0,360841.0,24.0
37787559,10911.0,360841.0,24.0
37980795,10911.0,360841.0,24.0
37693731,10911.0,360841.0,24.0
37829004,10911.0,360841.0,24.0
37821638,10911.0,360841.0,24.0
37857616,10911.0,360841.0,24.0
37891649,10911.0,360841.0,24.0
38720683,10911.0,360841.0,24.0
38598758,10911.0,360841.0,24.0
38050358,10911.0,360841.0,24.0
38059381,10911.0,360841.0,24.0
37956824,10911.0,360841.0,24.0
38070814,10911.0,360841.0,24.0
38054276,10911.0,360841.0,24.0
38021607,10911.0,360841.0,24.0
38178660,10911.0,360841.0,24.0
37995442,10911.0,360841.0,24.0
38248524,10911.0,360841.0,24.0
37874829,10911.0,360841.0,24.0
37920810,10911.0,360841.0,24.0
37889168,10911.0,360841.0,24.0
38012757,10911.0,360841.0,24.0
37741512,10911.0,360841.0,24.0
38024940,10911.0,360841.0,24.0
37942445,10911.0,360841.0,24.0
37942759,10911.0,360841.0,24.0
37768709,10911.0,360841.0,24.0
38415422,10911.0,360841.0,24.0
38000363,10911.0,360841.0,24.0
38071828,10911.0,360841.0,24.0
40257334,10911.0,360841.0,24.0
39420039,10911.0,360841.0,24.0
38134218,10911.0,360841.0,24.0
37991676,10911.0,360841.0,24.0
38051895,10911.0,360841.0,24.0
37901503,10911.0,360841.0,24.0
38043066,10911.0,360841.0,24.0
38183560,10911.0,360841.0,24.0
37860491,10911.0,360841.0,24.0
38007217,10911.0,360841.0,24.0
37764622,10911.0,360841.0,24.0
37897188,10911.0,360841.0,24.0
37838506,10911.0,360841.0,24.0
37879031,10911.0,360841.0,24.0
37744453,10911.0,360841.0,24.0
37782002,10911.0,360841.0,24.0
37896538,10911.0,360841.0,24.0
38316860,10911.0,360841.0,24.0
37973604,10911.0,360841.0,24.0
38072715,10911.0,360841.0,24.0
37901855,10911.0,360841.0,24.0
38139465,10911.0,360841.0,24.0
38104442,10911.0,360841.0,24.0
38095786,10911.0,360841.0,24.0
38099020,10911.0,360841.0,24.0
38452955,10911.0,360841.0,24.0
37994218,10911.0,360841.0,24.0
38197979,10911.0,360841.0,24.0
37855769,10911.0,360841.0,24.0
38096249,10911.0,360841.0,24.0
37829579,10911.0,360841.0,24.0
37840295,10911.0,360841.0,24.0
38037271,10911.0,360841.0,24.0
37809959,10911.0,360841.0,24.0
37936495,10911.0,360841.0,24.0
37886776,10911.0,360841.0,24.0
37909051,10911.0,360841.0,24.0
38362250,11068.0,360841.0,24.0
37972890,11068.0,360841.0,24.0
37975617,11068.0,360841.0,24.0
37991660,11068.0,360841.0,24.0
37977596,11068.0,360841.0,24.0
37991367,11068.0,360841.0,24.0
37891635,11068.0,360841.0,24.0
38342076,11068.0,360841.0,24.0
38581124,11068.0,360841.0,24.0
38068971,11068.0,360841.0,24.0
38066310,11068.0,360841.0,24.0
37986574,11068.0,360841.0,24.0
37938150,11068.0,360841.0,24.0
37866391,11068.0,360841.0,24.0
37836698,11068.0,360841.0,24.0
37981781,11068.0,360841.0,24.0
38048366,11068.0,360841.0,24.0
37867389,11068.0,360841.0,24.0
37893457,11068.0,360841.0,24.0
37982328,11068.0,360841.0,24.0
38273692,11068.0,360841.0,24.0
37907275,11068.0,360841.0,24.0
37994609,11068.0,360841.0,24.0
38014459,11068.0,360841.0,24.0
38060195,11068.0,360841.0,24.0
37995602,11068.0,360841.0,24.0
37947961,11068.0,360841.0,24.0
38023721,11068.0,360841.0,24.0
38083052,11068.0,360841.0,24.0
38185137,11068.0,360841.0,24.0
38842852,11068.0,360841.0,24.0
37719291,11068.0,360841.0,24.0
37868596,11068.0,360841.0,24.0
37820953,11068.0,360841.0,24.0
37957169,11068.0,360841.0,24.0
37779589,11068.0,360841.0,24.0
37810191,11068.0,360841.0,24.0
37933575,11068.0,360841.0,24.0
37857743,11068.0,360841.0,24.0
37860848,11068.0,360841.0,24.0
38315076,11068.0,360841.0,24.0
37954628,11068.0,360841.0,24.0
37970404,11068.0,360841.0,24.0
38075171,11068.0,360841.0,24.0
38093771,11068.0,360841.0,24.0
37992361,11068.0,360841.0,24.0
37992170,11068.0,360841.0,24.0
37874238,11068.0,360841.0,24.0
38004997,11068.0,360841.0,24.0
38039368,11068.0,360841.0,24.0
38088654,11068.0,360841.0,24.0
38265206,11068.0,360841.0,24.0
37753601,11068.0,360841.0,24.0
38582096,11068.0,360841.0,24.0
37803745,11068.0,360841.0,24.0
37782482,11068.0,360841.0,24.0
37880552,11068.0,360841.0,24.0
37750826,11068.0,360841.0,24.0
37919892,11068.0,360841.0,24.0
37821912,11068.0,360841.0,24.0
38182502,11068.0,360841.0,24.0
38089197,11068.0,360841.0,24.0
37952244,11068.0,360841.0,24.0
38066070,11068.0,360841.0,24.0
38041069,11068.0,360841.0,24.0
37935834,11068.0,360841.0,24.0
37982009,11068.0,360841.0,24.0
37956225,11068.0,360841.0,24.0
38081277,11068.0,360841.0,24.0
37911928,11068.0,360841.0,24.0
38259827,11068.0,360841.0,24.0
37831625,11068.0,360841.0,24.0
37947537,11068.0,360841.0,24.0
37822131,11068.0,360841.0,24.0
37899396,11068.0,360841.0,24.0
38197280,11068.0,360841.0,24.0
38549032,11068.0,360841.0,24.0
37770192,11068.0,360841.0,24.0
37829356,11068.0,360841.0,24.0
37890382,11068.0,360841.0,24.0
38243136,11068.0,360841.0,24.0
38129984,11068.0,360841.0,24.0
37981970,11068.0,360841.0,24.0
37953450,11068.0,360841.0,24.0
38049977,11068.0,360841.0,24.0
38191876,11068.0,360841.0,24.0
37854355,11068.0,360841.0,24.0
37973020,11068.0,360841.0,24.0
38091383,11068.0,360841.0,24.0
37960145,11068.0,360841.0,24.0
38087374,11068.0,360841.0,24.0
37899129,11068.0,360841.0,24.0
37851210,11068.0,360841.0,24.0
37843562,11068.0,360841.0,24.0
37899488,11068.0,360841.0,24.0
37928456,11068.0,360841.0,24.0
37836489,11068.0,360841.0,24.0
38124222,11068.0,360841.0,24.0
37829637,11068.0,360841.0,24.0
38329434,11068.0,360841.0,24.0
38690252,11225.0,360841.0,24.0
38509904,11225.0,360841.0,24.0
38609938,11225.0,360841.0,24.0
38246189,11225.0,360841.0,24.0
38344969,11225.0,360841.0,24.0
38186424,11225.0,360841.0,24.0
38231738,11225.0,360841.0,24.0
38146525,11225.0,360841.0,24.0
38297965,11225.0,360841.0,24.0
38282547,11225.0,360841.0,24.0
38587774,11225.0,360841.0,24.0
38167337,11225.0,360841.0,24.0
38171513,11225.0,360841.0,24.0
38061777,11225.0,360841.0,24.0
38074850,11225.0,360841.0,24.0
38172709,11225.0,360841.0,24.0
38106654,11225.0,360841.0,24.0
38183607,11225.0,360841.0,24.0
38517333,11225.0,360841.0,24.0
38692089,11225.0,360841.0,24.0
38702995,11225.0,360841.0,24.0
38362822,11225.0,360841.0,24.0
38163283,11225.0,360841.0,24.0
38192913,11225.0,360841.0,24.0
38234416,11225.0,360841.0,24.0
38238452,11225.0,360841.0,24.0
38145810,11225.0,360841.0,24.0
38165116,11225.0,360841.0,24.0
38321514,11225.0,360841.0,24.0
38164740,11225.0,360841.0,24.0
38603601,11225.0,360841.0,24.0
38252126,11225.0,360841.0,24.0
38150650,11225.0,360841.0,24.0
38083877,11225.0,360841.0,24.0
38091085,11225.0,360841.0,24.0
38176262,11225.0,360841.0,24.0
38169598,11225.0,360841.0,24.0
38104572,11225.0,360841.0,24.0
38126265,11225.0,360841.0,24.0
38089154,11225.0,360841.0,24.0
39007977,11225.0,360841.0,24.0
38888106,11225.0,360841.0,24.0
38188214,11225.0,360841.0,24.0
38311094,11225.0,360841.0,24.0
38181449,11225.0,360841.0,24.0
38331211,11225.0,360841.0,24.0
38164841,11225.0,360841.0,24.0
38324576,11225.0,360841.0,24.0
38237376,11225.0,360841.0,24.0
38218397,11225.0,360841.0,24.0
38602796,11225.0,360841.0,24.0
38215394,11225.0,360841.0,24.0
38218460,11225.0,360841.0,24.0
38172070,11225.0,360841.0,24.0
38164897,11225.0,360841.0,24.0
38159823,11225.0,360841.0,24.0
38101103,11225.0,360841.0,24.0
38183093,11225.0,360841.0,24.0
38164058,11225.0,360841.0,24.0
38208919,11225.0,360841.0,24.0
38867710,11225.0,360841.0,24.0
38350058,11225.0,360841.0,24.0
38340699,11225.0,360841.0,24.0
38361214,11225.0,360841.0,24.0
38818454,11225.0,360841.0,24.0
38198182,11225.0,360841.0,24.0
38228315,11225.0,360841.0,24.0
38178203,11225.0,360841.0,24.0
38239782,11225.0,360841.0,24.0
38205675,11225.0,360841.0,24.0
38619313,11225.0,360841.0,24.0
38219819,11225.0,360841.0,24.0
38236076,11225.0,360841.0,24.0
38121714,11225.0,360841.0,24.0
38030264,11225.0,360841.0,24.0
38087605,11225.0,360841.0,24.0
38086127,11225.0,360841.0,24.0
38093965,11225.0,360841.0,24.0
38004359,11225.0,360841.0,24.0
38072489,11225.0,360841.0,24.0
38724411,11225.0,360841.0,24.0
38393611,11225.0,360841.0,24.0
38094378,11225.0,360841.0,24.0
38387019,11225.0,360841.0,24.0
38200508,11225.0,360841.0,24.0
38548887,11225.0,360841.0,24.0
38261683,11225.0,360841.0,24.0
38863761,11225.0,360841.0,24.0
38315383,11225.0,360841.0,24.0
38226215,11225.0,360841.0,24.0
41614549,11225.0,360841.0,24.0
38223064,11225.0,360841.0,24.0
38119088,11225.0,360841.0,24.0
38134310,11225.0,360841.0,24.0
38144202,11225.0,360841.0,24.0
38086404,11225.0,360841.0,24.0
38193996,11225.0,360841.0,24.0
38138196,11225.0,360841.0,24.0
38112487,11225.0,360841.0,24.0
38155450,11225.0,360841.0,24.0
38363259,11381.0,360841.0,24.0
38218188,11381.0,360841.0,24.0
38055819,11381.0,360841.0,24.0
38133129,11381.0,360841.0,24.0
38101047,11381.0,360841.0,24.0
38162934,11381.0,360841.0,24.0
38429406,11381.0,360841.0,24.0
38476032,11381.0,360841.0,24.0
38168032,11381.0,360841.0,24.0
38020346,11381.0,360841.0,24.0
38126108,11381.0,360841.0,24.0
38101260,11381.0,360841.0,24.0
37941108,11381.0,360841.0,24.0
37727798,11381.0,360841.0,24.0
37993594,11381.0,360841.0,24.0
37931283,11381.0,360841.0,24.0
37866845,11381.0,360841.0,24.0
37828093,11381.0,360841.0,24.0
37870434,11381.0,360841.0,24.0
37817926,11381.0,360841.0,24.0
38540975,11381.0,360841.0,24.0
38179680,11381.0,360841.0,24.0
38043882,11381.0,360841.0,24.0
38045021,11381.0,360841.0,24.0
38078970,11381.0,360841.0,24.0
38098521,11381.0,360841.0,24.0
37967207,11381.0,360841.0,24.0
38086784,11381.0,360841.0,24.0
38200140,11381.0,360841.0,24.0
38154125,11381.0,360841.0,24.0
38284745,11381.0,360841.0,24.0
37896160,11381.0,360841.0,24.0
37856740,11381.0,360841.0,24.0
37919759,11381.0,360841.0,24.0
37649264,11381.0,360841.0,24.0
37941461,11381.0,360841.0,24.0
37871283,11381.0,360841.0,24.0
37889023,11381.0,360841.0,24.0
38049375,11381.0,360841.0,24.0
37885810,11381.0,360841.0,24.0
38434542,11381.0,360841.0,24.0
38059394,11381.0,360841.0,24.0
37977550,11381.0,360841.0,24.0
38066031,11381.0,360841.0,24.0
38099518,11381.0,360841.0,24.0
38152315,11381.0,360841.0,24.0
38096453,11381.0,360841.0,24.0
38162811,11381.0,360841.0,24.0
38071124,11381.0,360841.0,24.0
37998354,11381.0,360841.0,24.0
38709414,11381.0,360841.0,24.0
38020677,11381.0,360841.0,24.0
38394684,11381.0,360841.0,24.0
37887785,11381.0,360841.0,24.0
37848718,11381.0,360841.0,24.0
37888118,11381.0,360841.0,24.0
37872520,11381.0,360841.0,24.0
37989574,11381.0,360841.0,24.0
38022376,11381.0,360841.0,24.0
37968174,11381.0,360841.0,24.0
38509586,11381.0,360841.0,24.0
38202059,11381.0,360841.0,24.0
38057642,11381.0,360841.0,24.0
38135549,11381.0,360841.0,24.0
38124532,11381.0,360841.0,24.0
38060689,11381.0,360841.0,24.0
38032426,11381.0,360841.0,24.0
38063923,11381.0,360841.0,24.0
38070923,11381.0,360841.0,24.0
37980488,11381.0,360841.0,24.0
38320132,11381.0,360841.0,24.0
37989164,11381.0,360841.0,24.0
38154073,11381.0,360841.0,24.0
37991824,11381.0,360841.0,24.0
37808597,11381.0,360841.0,24.0
38431290,11381.0,360841.0,24.0
37893139,11381.0,360841.0,24.0
37870880,11381.0,360841.0,24.0
37909574,11381.0,360841.0,24.0
37965709,11381.0,360841.0,24.0
38339593,11381.0,360841.0,24.0
38250889,11381.0,360841.0,24.0
38165752,11381.0,360841.0,24.0
38092961,11381.0,360841.0,24.0
38070449,11381.0,360841.0,24.0
38007505,11381.0,360841.0,24.0
38135961,11381.0,360841.0,24.0
38049472,11381.0,360841.0,24.0
38011211,11381.0,360841.0,24.0
38130432,11381.0,360841.0,24.0
38229646,11381.0,360841.0,24.0
38072143,11381.0,360841.0,24.0
37873670,11381.0,360841.0,24.0
37941236,11381.0,360841.0,24.0
37988379,11381.0,360841.0,24.0
37912689,11381.0,360841.0,24.0
38277685,11381.0,360841.0,24.0
37896306,11381.0,360841.0,24.0
38430881,11381.0,360841.0,24.0
37888128,11381.0,360841.0,24.0
38716677,11538.0,360841.0,24.0
38310932,11538.0,360841.0,24.0
38316760,11538.0,360841.0,24.0
38393616,11538.0,360841.0,24.0
38230776,11538.0,360841.0,24.0
38359556,11538.0,360841.0,24.0
38251739,11538.0,360841.0,24.0
38183125,11538.0,360841.0,24.0
38055889,11538.0,360841.0,24.0
38426958,11538.0,360841.0,24.0
38564557,11538.0,360841.0,24.0
38195335,11538.0,360841.0,24.0
38044213,11538.0,360841.0,24.0
38178960,11538.0,360841.0,24.0
37986615,11538.0,360841.0,24.0
38060697,11538.0,360841.0,24.0
37993530,11538.0,360841.0,24.0
38413050,11538.0,360841.0,24.0
38586533,11538.0,360841.0,24.0
38024260,11538.0,360841.0,24.0
38768174,11538.0,360841.0,24.0
38255413,11538.0,360841.0,24.0
38202674,11538.0,360841.0,24.0
38305680,11538.0,360841.0,24.0
38464507,11538.0,360841.0,24.0
38185935,11538.0,360841.0,24.0
38399697,11538.0,360841.0,24.0
38279168,11538.0,360841.0,24.0
38199475,11538.0,360841.0,24.0
38229887,11538.0,360841.0,24.0
38573376,11538.0,360841.0,24.0
38193987,11538.0,360841.0,24.0
38138191,11538.0,360841.0,24.0
38034963,11538.0,360841.0,24.0
38101384,11538.0,360841.0,24.0
38063152,11538.0,360841.0,24.0
38001819,11538.0,360841.0,24.0
38005497,11538.0,360841.0,24.0
38052201,11538.0,360841.0,24.0
38238227,11538.0,360841.0,24.0
39381267,11538.0,360841.0,24.0
38315401,11538.0,360841.0,24.0
38254304,11538.0,360841.0,24.0
38154711,11538.0,360841.0,24.0
38297293,11538.0,360841.0,24.0
38221204,11538.0,360841.0,24.0
38213954,11538.0,360841.0,24.0
38198601,11538.0,360841.0,24.0
38326109,11538.0,360841.0,24.0
38208688,11538.0,360841.0,24.0
38585892,11538.0,360841.0,24.0
38040118,11538.0,360841.0,24.0
38036027,11538.0,360841.0,24.0
38079176,11538.0,360841.0,24.0
37995750,11538.0,360841.0,24.0
38049892,11538.0,360841.0,24.0
38074341,11538.0,360841.0,24.0
37952596,11538.0,360841.0,24.0
38041541,11538.0,360841.0,24.0
37932356,11538.0,360841.0,24.0
38817071,11538.0,360841.0,24.0
38556567,11538.0,360841.0,24.0
38795397,11538.0,360841.0,24.0
38293365,11538.0,360841.0,24.0
38295727,11538.0,360841.0,24.0
38219697,11538.0,360841.0,24.0
38285763,11538.0,360841.0,24.0
38341299,11538.0,360841.0,24.0
38225889,11538.0,360841.0,24.0
38206139,11538.0,360841.0,24.0
38697512,11538.0,360841.0,24.0
38034979,11538.0,360841.0,24.0
38001451,11538.0,360841.0,24.0
38092146,11538.0,360841.0,24.0
37969611,11538.0,360841.0,24.0
37949876,11538.0,360841.0,24.0
37976564,11538.0,360841.0,24.0
38021008,11538.0,360841.0,24.0
38054388,11538.0,360841.0,24.0
37995336,11538.0,360841.0,24.0
38679534,11538.0,360841.0,24.0
38280521,11538.0,360841.0,24.0
38250094,11538.0,360841.0,24.0
38293960,11538.0,360841.0,24.0
38187064,11538.0,360841.0,24.0
39024095,11538.0,360841.0,24.0
38414626,11538.0,360841.0,24.0
38317299,11538.0,360841.0,24.0
38173106,11538.0,360841.0,24.0
38130145,11538.0,360841.0,24.0
38594794,11538.0,360841.0,24.0
38137521,11538.0,360841.0,24.0
38028181,11538.0,360841.0,24.0
37991412,11538.0,360841.0,24.0
37997871,11538.0,360841.0,24.0
38064759,11538.0,360841.0,24.0
38003757,11538.0,360841.0,24.0
37932364,11538.0,360841.0,24.0
38008259,11538.0,360841.0,24.0
38034754,11538.0,360841.0,24.0
38552260,11695.0,360841.0,24.0
38207967,11695.0,360841.0,24.0
38212841,11695.0,360841.0,24.0
38239083,11695.0,360841.0,24.0
38420030,11695.0,360841.0,24.0
38122694,11695.0,360841.0,24.0
38793030,11695.0,360841.0,24.0
38104713,11695.0,360841.0,24.0
38271533,11695.0,360841.0,24.0
38086859,11695.0,360841.0,24.0
38315354,11695.0,360841.0,24.0
37959017,11695.0,360841.0,24.0
37978918,11695.0,360841.0,24.0
37973600,11695.0,360841.0,24.0
37969072,11695.0,360841.0,24.0
38032823,11695.0,360841.0,24.0
40894586,11695.0,360841.0,24.0
37868851,11695.0,360841.0,24.0
37988602,11695.0,360841.0,24.0
38081260,11695.0,360841.0,24.0
38500338,11695.0,360841.0,24.0
38271935,11695.0,360841.0,24.0
38253639,11695.0,360841.0,24.0
38139867,11695.0,360841.0,24.0
38163159,11695.0,360841.0,24.0
38128929,11695.0,360841.0,24.0
38238849,11695.0,360841.0,24.0
38555445,11695.0,360841.0,24.0
38146223,11695.0,360841.0,24.0
38733937,11695.0,360841.0,24.0
38489775,11695.0,360841.0,24.0
37968647,11695.0,360841.0,24.0
37954615,11695.0,360841.0,24.0
37917095,11695.0,360841.0,24.0
38003140,11695.0,360841.0,24.0
38085929,11695.0,360841.0,24.0
37951156,11695.0,360841.0,24.0
37901882,11695.0,360841.0,24.0
37989643,11695.0,360841.0,24.0
38051158,11695.0,360841.0,24.0
38502948,11695.0,360841.0,24.0
38343762,11695.0,360841.0,24.0
38179374,11695.0,360841.0,24.0
38209891,11695.0,360841.0,24.0
38246156,11695.0,360841.0,24.0
38184702,11695.0,360841.0,24.0
38288758,11695.0,360841.0,24.0
38179269,11695.0,360841.0,24.0
38139071,11695.0,360841.0,24.0
38278513,11695.0,360841.0,24.0
38837858,11695.0,360841.0,24.0
38069880,11695.0,360841.0,24.0
38001336,11695.0,360841.0,24.0
38031190,11695.0,360841.0,24.0
37939048,11695.0,360841.0,24.0
37989240,11695.0,360841.0,24.0
38142068,11695.0,360841.0,24.0
37868732,11695.0,360841.0,24.0
38041791,11695.0,360841.0,24.0
37999981,11695.0,360841.0,24.0
38535335,11695.0,360841.0,24.0
38190906,11695.0,360841.0,24.0
38280539,11695.0,360841.0,24.0
38169000,11695.0,360841.0,24.0
38117770,11695.0,360841.0,24.0
38187189,11695.0,360841.0,24.0
38075496,11695.0,360841.0,24.0
38346850,11695.0,360841.0,24.0
38146787,11695.0,360841.0,24.0
38244280,11695.0,360841.0,24.0
38339830,11695.0,360841.0,24.0
37942815,11695.0,360841.0,24.0
38263543,11695.0,360841.0,24.0
38591070,11695.0,360841.0,24.0
38061234,11695.0,360841.0,24.0
37979403,11695.0,360841.0,24.0
37956855,11695.0,360841.0,24.0
37812528,11695.0,360841.0,24.0
37831516,11695.0,360841.0,24.0
37917047,11695.0,360841.0,24.0
38570784,11695.0,360841.0,24.0
38173501,11695.0,360841.0,24.0
38224427,11695.0,360841.0,24.0
38221283,11695.0,360841.0,24.0
38252505,11695.0,360841.0,24.0
38161705,11695.0,360841.0,24.0
38219772,11695.0,360841.0,24.0
38084819,11695.0,360841.0,24.0
38072228,11695.0,360841.0,24.0
38339410,11695.0,360841.0,24.0
38179160,11695.0,360841.0,24.0
37957990,11695.0,360841.0,24.0
38046445,11695.0,360841.0,24.0
37886412,11695.0,360841.0,24.0
38000637,11695.0,360841.0,24.0
38315870,11695.0,360841.0,24.0
38489058,11695.0,360841.0,24.0
37909040,11695.0,360841.0,24.0
38032286,11695.0,360841.0,24.0
37944002,11695.0,360841.0,24.0
38587017,11851.0,360841.0,24.0
38208000,11851.0,360841.0,24.0
38157337,11851.0,360841.0,24.0
38361951,11851.0,360841.0,24.0
38276725,11851.0,360841.0,24.0
38253303,11851.0,360841.0,24.0
38121978,11851.0,360841.0,24.0
38141339,11851.0,360841.0,24.0
38210244,11851.0,360841.0,24.0
38208748,11851.0,360841.0,24.0
38334603,11851.0,360841.0,24.0
37888277,11851.0,360841.0,24.0
37946991,11851.0,360841.0,24.0
38083762,11851.0,360841.0,24.0
37895184,11851.0,360841.0,24.0
38069388,11851.0,360841.0,24.0
38001890,11851.0,360841.0,24.0
38543186,11851.0,360841.0,24.0
37931678,11851.0,360841.0,24.0
38053866,11851.0,360841.0,24.0
38500989,11851.0,360841.0,24.0
38316658,11851.0,360841.0,24.0
38257730,11851.0,360841.0,24.0
38116661,11851.0,360841.0,24.0
38240088,11851.0,360841.0,24.0
38173163,11851.0,360841.0,24.0
38221687,11851.0,360841.0,24.0
38198501,11851.0,360841.0,24.0
38139483,11851.0,360841.0,24.0
38187711,11851.0,360841.0,24.0
38388993,11851.0,360841.0,24.0
38018803,11851.0,360841.0,24.0
37936650,11851.0,360841.0,24.0
37878636,11851.0,360841.0,24.0
38008934,11851.0,360841.0,24.0
37981881,11851.0,360841.0,24.0
37941493,11851.0,360841.0,24.0
37910775,11851.0,360841.0,24.0
38462055,11851.0,360841.0,24.0
37799135,11851.0,360841.0,24.0
38492294,11851.0,360841.0,24.0
38321210,11851.0,360841.0,24.0
38156344,11851.0,360841.0,24.0
38280780,11851.0,360841.0,24.0
38152249,11851.0,360841.0,24.0
38151562,11851.0,360841.0,24.0
38402115,11851.0,360841.0,24.0
38159259,11851.0,360841.0,24.0
38216185,11851.0,360841.0,24.0
38313326,11851.0,360841.0,24.0
38429207,11851.0,360841.0,24.0
37914171,11851.0,360841.0,24.0
37931072,11851.0,360841.0,24.0
38075635,11851.0,360841.0,24.0
37770508,11851.0,360841.0,24.0
38003198,11851.0,360841.0,24.0
38049410,11851.0,360841.0,24.0
38007272,11851.0,360841.0,24.0
37944481,11851.0,360841.0,24.0
37893940,11851.0,360841.0,24.0
38844340,11851.0,360841.0,24.0
38728162,11851.0,360841.0,24.0
38204834,11851.0,360841.0,24.0
38202464,11851.0,360841.0,24.0
38143381,11851.0,360841.0,24.0
38194669,11851.0,360841.0,24.0
38140593,11851.0,360841.0,24.0
38045952,11851.0,360841.0,24.0
38273479,11851.0,360841.0,24.0
38303237,11851.0,360841.0,24.0
38428794,11851.0,360841.0,24.0
38064086,11851.0,360841.0,24.0
37842013,11851.0,360841.0,24.0
38080998,11851.0,360841.0,24.0
38131661,11851.0,360841.0,24.0
37915960,11851.0,360841.0,24.0
37880400,11851.0,360841.0,24.0
38057994,11851.0,360841.0,24.0
38011364,11851.0,360841.0,24.0
37997136,11851.0,360841.0,24.0
38390198,11851.0,360841.0,24.0
38338363,11851.0,360841.0,24.0
38334239,11851.0,360841.0,24.0
38191604,11851.0,360841.0,24.0
38807304,11851.0,360841.0,24.0
38181274,11851.0,360841.0,24.0
38287829,11851.0,360841.0,24.0
38267561,11851.0,360841.0,24.0
38164426,11851.0,360841.0,24.0
38154873,11851.0,360841.0,24.0
38309527,11851.0,360841.0,24.0
37865326,11851.0,360841.0,24.0
38015176,11851.0,360841.0,24.0
38015756,11851.0,360841.0,24.0
37893289,11851.0,360841.0,24.0
37855246,11851.0,360841.0,24.0
37942359,11851.0,360841.0,24.0
37907226,11851.0,360841.0,24.0
37931395,11851.0,360841.0,24.0
37932797,11851.0,360841.0,24.0
38941316,12008.0,360841.0,24.0
38460210,12008.0,360841.0,24.0
38353141,12008.0,360841.0,24.0
38798243,12008.0,360841.0,24.0
38311144,12008.0,360841.0,24.0
38997291,12008.0,360841.0,24.0
38513599,12008.0,360841.0,24.0
38250519,12008.0,360841.0,24.0
38401311,12008.0,360841.0,24.0
38364885,12008.0,360841.0,24.0
38905629,12008.0,360841.0,24.0
38365528,12008.0,360841.0,24.0
38290327,12008.0,360841.0,24.0
38465012,12008.0,360841.0,24.0
38262593,12008.0,360841.0,24.0
38269508,12008.0,360841.0,24.0
38308571,12008.0,360841.0,24.0
38345542,12008.0,360841.0,24.0
38322018,12008.0,360841.0,24.0
38370422,12008.0,360841.0,24.0
38883168,12008.0,360841.0,24.0
38506101,12008.0,360841.0,24.0
38360216,12008.0,360841.0,24.0
38431614,12008.0,360841.0,24.0
38435403,12008.0,360841.0,24.0
38526310,12008.0,360841.0,24.0
38304337,12008.0,360841.0,24.0
38349826,12008.0,360841.0,24.0
38874711,12008.0,360841.0,24.0
38354943,12008.0,360841.0,24.0
38816219,12008.0,360841.0,24.0
38431256,12008.0,360841.0,24.0
38365010,12008.0,360841.0,24.0
38323958,12008.0,360841.0,24.0
38332984,12008.0,360841.0,24.0
38341059,12008.0,360841.0,24.0
38240715,12008.0,360841.0,24.0
38263431,12008.0,360841.0,24.0
38195342,12008.0,360841.0,24.0
38329278,12008.0,360841.0,24.0
38900075,12008.0,360841.0,24.0
38478523,12008.0,360841.0,24.0
41304795,12008.0,360841.0,24.0
38505864,12008.0,360841.0,24.0
38470152,12008.0,360841.0,24.0
38329907,12008.0,360841.0,24.0
38372721,12008.0,360841.0,24.0
38474686,12008.0,360841.0,24.0
38413048,12008.0,360841.0,24.0
38615923,12008.0,360841.0,24.0
38828504,12008.0,360841.0,24.0
38264416,12008.0,360841.0,24.0
38338308,12008.0,360841.0,24.0
38291242,12008.0,360841.0,24.0
38304563,12008.0,360841.0,24.0
38293505,12008.0,360841.0,24.0
38325690,12008.0,360841.0,24.0
38321030,12008.0,360841.0,24.0
38249515,12008.0,360841.0,24.0
38277826,12008.0,360841.0,24.0
38906166,12008.0,360841.0,24.0
38540691,12008.0,360841.0,24.0
38435562,12008.0,360841.0,24.0
38484300,12008.0,360841.0,24.0
38353510,12008.0,360841.0,24.0
38344960,12008.0,360841.0,24.0
38346852,12008.0,360841.0,24.0
38474329,12008.0,360841.0,24.0
38382930,12008.0,360841.0,24.0
38337375,12008.0,360841.0,24.0
39176646,12008.0,360841.0,24.0
38290912,12008.0,360841.0,24.0
38788451,12008.0,360841.0,24.0
38307465,12008.0,360841.0,24.0
38279177,12008.0,360841.0,24.0
38255169,12008.0,360841.0,24.0
38278665,12008.0,360841.0,24.0
38244259,12008.0,360841.0,24.0
38321236,12008.0,360841.0,24.0
38199592,12008.0,360841.0,24.0
38967098,12008.0,360841.0,24.0
38377536,12008.0,360841.0,24.0
38424398,12008.0,360841.0,24.0
38379835,12008.0,360841.0,24.0
38329905,12008.0,360841.0,24.0
38378696,12008.0,360841.0,24.0
38452446,12008.0,360841.0,24.0
38463634,12008.0,360841.0,24.0
38353351,12008.0,360841.0,24.0
38298589,12008.0,360841.0,24.0
38837728,12008.0,360841.0,24.0
38412630,12008.0,360841.0,24.0
38394709,12008.0,360841.0,24.0
38352825,12008.0,360841.0,24.0
38814472,12008.0,360841.0,24.0
38395008,12008.0,360841.0,24.0
38302870,12008.0,360841.0,24.0
38323128,12008.0,360841.0,24.0
38196755,12008.0,360841.0,24.0
38322393,12008.0,360841.0,24.0
38592939,12165.0,360841.0,24.0
38276569,12165.0,360841.0,24.0
38277934,12165.0,360841.0,24.0
38201756,12165.0,360841.0,24.0
38231381,12165.0,360841.0,24.0
38319455,12165.0,360841.0,24.0
38215145,12165.0,360841.0,24.0
38224332,12165.0,360841.0,24.0
38100718,12165.0,360841.0,24.0
38261149,12165.0,360841.0,24.0
38402685,12165.0,360841.0,24.0
38191156,12165.0,360841.0,24.0
37969788,12165.0,360841.0,24.0
38280879,12165.0,360841.0,24.0
38155839,12165.0,360841.0,24.0
38512393,12165.0,360841.0,24.0
38178670,12165.0,360841.0,24.0
37977614,12165.0,360841.0,24.0
38103907,12165.0,360841.0,24.0
38013972,12165.0,360841.0,24.0
38659921,12165.0,360841.0,24.0
38168159,12165.0,360841.0,24.0
38178346,12165.0,360841.0,24.0
38146602,12165.0,360841.0,24.0
38136120,12165.0,360841.0,24.0
38140471,12165.0,360841.0,24.0
38230946,12165.0,360841.0,24.0
38118880,12165.0,360841.0,24.0
38286777,12165.0,360841.0,24.0
38127496,12165.0,360841.0,24.0
38567139,12165.0,360841.0,24.0
38131870,12165.0,360841.0,24.0
38104503,12165.0,360841.0,24.0
38107947,12165.0,360841.0,24.0
38066348,12165.0,360841.0,24.0
37959656,12165.0,360841.0,24.0
38009375,12165.0,360841.0,24.0
38421421,12165.0,360841.0,24.0
38488513,12165.0,360841.0,24.0
38108375,12165.0,360841.0,24.0
38582790,12165.0,360841.0,24.0
38342125,12165.0,360841.0,24.0
38270299,12165.0,360841.0,24.0
38119410,12165.0,360841.0,24.0
38341080,12165.0,360841.0,24.0
38294864,12165.0,360841.0,24.0
38270368,12165.0,360841.0,24.0
38196957,12165.0,360841.0,24.0
38177799,12165.0,360841.0,24.0
38107133,12165.0,360841.0,24.0
38418478,12165.0,360841.0,24.0
38112364,12165.0,360841.0,24.0
37989335,12165.0,360841.0,24.0
38082047,12165.0,360841.0,24.0
38039199,12165.0,360841.0,24.0
38005554,12165.0,360841.0,24.0
38013972,12165.0,360841.0,24.0
38084854,12165.0,360841.0,24.0
38073499,12165.0,360841.0,24.0
38228170,12165.0,360841.0,24.0
38811772,12165.0,360841.0,24.0
38211249,12165.0,360841.0,24.0
38272781,12165.0,360841.0,24.0
38345850,12165.0,360841.0,24.0
38069687,12165.0,360841.0,24.0
38275856,12165.0,360841.0,24.0
38147732,12165.0,360841.0,24.0
38202119,12165.0,360841.0,24.0
38322488,12165.0,360841.0,24.0
38215192,12165.0,360841.0,24.0
38433934,12165.0,360841.0,24.0
38142213,12165.0,360841.0,24.0
38045924,12165.0,360841.0,24.0
38018925,12165.0,360841.0,24.0
38072749,12165.0,360841.0,24.0
38017045,12165.0,360841.0,24.0
38058220,12165.0,360841.0,24.0
37990726,12165.0,360841.0,24.0
38017419,12165.0,360841.0,24.0
38043055,12165.0,360841.0,24.0
38657934,12165.0,360841.0,24.0
38676892,12165.0,360841.0,24.0
38749886,12165.0,360841.0,24.0
38251995,12165.0,360841.0,24.0
38306886,12165.0,360841.0,24.0
38103411,12165.0,360841.0,24.0
38271077,12165.0,360841.0,24.0
38168670,12165.0,360841.0,24.0
38159665,12165.0,360841.0,24.0
38313671,12165.0,360841.0,24.0
38412432,12165.0,360841.0,24.0
38126181,12165.0,360841.0,24.0
38003244,12165.0,360841.0,24.0
38077279,12165.0,360841.0,24.0
37956837,12165.0,360841.0,24.0
38131745,12165.0,360841.0,24.0
38139246,12165.0,360841.0,24.0
37997716,12165.0,360841.0,24.0
37947730,12165.0,360841.0,24.0
37924921,12165.0,360841.0,24.0
39125680,12322.0,360841.0,24.0
38413159,12322.0,360841.0,24.0
38423137,12322.0,360841.0,24.0
38995431,12322.0,360841.0,24.0
38416264,12322.0,360841.0,24.0
38339519,12322.0,360841.0,24.0
38342615,12322.0,360841.0,24.0
38272842,12322.0,360841.0,24.0
38255627,12322.0,360841.0,24.0
38450281,12322.0,360841.0,24.0
38742824,12322.0,360841.0,24.0
38263157,12322.0,360841.0,24.0
38241065,12322.0,360841.0,24.0
38145380,12322.0,360841.0,24.0
38201552,12322.0,360841.0,24.0
38182192,12322.0,360841.0,24.0
38185637,12322.0,360841.0,24.0
38239958,12322.0,360841.0,24.0
38277058,12322.0,360841.0,24.0
38169151,12322.0,360841.0,24.0
38829035,12322.0,360841.0,24.0
38429753,12322.0,360841.0,24.0
38358312,12322.0,360841.0,24.0
38284542,12322.0,360841.0,24.0
38598421,12322.0,360841.0,24.0
38771475,12322.0,360841.0,24.0
38495249,12322.0,360841.0,24.0
38369511,12322.0,360841.0,24.0
38328377,12322.0,360841.0,24.0
38304029,12322.0,360841.0,24.0
38866241,12322.0,360841.0,24.0
38425084,12322.0,360841.0,24.0
38337853,12322.0,360841.0,24.0
38316573,12322.0,360841.0,24.0
38264738,12322.0,360841.0,24.0
38253774,12322.0,360841.0,24.0
38182706,12322.0,360841.0,24.0
38302219,12322.0,360841.0,24.0
38193832,12322.0,360841.0,24.0
38337820,12322.0,360841.0,24.0
38971097,12322.0,360841.0,24.0
38500938,12322.0,360841.0,24.0
38481290,12322.0,360841.0,24.0
38227948,12322.0,360841.0,24.0
38369257,12322.0,360841.0,24.0
38360453,12322.0,360841.0,24.0
38382031,12322.0,360841.0,24.0
38653970,12322.0,360841.0,24.0
38789896,12322.0,360841.0,24.0
38378454,12322.0,360841.0,24.0
38730341,12322.0,360841.0,24.0
38274309,12322.0,360841.0,24.0
38203736,12322.0,360841.0,24.0
38183271,12322.0,360841.0,24.0
38176342,12322.0,360841.0,24.0
38228355,12322.0,360841.0,24.0
38245835,12322.0,360841.0,24.0
38313054,12322.0,360841.0,24.0
38079790,12322.0,360841.0,24.0
38199775,12322.0,360841.0,24.0
38892699,12322.0,360841.0,24.0
38406703,12322.0,360841.0,24.0
38443983,12322.0,360841.0,24.0
38298870,12322.0,360841.0,24.0
38266673,12322.0,360841.0,24.0
38340135,12322.0,360841.0,24.0
38228533,12322.0,360841.0,24.0
38216120,12322.0,360841.0,24.0
38302722,12322.0,360841.0,24.0
41422917,12322.0,360841.0,24.0
39267212,12322.0,360841.0,24.0
38435487,12322.0,360841.0,24.0
38288808,12322.0,360841.0,24.0
38295022,12322.0,360841.0,24.0
38211071,12322.0,360841.0,24.0
38263602,12322.0,360841.0,24.0
38288685,12322.0,360841.0,24.0
38303488,12322.0,360841.0,24.0
38188678,12322.0,360841.0,24.0
38245913,12322.0,360841.0,24.0
38898726,12322.0,360841.0,24.0
38521395,12322.0,360841.0,24.0
38413940,12322.0,360841.0,24.0
38402077,12322.0,360841.0,24.0
38411147,12322.0,360841.0,24.0
38363471,12322.0,360841.0,24.0
38334442,12322.0,360841.0,24.0
38361464,12322.0,360841.0,24.0
38298710,12322.0,360841.0,24.0
38402886,12322.0,360841.0,24.0
38723543,12322.0,360841.0,24.0
38597102,12322.0,360841.0,24.0
38795804,12322.0,360841.0,24.0
38290832,12322.0,360841.0,24.0
38224373,12322.0,360841.0,24.0
38112835,12322.0,360841.0,24.0
38211626,12322.0,360841.0,24.0
38141396,12322.0,360841.0,24.0
38279838,12322.0,360841.0,24.0
38176607,12322.0,360841.0,24.0
38792800,12478.0,360841.0,24.0
38264110,12478.0,360841.0,24.0
38462362,12478.0,360841.0,24.0
38219142,12478.0,360841.0,24.0
38299937,12478.0,360841.0,24.0
38211617,12478.0,360841.0,24.0
38277083,12478.0,360841.0,24.0
38253306,12478.0,360841.0,24.0
38281344,12478.0,360841.0,24.0
38281551,12478.0,360841.0,24.0
38430805,12478.0,360841.0,24.0
38224800,12478.0,360841.0,24.0
38541786,12478.0,360841.0,24.0
38687927,12478.0,360841.0,24.0
38107674,12478.0,360841.0,24.0
38181650,12478.0,360841.0,24.0
38139290,12478.0,360841.0,24.0
38144694,12478.0,360841.0,24.0
38081362,12478.0,360841.0,24.0
38235418,12478.0,360841.0,24.0
38753074,12478.0,360841.0,24.0
38261242,12478.0,360841.0,24.0
38289130,12478.0,360841.0,24.0
38244065,12478.0,360841.0,24.0
38216499,12478.0,360841.0,24.0
38190827,12478.0,360841.0,24.0
38175133,12478.0,360841.0,24.0
38175899,12478.0,360841.0,24.0
38240066,12478.0,360841.0,24.0
38349595,12478.0,360841.0,24.0
38595175,12478.0,360841.0,24.0
37992717,12478.0,360841.0,24.0
38048712,12478.0,360841.0,24.0
38106083,12478.0,360841.0,24.0
38238795,12478.0,360841.0,24.0
38189416,12478.0,360841.0,24.0
38692062,12478.0,360841.0,24.0
38126316,12478.0,360841.0,24.0
38088010,12478.0,360841.0,24.0
38110779,12478.0,360841.0,24.0
38729074,12478.0,360841.0,24.0
38349814,12478.0,360841.0,24.0
38333812,12478.0,360841.0,24.0
38348625,12478.0,360841.0,24.0
38110958,12478.0,360841.0,24.0
38369089,12478.0,360841.0,24.0
38365238,12478.0,360841.0,24.0
38207575,12478.0,360841.0,24.0
38248284,12478.0,360841.0,24.0
38300194,12478.0,360841.0,24.0
38639413,12478.0,360841.0,24.0
38154840,12478.0,360841.0,24.0
38172664,12478.0,360841.0,24.0
38167108,12478.0,360841.0,24.0
37989928,12478.0,360841.0,24.0
38188585,12478.0,360841.0,24.0
38146892,12478.0,360841.0,24.0
38530434,12478.0,360841.0,24.0
38081294,12478.0,360841.0,24.0
38644382,12478.0,360841.0,24.0
38758594,12478.0,360841.0,24.0
38364548,12478.0,360841.0,24.0
38149321,12478.0,360841.0,24.0
38354215,12478.0,360841.0,24.0
38263518,12478.0,360841.0,24.0
38264981,12478.0,360841.0,24.0
38202774,12478.0,360841.0,24.0
38411929,12478.0,360841.0,24.0
38074663,12478.0,360841.0,24.0
38344238,12478.0,360841.0,24.0
38510161,12478.0,360841.0,24.0
38275122,12478.0,360841.0,24.0
38180577,12478.0,360841.0,24.0
38058313,12478.0,360841.0,24.0
38200968,12478.0,360841.0,24.0
38117177,12478.0,360841.0,24.0
38202793,12478.0,360841.0,24.0
37951623,12478.0,360841.0,24.0
38193064,12478.0,360841.0,24.0
38400601,12478.0,360841.0,24.0
39137564,12478.0,360841.0,24.0
38329929,12478.0,360841.0,24.0
38366215,12478.0,360841.0,24.0
38322821,12478.0,360841.0,24.0
38241690,12478.0,360841.0,24.0
38312238,12478.0,360841.0,24.0
38371957,12478.0,360841.0,24.0
38274498,12478.0,360841.0,24.0
38386027,12478.0,360841.0,24.0
38345528,12478.0,360841.0,24.0
38464874,12478.0,360841.0,24.0
38229708,12478.0,360841.0,24.0
38089828,12478.0,360841.0,24.0
38070934,12478.0,360841.0,24.0
38214393,12478.0,360841.0,24.0
38139984,12478.0,360841.0,24.0
37888770,12478.0,360841.0,24.0
38224868,12478.0,360841.0,24.0
37862902,12478.0,360841.0,24.0
38203969,12478.0,360841.0,24.0
39204331,12635.0,360841.0,24.0
38468072,12635.0,360841.0,24.0
38452023,12635.0,360841.0,24.0
38256628,12635.0,360841.0,24.0
38051506,12635.0,360841.0,24.0
38461216,12635.0,360841.0,24.0
38285594,12635.0,360841.0,24.0
38223447,12635.0,360841.0,24.0
38347406,12635.0,360841.0,24.0
38336201,12635.0,360841.0,24.0
38571993,12635.0,360841.0,24.0
38137679,12635.0,360841.0,24.0
37999889,12635.0,360841.0,24.0
38132334,12635.0,360841.0,24.0
38270528,12635.0,360841.0,24.0
37991258,12635.0,360841.0,24.0
38078112,12635.0,360841.0,24.0
38137689,12635.0,360841.0,24.0
38019549,12635.0,360841.0,24.0
38103100,12635.0,360841.0,24.0
38811851,12635.0,360841.0,24.0
38400701,12635.0,360841.0,24.0
38551382,12635.0,360841.0,24.0
38880471,12635.0,360841.0,24.0
38214455,12635.0,360841.0,24.0
38316582,12635.0,360841.0,24.0
38212277,12635.0,360841.0,24.0
38282212,12635.0,360841.0,24.0
38246320,12635.0,360841.0,24.0
38251655,12635.0,360841.0,24.0
38616203,12635.0,360841.0,24.0
38045321,12635.0,360841.0,24.0
38104960,12635.0,360841.0,24.0
38118370,12635.0,360841.0,24.0
38114781,12635.0,360841.0,24.0
38110564,12635.0,360841.0,24.0
38047041,12635.0,360841.0,24.0
38167434,12635.0,360841.0,24.0
38081932,12635.0,360841.0,24.0
38246731,12635.0,360841.0,24.0
38571711,12635.0,360841.0,24.0
38372367,12635.0,360841.0,24.0
38258647,12635.0,360841.0,24.0
38415954,12635.0,360841.0,24.0
38409702,12635.0,360841.0,24.0
38308973,12635.0,360841.0,24.0
38931563,12635.0,360841.0,24.0
38180701,12635.0,360841.0,24.0
38265187,12635.0,360841.0,24.0
38360657,12635.0,360841.0,24.0
38518193,12635.0,360841.0,24.0
38094708,12635.0,360841.0,24.0
38065297,12635.0,360841.0,24.0
38071711,12635.0,360841.0,24.0
38030815,12635.0,360841.0,24.0
38038396,12635.0,360841.0,24.0
38061324,12635.0,360841.0,24.0
38030011,12635.0,360841.0,24.0
38001230,12635.0,360841.0,24.0
38244870,12635.0,360841.0,24.0
38720556,12635.0,360841.0,24.0
38376285,12635.0,360841.0,24.0
38392686,12635.0,360841.0,24.0
38250721,12635.0,360841.0,24.0
38340266,12635.0,360841.0,24.0
38279225,12635.0,360841.0,24.0
38197005,12635.0,360841.0,24.0
38238307,12635.0,360841.0,24.0
38521529,12635.0,360841.0,24.0
38873054,12635.0,360841.0,24.0
38527988,12635.0,360841.0,24.0
38058503,12635.0,360841.0,24.0
38056348,12635.0,360841.0,24.0
38104959,12635.0,360841.0,24.0
38149646,12635.0,360841.0,24.0
38015103,12635.0,360841.0,24.0
38063631,12635.0,360841.0,24.0
38003937,12635.0,360841.0,24.0
38019000,12635.0,360841.0,24.0
38111008,12635.0,360841.0,24.0
38667716,12635.0,360841.0,24.0
38338992,12635.0,360841.0,24.0
38341930,12635.0,360841.0,24.0
38392049,12635.0,360841.0,24.0
38296505,12635.0,360841.0,24.0
38387598,12635.0,360841.0,24.0
38284249,12635.0,360841.0,24.0
38158987,12635.0,360841.0,24.0
38315433,12635.0,360841.0,24.0
38317294,12635.0,360841.0,24.0
38738026,12635.0,360841.0,24.0
38756048,12635.0,360841.0,24.0
38056242,12635.0,360841.0,24.0
38174426,12635.0,360841.0,24.0
38087208,12635.0,360841.0,24.0
41168935,12635.0,360841.0,24.0
38016863,12635.0,360841.0,24.0
38033624,12635.0,360841.0,24.0
37980355,12635.0,360841.0,24.0
38031777,12635.0,360841.0,24.0
39063375,12792.0,360841.0,24.0
38572988,12792.0,360841.0,24.0
38377236,12792.0,360841.0,24.0
38360699,12792.0,360841.0,24.0
38462988,12792.0,360841.0,24.0
38370256,12792.0,360841.0,24.0
38437278,12792.0,360841.0,24.0
38301727,12792.0,360841.0,24.0
38366520,12792.0,360841.0,24.0
38356481,12792.0,360841.0,24.0
38807299,12792.0,360841.0,24.0
39001043,12792.0,360841.0,24.0
38323142,12792.0,360841.0,24.0
38271096,12792.0,360841.0,24.0
38302469,12792.0,360841.0,24.0
38278394,12792.0,360841.0,24.0
38281629,12792.0,360841.0,24.0
38311551,12792.0,360841.0,24.0
38286280,12792.0,360841.0,24.0
38333076,12792.0,360841.0,24.0
38966810,12792.0,360841.0,24.0
38738703,12792.0,360841.0,24.0
38488038,12792.0,360841.0,24.0
38464880,12792.0,360841.0,24.0
38448193,12792.0,360841.0,24.0
38421354,12792.0,360841.0,24.0
38468088,12792.0,360841.0,24.0
38455241,12792.0,360841.0,24.0
38406396,12792.0,360841.0,24.0
38380029,12792.0,360841.0,24.0
38872501,12792.0,360841.0,24.0
38396349,12792.0,360841.0,24.0
38717014,12792.0,360841.0,24.0
38348816,12792.0,360841.0,24.0
38792401,12792.0,360841.0,24.0
38294767,12792.0,360841.0,24.0
38314207,12792.0,360841.0,24.0
38309924,12792.0,360841.0,24.0
38271379,12792.0,360841.0,24.0
38191140,12792.0,360841.0,24.0
39010993,12792.0,360841.0,24.0
38562422,12792.0,360841.0,24.0
38360027,12792.0,360841.0,24.0
38483919,12792.0,360841.0,24.0
38405796,12792.0,360841.0,24.0
38393177,12792.0,360841.0,24.0
38305851,12792.0,360841.0,24.0
38400454,12792.0,360841.0,24.0
38297980,12792.0,360841.0,24.0
38434602,12792.0,360841.0,24.0
38857423,12792.0,360841.0,24.0
38500663,12792.0,360841.0,24.0
38353509,12792.0,360841.0,24.0
38254959,12792.0,360841.0,24.0
38541036,12792.0,360841.0,24.0
38315252,12792.0,360841.0,24.0
38136844,12792.0,360841.0,24.0
38989682,12792.0,360841.0,24.0
38222077,12792.0,360841.0,24.0
38218982,12792.0,360841.0,24.0
39122978,12792.0,360841.0,24.0
38684677,12792.0,360841.0,24.0
38490894,12792.0,360841.0,24.0
38541464,12792.0,360841.0,24.0
38475182,12792.0,360841.0,24.0
38413515,12792.0,360841.0,24.0
38443945,12792.0,360841.0,24.0
38385889,12792.0,360841.0,24.0
38290305,12792.0,360841.0,24.0
38465742,12792.0,360841.0,24.0
38955068,12792.0,360841.0,24.0
38673006,12792.0,360841.0,24.0
38337215,12792.0,360841.0,24.0
38358430,12792.0,360841.0,24.0
38191608,12792.0,360841.0,24.0
38353166,12792.0,360841.0,24.0
38266778,12792.0,360841.0,24.0
38186456,12792.0,360841.0,24.0
38767046,12792.0,360841.0,24.0
38698062,12792.0,360841.0,24.0
39043629,12792.0,360841.0,24.0
38576299,12792.0,360841.0,24.0
38400326,12792.0,360841.0,24.0
38434379,12792.0,360841.0,24.0
38474132,12792.0,360841.0,24.0
38330004,12792.0,360841.0,24.0
38400416,12792.0,360841.0,24.0
38237219,12792.0,360841.0,24.0
38604527,12792.0,360841.0,24.0
38440752,12792.0,360841.0,24.0
38826465,12792.0,360841.0,24.0
38577554,12792.0,360841.0,24.0
38355208,12792.0,360841.0,24.0
38314276,12792.0,360841.0,24.0
38211875,12792.0,360841.0,24.0
38347183,12792.0,360841.0,24.0
38222938,12792.0,360841.0,24.0
38309979,12792.0,360841.0,24.0
38215645,12792.0,360841.0,24.0
38185181,12792.0,360841.0,24.0
38847627,12948.0,360841.0,24.0
38429578,12948.0,360841.0,24.0
38328170,12948.0,360841.0,24.0
38307770,12948.0,360841.0,24.0
38304724,12948.0,360841.0,24.0
38364194,12948.0,360841.0,24.0
38307141,12948.0,360841.0,24.0
38614248,12948.0,360841.0,24.0
38399795,12948.0,360841.0,24.0
38513235,12948.0,360841.0,24.0
38757595,12948.0,360841.0,24.0
38273208,12948.0,360841.0,24.0
38100856,12948.0,360841.0,24.0
38290598,12948.0,360841.0,24.0
38272595,12948.0,360841.0,24.0
38130096,12948.0,360841.0,24.0
38172928,12948.0,360841.0,24.0
38205707,12948.0,360841.0,24.0
38137986,12948.0,360841.0,24.0
38153646,12948.0,360841.0,24.0
38857295,12948.0,360841.0,24.0
39009553,12948.0,360841.0,24.0
38339558,12948.0,360841.0,24.0
38469804,12948.0,360841.0,24.0
38335527,12948.0,360841.0,24.0
38326500,12948.0,360841.0,24.0
38328200,12948.0,360841.0,24.0
38551025,12948.0,360841.0,24.0
38354770,12948.0,360841.0,24.0
38474581,12948.0,360841.0,24.0
38795330,12948.0,360841.0,24.0
38312383,12948.0,360841.0,24.0
38288080,12948.0,360841.0,24.0
38337728,12948.0,360841.0,24.0
38293060,12948.0,360841.0,24.0
38176794,12948.0,360841.0,24.0
38039864,12948.0,360841.0,24.0
38231318,12948.0,360841.0,24.0
38139920,12948.0,360841.0,24.0
38231501,12948.0,360841.0,24.0
38748624,12948.0,360841.0,24.0
38396038,12948.0,360841.0,24.0
38661872,12948.0,360841.0,24.0
38443376,12948.0,360841.0,24.0
38976251,12948.0,360841.0,24.0
38386785,12948.0,360841.0,24.0
38388449,12948.0,360841.0,24.0
38305021,12948.0,360841.0,24.0
38244095,12948.0,360841.0,24.0
38584753,12948.0,360841.0,24.0
38718452,12948.0,360841.0,24.0
38371514,12948.0,360841.0,24.0
38239749,12948.0,360841.0,24.0
38329731,12948.0,360841.0,24.0
38263073,12948.0,360841.0,24.0
38243306,12948.0,360841.0,24.0
38106235,12948.0,360841.0,24.0
38215074,12948.0,360841.0,24.0
38193934,12948.0,360841.0,24.0
38257261,12948.0,360841.0,24.0
38839866,12948.0,360841.0,24.0
38417275,12948.0,360841.0,24.0
38460497,12948.0,360841.0,24.0
38399557,12948.0,360841.0,24.0
38368703,12948.0,360841.0,24.0
38309247,12948.0,360841.0,24.0
38615545,12948.0,360841.0,24.0
38986455,12948.0,360841.0,24.0
38312014,12948.0,360841.0,24.0
38339351,12948.0,360841.0,24.0
38769251,12948.0,360841.0,24.0
38154352,12948.0,360841.0,24.0
38153658,12948.0,360841.0,24.0
38257390,12948.0,360841.0,24.0
38153987,12948.0,360841.0,24.0
38274121,12948.0,360841.0,24.0
38151687,12948.0,360841.0,24.0
38195320,12948.0,360841.0,24.0
38287865,12948.0,360841.0,24.0
38133013,12948.0,360841.0,24.0
38799125,12948.0,360841.0,24.0
38491787,12948.0,360841.0,24.0
38331296,12948.0,360841.0,24.0
38376382,12948.0,360841.0,24.0
38349090,12948.0,360841.0,24.0
38303726,12948.0,360841.0,24.0
38389284,12948.0,360841.0,24.0
38401106,12948.0,360841.0,24.0
38552630,12948.0,360841.0,24.0
38407808,12948.0,360841.0,24.0
38660735,12948.0,360841.0,24.0
38338177,12948.0,360841.0,24.0
38142826,12948.0,360841.0,24.0
38374666,12948.0,360841.0,24.0
38257383,12948.0,360841.0,24.0
38268023,12948.0,360841.0,24.0
38149980,12948.0,360841.0,24.0
38285611,12948.0,360841.0,24.0
38022507,12948.0,360841.0,24.0
38277248,12948.0,360841.0,24.0
39197156,13105.0,360841.0,24.0
38533251,13105.0,360841.0,24.0
38585867,13105.0,360841.0,24.0
38534708,13105.0,360841.0,24.0
38621719,13105.0,360841.0,24.0
38474913,13105.0,360841.0,24.0
38445965,13105.0,360841.0,24.0
38583858,13105.0,360841.0,24.0
38511571,13105.0,360841.0,24.0
38761433,13105.0,360841.0,24.0
38985325,13105.0,360841.0,24.0
38451288,13105.0,360841.0,24.0
38400007,13105.0,360841.0,24.0
38326025,13105.0,360841.0,24.0
38294004,13105.0,360841.0,24.0
38501926,13105.0,360841.0,24.0
38444146,13105.0,360841.0,24.0
38243750,13105.0,360841.0,24.0
38396479,13105.0,360841.0,24.0
41364732,13105.0,360841.0,24.0
39072734,13105.0,360841.0,24.0
38572521,13105.0,360841.0,24.0
38538299,13105.0,360841.0,24.0
38511524,13105.0,360841.0,24.0
38417296,13105.0,360841.0,24.0
38481357,13105.0,360841.0,24.0
38408986,13105.0,360841.0,24.0
38487473,13105.0,360841.0,24.0
38515176,13105.0,360841.0,24.0
38477287,13105.0,360841.0,24.0
39076113,13105.0,360841.0,24.0
39040510,13105.0,360841.0,24.0
38556632,13105.0,360841.0,24.0
38385267,13105.0,360841.0,24.0
38417094,13105.0,360841.0,24.0
38434941,13105.0,360841.0,24.0
38445200,13105.0,360841.0,24.0
38475724,13105.0,360841.0,24.0
38432494,13105.0,360841.0,24.0
38479963,13105.0,360841.0,24.0
39124346,13105.0,360841.0,24.0
38643156,13105.0,360841.0,24.0
38506131,13105.0,360841.0,24.0
38585192,13105.0,360841.0,24.0
38447752,13105.0,360841.0,24.0
38552243,13105.0,360841.0,24.0
38397545,13105.0,360841.0,24.0
38555468,13105.0,360841.0,24.0
38424721,13105.0,360841.0,24.0
38412722,13105.0,360841.0,24.0
38939646,13105.0,360841.0,24.0
38441857,13105.0,360841.0,24.0
38645810,13105.0,360841.0,24.0
38439750,13105.0,360841.0,24.0
38921298,13105.0,360841.0,24.0
38266101,13105.0,360841.0,24.0
38365930,13105.0,360841.0,24.0
38249688,13105.0,360841.0,24.0
38213188,13105.0,360841.0,24.0
38200376,13105.0,360841.0,24.0
39146958,13105.0,360841.0,24.0
38530665,13105.0,360841.0,24.0
38547549,13105.0,360841.0,24.0
38434142,13105.0,360841.0,24.0
38502255,13105.0,360841.0,24.0
38460788,13105.0,360841.0,24.0
38412845,13105.0,360841.0,24.0
38554480,13105.0,360841.0,24.0
38404258,13105.0,360841.0,24.0
38365919,13105.0,360841.0,24.0
39060216,13105.0,360841.0,24.0
38546538,13105.0,360841.0,24.0
38418232,13105.0,360841.0,24.0
38412982,13105.0,360841.0,24.0
38383241,13105.0,360841.0,24.0
38379902,13105.0,360841.0,24.0
38838235,13105.0,360841.0,24.0
38899749,13105.0,360841.0,24.0
38412717,13105.0,360841.0,24.0
38361799,13105.0,360841.0,24.0
39000251,13105.0,360841.0,24.0
38623223,13105.0,360841.0,24.0
38584975,13105.0,360841.0,24.0
38499542,13105.0,360841.0,24.0
38521721,13105.0,360841.0,24.0
38522812,13105.0,360841.0,24.0
38519408,13105.0,360841.0,24.0
38591802,13105.0,360841.0,24.0
38614447,13105.0,360841.0,24.0
38499372,13105.0,360841.0,24.0
38975468,13105.0,360841.0,24.0
38549136,13105.0,360841.0,24.0
38447533,13105.0,360841.0,24.0
38404173,13105.0,360841.0,24.0
38377765,13105.0,360841.0,24.0
38390553,13105.0,360841.0,24.0
38373177,13105.0,360841.0,24.0
38519918,13105.0,360841.0,24.0
38322166,13105.0,360841.0,24.0
38324591,13105.0,360841.0,24.0
38879241,13262.0,360841.0,24.0
38364462,13262.0,360841.0,24.0
38372730,13262.0,360841.0,24.0
38528804,13262.0,360841.0,24.0
38383265,13262.0,360841.0,24.0
38356967,13262.0,360841.0,24.0
38516159,13262.0,360841.0,24.0
38329310,13262.0,360841.0,24.0
38362513,13262.0,360841.0,24.0
38432541,13262.0,360841.0,24.0
38737467,13262.0,360841.0,24.0
38215835,13262.0,360841.0,24.0
38164315,13262.0,360841.0,24.0
38190983,13262.0,360841.0,24.0
37981626,13262.0,360841.0,24.0
38407680,13262.0,360841.0,24.0
38129328,13262.0,360841.0,24.0
38153080,13262.0,360841.0,24.0
38428340,13262.0,360841.0,24.0
38124064,13262.0,360841.0,24.0
38853932,13262.0,360841.0,24.0
38390411,13262.0,360841.0,24.0
38424642,13262.0,360841.0,24.0
38403347,13262.0,360841.0,24.0
38318256,13262.0,360841.0,24.0
38431345,13262.0,360841.0,24.0
38270571,13262.0,360841.0,24.0
38341799,13262.0,360841.0,24.0
38745139,13262.0,360841.0,24.0
38346464,13262.0,360841.0,24.0
38720873,13262.0,360841.0,24.0
38302969,13262.0,360841.0,24.0
38210671,13262.0,360841.0,24.0
38288029,13262.0,360841.0,24.0
38092261,13262.0,360841.0,24.0
38272607,13262.0,360841.0,24.0
38333785,13262.0,360841.0,24.0
38216321,13262.0,360841.0,24.0
38183749,13262.0,360841.0,24.0
38257071,13262.0,360841.0,24.0
39159499,13262.0,360841.0,24.0
38847557,13262.0,360841.0,24.0
38548354,13262.0,360841.0,24.0
38429926,13262.0,360841.0,24.0
38243974,13262.0,360841.0,24.0
38348210,13262.0,360841.0,24.0
38521564,13262.0,360841.0,24.0
38372870,13262.0,360841.0,24.0
38359518,13262.0,360841.0,24.0
38455740,13262.0,360841.0,24.0
38743371,13262.0,360841.0,24.0
38208610,13262.0,360841.0,24.0
38080095,13262.0,360841.0,24.0
38269229,13262.0,360841.0,24.0
38074344,13262.0,360841.0,24.0
38171408,13262.0,360841.0,24.0
38116560,13262.0,360841.0,24.0
38224603,13262.0,360841.0,24.0
38114771,13262.0,360841.0,24.0
38059388,13262.0,360841.0,24.0
38903156,13262.0,360841.0,24.0
38528332,13262.0,360841.0,24.0
38474505,13262.0,360841.0,24.0
38368050,13262.0,360841.0,24.0
38871957,13262.0,360841.0,24.0
38351631,13262.0,360841.0,24.0
38353457,13262.0,360841.0,24.0
38301281,13262.0,360841.0,24.0
38262083,13262.0,360841.0,24.0
38328430,13262.0,360841.0,24.0
38893916,13262.0,360841.0,24.0
38367028,13262.0,360841.0,24.0
38147019,13262.0,360841.0,24.0
38198642,13262.0,360841.0,24.0
38408256,13262.0,360841.0,24.0
38345806,13262.0,360841.0,24.0
38127138,13262.0,360841.0,24.0
38200891,13262.0,360841.0,24.0
38230518,13262.0,360841.0,24.0
38244069,13262.0,360841.0,24.0
38841517,13262.0,360841.0,24.0
38287092,13262.0,360841.0,24.0
38331414,13262.0,360841.0,24.0
38411833,13262.0,360841.0,24.0
38401255,13262.0,360841.0,24.0
38291857,13262.0,360841.0,24.0
38503849,13262.0,360841.0,24.0
38957058,13262.0,360841.0,24.0
38328281,13262.0,360841.0,24.0
38300490,13262.0,360841.0,24.0
38773714,13262.0,360841.0,24.0
38237946,13262.0,360841.0,24.0
38159750,13262.0,360841.0,24.0
38322511,13262.0,360841.0,24.0
38145888,13262.0,360841.0,24.0
38078057,13262.0,360841.0,24.0
38122268,13262.0,360841.0,24.0
38113486,13262.0,360841.0,24.0
38111160,13262.0,360841.0,24.0
38108442,13262.0,360841.0,24.0
38865275,13418.0,360841.0,24.0
38512331,13418.0,360841.0,24.0
38417758,13418.0,360841.0,24.0
38300653,13418.0,360841.0,24.0
38406024,13418.0,360841.0,24.0
38571330,13418.0,360841.0,24.0
38395706,13418.0,360841.0,24.0
38978903,13418.0,360841.0,24.0
38246159,13418.0,360841.0,24.0
38337544,13418.0,360841.0,24.0
38729401,13418.0,360841.0,24.0
38263375,13418.0,360841.0,24.0
38224321,13418.0,360841.0,24.0
38139469,13418.0,360841.0,24.0
38314302,13418.0,360841.0,24.0
38308478,13418.0,360841.0,24.0
38213368,13418.0,360841.0,24.0
38247903,13418.0,360841.0,24.0
38240285,13418.0,360841.0,24.0
38244211,13418.0,360841.0,24.0
39000556,13418.0,360841.0,24.0
38573104,13418.0,360841.0,24.0
38493725,13418.0,360841.0,24.0
38485587,13418.0,360841.0,24.0
38384797,13418.0,360841.0,24.0
38528316,13418.0,360841.0,24.0
38451701,13418.0,360841.0,24.0
38413288,13418.0,360841.0,24.0
38776397,13418.0,360841.0,24.0
38464366,13418.0,360841.0,24.0
38852281,13418.0,360841.0,24.0
38259770,13418.0,360841.0,24.0
38342992,13418.0,360841.0,24.0
38108620,13418.0,360841.0,24.0
38310235,13418.0,360841.0,24.0
38283096,13418.0,360841.0,24.0
38228245,13418.0,360841.0,24.0
38277092,13418.0,360841.0,24.0
38185944,13418.0,360841.0,24.0
38162554,13418.0,360841.0,24.0
38942350,13418.0,360841.0,24.0
38552763,13418.0,360841.0,24.0
38309753,13418.0,360841.0,24.0
38415770,13418.0,360841.0,24.0
41201227,13418.0,360841.0,24.0
38460771,13418.0,360841.0,24.0
38385806,13418.0,360841.0,24.0
38394354,13418.0,360841.0,24.0
38366944,13418.0,360841.0,24.0
38319748,13418.0,360841.0,24.0
38986847,13418.0,360841.0,24.0
38916098,13418.0,360841.0,24.0
38186232,13418.0,360841.0,24.0
38230480,13418.0,360841.0,24.0
38234311,13418.0,360841.0,24.0
38243317,13418.0,360841.0,24.0
38107616,13418.0,360841.0,24.0
38413307,13418.0,360841.0,24.0
38183963,13418.0,360841.0,24.0
38159474,13418.0,360841.0,24.0
38930366,13418.0,360841.0,24.0
38505750,13418.0,360841.0,24.0
38461753,13418.0,360841.0,24.0
38589290,13418.0,360841.0,24.0
38414657,13418.0,360841.0,24.0
38521124,13418.0,360841.0,24.0
38333240,13418.0,360841.0,24.0
38459231,13418.0,360841.0,24.0
38474389,13418.0,360841.0,24.0
38541165,13418.0,360841.0,24.0
38871298,13418.0,360841.0,24.0
38207686,13418.0,360841.0,24.0
38553278,13418.0,360841.0,24.0
38377143,13418.0,360841.0,24.0
38908033,13418.0,360841.0,24.0
38277669,13418.0,360841.0,24.0
38216472,13418.0,360841.0,24.0
38258869,13418.0,360841.0,24.0
38266882,13418.0,360841.0,24.0
38320708,13418.0,360841.0,24.0
39077109,13418.0,360841.0,24.0
38412201,13418.0,360841.0,24.0
38532978,13418.0,360841.0,24.0
38397553,13418.0,360841.0,24.0
38500504,13418.0,360841.0,24.0
38405859,13418.0,360841.0,24.0
38492026,13418.0,360841.0,24.0
38384773,13418.0,360841.0,24.0
38470813,13418.0,360841.0,24.0
38350396,13418.0,360841.0,24.0
38825101,13418.0,360841.0,24.0
38270274,13418.0,360841.0,24.0
38161173,13418.0,360841.0,24.0
38268564,13418.0,360841.0,24.0
38276416,13418.0,360841.0,24.0
38509559,13418.0,360841.0,24.0
38164319,13418.0,360841.0,24.0
38747037,13418.0,360841.0,24.0
38179832,13418.0,360841.0,24.0
38239545,13418.0,360841.0,24.0
39252986,13575.0,360841.0,24.0
38543236,13575.0,360841.0,24.0
38633337,13575.0,360841.0,24.0
38543236,13575.0,360841.0,24.0
38576285,13575.0,360841.0,24.0
38455127,13575.0,360841.0,24.0
38497228,13575.0,360841.0,24.0
38408094,13575.0,360841.0,24.0
38595140,13575.0,360841.0,24.0
38468263,13575.0,360841.0,24.0
38962446,13575.0,360841.0,24.0
38273717,13575.0,360841.0,24.0
38379276,13575.0,360841.0,24.0
38482171,13575.0,360841.0,24.0
38395932,13575.0,360841.0,24.0
38401026,13575.0,360841.0,24.0
38610308,13575.0,360841.0,24.0
38706635,13575.0,360841.0,24.0
38430147,13575.0,360841.0,24.0
38238847,13575.0,360841.0,24.0
39090611,13575.0,360841.0,24.0
38595844,13575.0,360841.0,24.0
38520293,13575.0,360841.0,24.0
38658312,13575.0,360841.0,24.0
38381427,13575.0,360841.0,24.0
38521432,13575.0,360841.0,24.0
38573282,13575.0,360841.0,24.0
38528373,13575.0,360841.0,24.0
38446684,13575.0,360841.0,24.0
38595813,13575.0,360841.0,24.0
39065219,13575.0,360841.0,24.0
38401085,13575.0,360841.0,24.0
38494931,13575.0,360841.0,24.0
38293139,13575.0,360841.0,24.0
38292682,13575.0,360841.0,24.0
38299061,13575.0,360841.0,24.0
38386604,13575.0,360841.0,24.0
38414283,13575.0,360841.0,24.0
38526717,13575.0,360841.0,24.0
38237699,13575.0,360841.0,24.0
39124212,13575.0,360841.0,24.0
38571778,13575.0,360841.0,24.0
38563075,13575.0,360841.0,24.0
38454920,13575.0,360841.0,24.0
38357719,13575.0,360841.0,24.0
38532624,13575.0,360841.0,24.0
38517276,13575.0,360841.0,24.0
38490246,13575.0,360841.0,24.0
38481511,13575.0,360841.0,24.0
38713942,13575.0,360841.0,24.0
38838701,13575.0,360841.0,24.0
38393615,13575.0,360841.0,24.0
38326765,13575.0,360841.0,24.0
38359580,13575.0,360841.0,24.0
38395161,13575.0,360841.0,24.0
38343330,13575.0,360841.0,24.0
38246698,13575.0,360841.0,24.0
38475937,13575.0,360841.0,24.0
38182127,13575.0,360841.0,24.0
38288486,13575.0,360841.0,24.0
39387092,13575.0,360841.0,24.0
39060289,13575.0,360841.0,24.0
38584765,13575.0,360841.0,24.0
38565887,13575.0,360841.0,24.0
38447433,13575.0,360841.0,24.0
38461380,13575.0,360841.0,24.0
38426605,13575.0,360841.0,24.0
38465701,13575.0,360841.0,24.0
38550671,13575.0,360841.0,24.0
38512063,13575.0,360841.0,24.0
39067273,13575.0,360841.0,24.0
38433119,13575.0,360841.0,24.0
38363034,13575.0,360841.0,24.0
38393169,13575.0,360841.0,24.0
38368225,13575.0,360841.0,24.0
38315119,13575.0,360841.0,24.0
38351068,13575.0,360841.0,24.0
38288396,13575.0,360841.0,24.0
38390931,13575.0,360841.0,24.0
38282631,13575.0,360841.0,24.0
39161613,13575.0,360841.0,24.0
38636177,13575.0,360841.0,24.0
38727162,13575.0,360841.0,24.0
38653251,13575.0,360841.0,24.0
38925714,13575.0,360841.0,24.0
38475435,13575.0,360841.0,24.0
38569369,13575.0,360841.0,24.0
38422498,13575.0,360841.0,24.0
38379879,13575.0,360841.0,24.0
38693395,13575.0,360841.0,24.0
38897273,13575.0,360841.0,24.0
38502605,13575.0,360841.0,24.0
38399152,13575.0,360841.0,24.0
38319651,13575.0,360841.0,24.0
38277118,13575.0,360841.0,24.0
38314614,13575.0,360841.0,24.0
38299537,13575.0,360841.0,24.0
38330636,13575.0,360841.0,24.0
38276170,13575.0,360841.0,24.0
38156490,13575.0,360841.0,24.0
39032701,13732.0,360841.0,24.0
38548707,13732.0,360841.0,24.0
38468005,13732.0,360841.0,24.0
38832143,13732.0,360841.0,24.0
38982570,13732.0,360841.0,24.0
38403926,13732.0,360841.0,24.0
38457395,13732.0,360841.0,24.0
38393818,13732.0,360841.0,24.0
38369136,13732.0,360841.0,24.0
38458953,13732.0,360841.0,24.0
38650539,13732.0,360841.0,24.0
38388633,13732.0,360841.0,24.0
38318248,13732.0,360841.0,24.0
38159578,13732.0,360841.0,24.0
38304327,13732.0,360841.0,24.0
38251164,13732.0,360841.0,24.0
38135169,13732.0,360841.0,24.0
38145479,13732.0,360841.0,24.0
38267495,13732.0,360841.0,24.0
38111177,13732.0,360841.0,24.0
38869035,13732.0,360841.0,24.0
38481113,13732.0,360841.0,24.0
38418932,13732.0,360841.0,24.0
38409911,13732.0,360841.0,24.0
38502248,13732.0,360841.0,24.0
38362243,13732.0,360841.0,24.0
38665887,13732.0,360841.0,24.0
38863390,13732.0,360841.0,24.0
38259870,13732.0,360841.0,24.0
38403044,13732.0,360841.0,24.0
38885810,13732.0,360841.0,24.0
38369301,13732.0,360841.0,24.0
38251067,13732.0,360841.0,24.0
38267321,13732.0,360841.0,24.0
38153249,13732.0,360841.0,24.0
38166794,13732.0,360841.0,24.0
38138177,13732.0,360841.0,24.0
38118672,13732.0,360841.0,24.0
38364472,13732.0,360841.0,24.0
38213424,13732.0,360841.0,24.0
39038159,13732.0,360841.0,24.0
38495596,13732.0,360841.0,24.0
38464748,13732.0,360841.0,24.0
38356337,13732.0,360841.0,24.0
38376578,13732.0,360841.0,24.0
38443605,13732.0,360841.0,24.0
38344330,13732.0,360841.0,24.0
38388580,13732.0,360841.0,24.0
38499176,13732.0,360841.0,24.0
38473131,13732.0,360841.0,24.0
38729727,13732.0,360841.0,24.0
38378173,13732.0,360841.0,24.0
38316152,13732.0,360841.0,24.0
38146557,13732.0,360841.0,24.0
38188452,13732.0,360841.0,24.0
38268013,13732.0,360841.0,24.0
38263592,13732.0,360841.0,24.0
38180162,13732.0,360841.0,24.0
38089784,13732.0,360841.0,24.0
38099164,13732.0,360841.0,24.0
38954083,13732.0,360841.0,24.0
38613814,13732.0,360841.0,24.0
38545866,13732.0,360841.0,24.0
38266510,13732.0,360841.0,24.0
38345010,13732.0,360841.0,24.0
38574423,13732.0,360841.0,24.0
38446463,13732.0,360841.0,24.0
38386612,13732.0,360841.0,24.0
38333303,13732.0,360841.0,24.0
38275526,13732.0,360841.0,24.0
39221715,13732.0,360841.0,24.0
38936956,13732.0,360841.0,24.0
38233174,13732.0,360841.0,24.0
38142790,13732.0,360841.0,24.0
38284679,13732.0,360841.0,24.0
38152586,13732.0,360841.0,24.0
38190583,13732.0,360841.0,24.0
38121146,13732.0,360841.0,24.0
38215433,13732.0,360841.0,24.0
38054380,13732.0,360841.0,24.0
38908065,13732.0,360841.0,24.0
38631842,13732.0,360841.0,24.0
38389201,13732.0,360841.0,24.0
38404795,13732.0,360841.0,24.0
38537851,13732.0,360841.0,24.0
38389489,13732.0,360841.0,24.0
38263006,13732.0,360841.0,24.0
38430847,13732.0,360841.0,24.0
38487815,13732.0,360841.0,24.0
38314343,13732.0,360841.0,24.0
38649912,13732.0,360841.0,24.0
38301808,13732.0,360841.0,24.0
38421537,13732.0,360841.0,24.0
38586547,13732.0,360841.0,24.0
38810506,13732.0,360841.0,24.0
38239572,13732.0,360841.0,24.0
38251949,13732.0,360841.0,24.0
38191981,13732.0,360841.0,24.0
38169910,13732.0,360841.0,24.0
38160393,13732.0,360841.0,24.0
39374852,13888.0,360841.0,24.0
38862722,13888.0,360841.0,24.0
38756328,13888.0,360841.0,24.0
38710236,13888.0,360841.0,24.0
38710684,13888.0,360841.0,24.0
38678542,13888.0,360841.0,24.0
38745440,13888.0,360841.0,24.0
38699211,13888.0,360841.0,24.0
38686308,13888.0,360841.0,24.0
38655333,13888.0,360841.0,24.0
39017921,13888.0,360841.0,24.0
38640549,13888.0,360841.0,24.0
38804904,13888.0,360841.0,24.0
38582345,13888.0,360841.0,24.0
39167025,13888.0,360841.0,24.0
38597997,13888.0,360841.0,24.0
38503592,13888.0,360841.0,24.0
38534569,13888.0,360841.0,24.0
38599199,13888.0,360841.0,24.0
38578683,13888.0,360841.0,24.0
39442535,13888.0,360841.0,24.0
38853551,13888.0,360841.0,24.0
38733233,13888.0,360841.0,24.0
38622786,13888.0,360841.0,24.0
38817987,13888.0,360841.0,24.0
38680983,13888.0,360841.0,24.0
38703534,13888.0,360841.0,24.0
38711659,13888.0,360841.0,24.0
38622043,13888.0,360841.0,24.0
38626561,13888.0,360841.0,24.0
39319711,13888.0,360841.0,24.0
38737869,13888.0,360841.0,24.0
38684442,13888.0,360841.0,24.0
38621343,13888.0,360841.0,24.0
38597119,13888.0,360841.0,24.0
38616512,13888.0,360841.0,24.0
38971287,13888.0,360841.0,24.0
39258599,13888.0,360841.0,24.0
38661647,13888.0,360841.0,24.0
38454357,13888.0,360841.0,24.0
39419119,13888.0,360841.0,24.0
38906366,13888.0,360841.0,24.0
38789188,13888.0,360841.0,24.0
38755561,13888.0,360841.0,24.0
38678568,13888.0,360841.0,24.0
38652857,13888.0,360841.0,24.0
38758645,13888.0,360841.0,24.0
38689624,13888.0,360841.0,24.0
38672452,13888.0,360841.0,24.0
38578483,13888.0,360841.0,24.0
39074799,13888.0,360841.0,24.0
38736567,13888.0,360841.0,24.0
38473958,13888.0,360841.0,24.0
38623495,13888.0,360841.0,24.0
38470183,13888.0,360841.0,24.0
38533743,13888.0,360841.0,24.0
38463068,13888.0,360841.0,24.0
38864006,13888.0,360841.0,24.0
38527602,13888.0,360841.0,24.0
38529486,13888.0,360841.0,24.0
39436442,13888.0,360841.0,24.0
38746799,13888.0,360841.0,24.0
38638190,13888.0,360841.0,24.0
38703866,13888.0,360841.0,24.0
38775532,13888.0,360841.0,24.0
38696834,13888.0,360841.0,24.0
38722401,13888.0,360841.0,24.0
38587424,13888.0,360841.0,24.0
38692701,13888.0,360841.0,24.0
38803626,13888.0,360841.0,24.0
39224373,13888.0,360841.0,24.0
38682442,13888.0,360841.0,24.0
38579415,13888.0,360841.0,24.0
38645759,13888.0,360841.0,24.0
38661333,13888.0,360841.0,24.0
38701248,13888.0,360841.0,24.0
38609043,13888.0,360841.0,24.0
38511269,13888.0,360841.0,24.0
38549750,13888.0,360841.0,24.0
38559524,13888.0,360841.0,24.0
39337638,13888.0,360841.0,24.0
39482634,13888.0,360841.0,24.0
38698214,13888.0,360841.0,24.0
38736296,13888.0,360841.0,24.0
38732656,13888.0,360841.0,24.0
38536503,13888.0,360841.0,24.0
38701252,13888.0,360841.0,24.0
38610623,13888.0,360841.0,24.0
38642879,13888.0,360841.0,24.0
38696975,13888.0,360841.0,24.0
39029223,13888.0,360841.0,24.0
38724718,13888.0,360841.0,24.0
38587485,13888.0,360841.0,24.0
38690898,13888.0,360841.0,24.0
38590421,13888.0,360841.0,24.0
38549297,13888.0,360841.0,24.0
38508998,13888.0,360841.0,24.0
38421437,13888.0,360841.0,24.0
38523823,13888.0,360841.0,24.0
38530142,13888.0,360841.0,24.0
39442227,14045.0,360841.0,24.0
39110997,14045.0,360841.0,24.0
38447288,14045.0,360841.0,24.0
38511494,14045.0,360841.0,24.0
38451416,14045.0,360841.0,24.0
38546815,14045.0,360841.0,24.0
38446030,14045.0,360841.0,24.0
38381507,14045.0,360841.0,24.0
38379493,14045.0,360841.0,24.0
38530619,14045.0,360841.0,24.0
38838267,14045.0,360841.0,24.0
38332602,14045.0,360841.0,24.0
38398579,14045.0,360841.0,24.0
38357301,14045.0,360841.0,24.0
38138308,14045.0,360841.0,24.0
38230061,14045.0,360841.0,24.0
38352540,14045.0,360841.0,24.0
38201518,14045.0,360841.0,24.0
38312900,14045.0,360841.0,24.0
38291077,14045.0,360841.0,24.0
39082994,14045.0,360841.0,24.0
38548940,14045.0,360841.0,24.0
38701373,14045.0,360841.0,24.0
38500766,14045.0,360841.0,24.0
39044040,14045.0,360841.0,24.0
38525668,14045.0,360841.0,24.0
38375297,14045.0,360841.0,24.0
38566116,14045.0,360841.0,24.0
38586995,14045.0,360841.0,24.0
38421626,14045.0,360841.0,24.0
38900036,14045.0,360841.0,24.0
38330226,14045.0,360841.0,24.0
38332504,14045.0,360841.0,24.0
38374266,14045.0,360841.0,24.0
38237355,14045.0,360841.0,24.0
38368782,14045.0,360841.0,24.0
38269362,14045.0,360841.0,24.0
38303220,14045.0,360841.0,24.0
38283129,14045.0,360841.0,24.0
38278448,14045.0,360841.0,24.0
38977928,14045.0,360841.0,24.0
38626016,14045.0,360841.0,24.0
38440233,14045.0,360841.0,24.0
38527083,14045.0,360841.0,24.0
38339178,14045.0,360841.0,24.0
38838107,14045.0,360841.0,24.0
38432285,14045.0,360841.0,24.0
39007800,14045.0,360841.0,24.0
38415213,14045.0,360841.0,24.0
38470181,14045.0,360841.0,24.0
38875680,14045.0,360841.0,24.0
38346060,14045.0,360841.0,24.0
38348976,14045.0,360841.0,24.0
38339308,14045.0,360841.0,24.0
38345360,14045.0,360841.0,24.0
38206545,14045.0,360841.0,24.0
38194568,14045.0,360841.0,24.0
38331501,14045.0,360841.0,24.0
38287621,14045.0,360841.0,24.0
38197227,14045.0,360841.0,24.0
38920521,14045.0,360841.0,24.0
38742200,14045.0,360841.0,24.0
38466866,14045.0,360841.0,24.0
38486470,14045.0,360841.0,24.0
38442159,14045.0,360841.0,24.0
38482091,14045.0,360841.0,24.0
38377076,14045.0,360841.0,24.0
38434930,14045.0,360841.0,24.0
38451788,14045.0,360841.0,24.0
39388740,14045.0,360841.0,24.0
38910906,14045.0,360841.0,24.0
38416488,14045.0,360841.0,24.0
38298687,14045.0,360841.0,24.0
38316330,14045.0,360841.0,24.0
38248575,14045.0,360841.0,24.0
38475893,14045.0,360841.0,24.0
38175352,14045.0,360841.0,24.0
38243874,14045.0,360841.0,24.0
38289313,14045.0,360841.0,24.0
38401786,14045.0,360841.0,24.0
38985930,14045.0,360841.0,24.0
38606043,14045.0,360841.0,24.0
38496335,14045.0,360841.0,24.0
38503482,14045.0,360841.0,24.0
38340228,14045.0,360841.0,24.0
38626590,14045.0,360841.0,24.0
38419173,14045.0,360841.0,24.0
38442742,14045.0,360841.0,24.0
38382532,14045.0,360841.0,24.0
38433296,14045.0,360841.0,24.0
38825772,14045.0,360841.0,24.0
38956910,14045.0,360841.0,24.0
38315553,14045.0,360841.0,24.0
38245857,14045.0,360841.0,24.0
41348388,14045.0,360841.0,24.0
38258717,14045.0,360841.0,24.0
38196474,14045.0,360841.0,24.0
38300409,14045.0,360841.0,24.0
38190302,14045.0,360841.0,24.0
38194439,14045.0,360841.0,24.0
39141978,14202.0,360841.0,24.0
38474966,14202.0,360841.0,24.0
38549046,14202.0,360841.0,24.0
38541215,14202.0,360841.0,24.0
38640032,14202.0,360841.0,24.0
38346469,14202.0,360841.0,24.0
38256248,14202.0,360841.0,24.0
38456160,14202.0,360841.0,24.0
38498913,14202.0,360841.0,24.0
38341528,14202.0,360841.0,24.0
39201350,14202.0,360841.0,24.0
38926242,14202.0,360841.0,24.0
38314017,14202.0,360841.0,24.0
38442158,14202.0,360841.0,24.0
38338450,14202.0,360841.0,24.0
38224061,14202.0,360841.0,24.0
38171063,14202.0,360841.0,24.0
38464256,14202.0,360841.0,24.0
38280710,14202.0,360841.0,24.0
38226307,14202.0,360841.0,24.0
39106368,14202.0,360841.0,24.0
38612660,14202.0,360841.0,24.0
38454598,14202.0,360841.0,24.0
38467726,14202.0,360841.0,24.0
38391717,14202.0,360841.0,24.0
38610438,14202.0,360841.0,24.0
38390788,14202.0,360841.0,24.0
38451894,14202.0,360841.0,24.0
38401943,14202.0,360841.0,24.0
38448106,14202.0,360841.0,24.0
38960705,14202.0,360841.0,24.0
38722884,14202.0,360841.0,24.0
38375423,14202.0,360841.0,24.0
38220398,14202.0,360841.0,24.0
38997832,14202.0,360841.0,24.0
38387714,14202.0,360841.0,24.0
38280718,14202.0,360841.0,24.0
38320550,14202.0,360841.0,24.0
38303253,14202.0,360841.0,24.0
38400244,14202.0,360841.0,24.0
39052093,14202.0,360841.0,24.0
38690686,14202.0,360841.0,24.0
38546774,14202.0,360841.0,24.0
38485900,14202.0,360841.0,24.0
38366864,14202.0,360841.0,24.0
38387070,14202.0,360841.0,24.0
38439611,14202.0,360841.0,24.0
38525517,14202.0,360841.0,24.0
38626878,14202.0,360841.0,24.0
38290243,14202.0,360841.0,24.0
38841012,14202.0,360841.0,24.0
38410537,14202.0,360841.0,24.0
38360949,14202.0,360841.0,24.0
38329200,14202.0,360841.0,24.0
38224656,14202.0,360841.0,24.0
38830073,14202.0,360841.0,24.0
38852516,14202.0,360841.0,24.0
38308230,14202.0,360841.0,24.0
38171472,14202.0,360841.0,24.0
38505871,14202.0,360841.0,24.0
39215401,14202.0,360841.0,24.0
38578516,14202.0,360841.0,24.0
38530128,14202.0,360841.0,24.0
38515004,14202.0,360841.0,24.0
38361347,14202.0,360841.0,24.0
38441968,14202.0,360841.0,24.0
38464985,14202.0,360841.0,24.0
38476929,14202.0,360841.0,24.0
38406545,14202.0,360841.0,24.0
38461538,14202.0,360841.0,24.0
38950785,14202.0,360841.0,24.0
38444559,14202.0,360841.0,24.0
38434425,14202.0,360841.0,24.0
38365244,14202.0,360841.0,24.0
38367706,14202.0,360841.0,24.0
38379232,14202.0,360841.0,24.0
38289738,14202.0,360841.0,24.0
38405753,14202.0,360841.0,24.0
38786759,14202.0,360841.0,24.0
38842729,14202.0,360841.0,24.0
39148839,14202.0,360841.0,24.0
38582843,14202.0,360841.0,24.0
38492008,14202.0,360841.0,24.0
38405306,14202.0,360841.0,24.0
38509805,14202.0,360841.0,24.0
38345657,14202.0,360841.0,24.0
38442414,14202.0,360841.0,24.0
38500399,14202.0,360841.0,24.0
38344006,14202.0,360841.0,24.0
38693430,14202.0,360841.0,24.0
38817079,14202.0,360841.0,24.0
38351084,14202.0,360841.0,24.0
38237623,14202.0,360841.0,24.0
38492004,14202.0,360841.0,24.0
38291547,14202.0,360841.0,24.0
38340322,14202.0,360841.0,24.0
38201000,14202.0,360841.0,24.0
38377030,14202.0,360841.0,24.0
38313413,14202.0,360841.0,24.0
38324092,14202.0,360841.0,24.0
39273519,14359.0,360841.0,24.0
38799062,14359.0,360841.0,24.0
38433992,14359.0,360841.0,24.0
38591926,14359.0,360841.0,24.0
38529050,14359.0,360841.0,24.0
38777663,14359.0,360841.0,24.0
38719168,14359.0,360841.0,24.0
38378182,14359.0,360841.0,24.0
38599624,14359.0,360841.0,24.0
38668231,14359.0,360841.0,24.0
38954957,14359.0,360841.0,24.0
38500921,14359.0,360841.0,24.0
38462049,14359.0,360841.0,24.0
38393225,14359.0,360841.0,24.0
38321249,14359.0,360841.0,24.0
38300949,14359.0,360841.0,24.0
38376416,14359.0,360841.0,24.0
38390741,14359.0,360841.0,24.0
38407041,14359.0,360841.0,24.0
38324118,14359.0,360841.0,24.0
39122503,14359.0,360841.0,24.0
39256026,14359.0,360841.0,24.0
38665561,14359.0,360841.0,24.0
38522777,14359.0,360841.0,24.0
38503768,14359.0,360841.0,24.0
38601343,14359.0,360841.0,24.0
38593066,14359.0,360841.0,24.0
38716917,14359.0,360841.0,24.0
38677464,14359.0,360841.0,24.0
38603742,14359.0,360841.0,24.0
38921233,14359.0,360841.0,24.0
38417510,14359.0,360841.0,24.0
38495332,14359.0,360841.0,24.0
38413726,14359.0,360841.0,24.0
38547487,14359.0,360841.0,24.0
38273260,14359.0,360841.0,24.0
38402151,14359.0,360841.0,24.0
38318262,14359.0,360841.0,24.0
38422348,14359.0,360841.0,24.0
38359174,14359.0,360841.0,24.0
39183812,14359.0,360841.0,24.0
38577852,14359.0,360841.0,24.0
38681040,14359.0,360841.0,24.0
39346958,14359.0,360841.0,24.0
38699182,14359.0,360841.0,24.0
38602548,14359.0,360841.0,24.0
38533330,14359.0,360841.0,24.0
38441324,14359.0,360841.0,24.0
38524083,14359.0,360841.0,24.0
38732175,14359.0,360841.0,24.0
38867623,14359.0,360841.0,24.0
38452952,14359.0,360841.0,24.0
38265328,14359.0,360841.0,24.0
38384905,14359.0,360841.0,24.0
38343620,14359.0,360841.0,24.0
38351911,14359.0,360841.0,24.0
38187798,14359.0,360841.0,24.0
38365734,14359.0,360841.0,24.0
38409512,14359.0,360841.0,24.0
38337746,14359.0,360841.0,24.0
39223882,14359.0,360841.0,24.0
38752164,14359.0,360841.0,24.0
38623059,14359.0,360841.0,24.0
38568380,14359.0,360841.0,24.0
38720309,14359.0,360841.0,24.0
38498134,14359.0,360841.0,24.0
39012543,14359.0,360841.0,24.0
38822394,14359.0,360841.0,24.0
38698963,14359.0,360841.0,24.0
38425212,14359.0,360841.0,24.0
38847591,14359.0,360841.0,24.0
38419843,14359.0,360841.0,24.0
38353425,14359.0,360841.0,24.0
38451586,14359.0,360841.0,24.0
38344929,14359.0,360841.0,24.0
38340929,14359.0,360841.0,24.0
38315398,14359.0,360841.0,24.0
38380240,14359.0,360841.0,24.0
38431221,14359.0,360841.0,24.0
38396232,14359.0,360841.0,24.0
39244227,14359.0,360841.0,24.0
38586503,14359.0,360841.0,24.0
38661041,14359.0,360841.0,24.0
38701303,14359.0,360841.0,24.0
38576258,14359.0,360841.0,24.0
38576380,14359.0,360841.0,24.0
38538779,14359.0,360841.0,24.0
38425873,14359.0,360841.0,24.0
38775963,14359.0,360841.0,24.0
39172132,14359.0,360841.0,24.0
38875738,14359.0,360841.0,24.0
38431895,14359.0,360841.0,24.0
38395864,14359.0,360841.0,24.0
38444469,14359.0,360841.0,24.0
38307179,14359.0,360841.0,24.0
38278334,14359.0,360841.0,24.0
38421761,14359.0,360841.0,24.0
38351447,14359.0,360841.0,24.0
38355589,14359.0,360841.0,24.0
38380024,14359.0,360841.0,24.0
39063856,14515.0,360841.0,24.0
38629459,14515.0,360841.0,24.0
38597230,14515.0,360841.0,24.0
38519419,14515.0,360841.0,24.0
38687989,14515.0,360841.0,24.0
38602299,14515.0,360841.0,24.0
38468343,14515.0,360841.0,24.0
38798600,14515.0,360841.0,24.0
38424980,14515.0,360841.0,24.0
39076304,14515.0,360841.0,24.0
38903046,14515.0,360841.0,24.0
38534059,14515.0,360841.0,24.0
38480202,14515.0,360841.0,24.0
38441606,14515.0,360841.0,24.0
38300533,14515.0,360841.0,24.0
38505043,14515.0,360841.0,24.0
38538961,14515.0,360841.0,24.0
41383417,14515.0,360841.0,24.0
38300154,14515.0,360841.0,24.0
38396561,14515.0,360841.0,24.0
39026775,14515.0,360841.0,24.0
38784563,14515.0,360841.0,24.0
38442470,14515.0,360841.0,24.0
38598270,14515.0,360841.0,24.0
38530887,14515.0,360841.0,24.0
38528869,14515.0,360841.0,24.0
38569151,14515.0,360841.0,24.0
38515447,14515.0,360841.0,24.0
38569907,14515.0,360841.0,24.0
38504632,14515.0,360841.0,24.0
39661174,14515.0,360841.0,24.0
38490359,14515.0,360841.0,24.0
38620868,14515.0,360841.0,24.0
38486346,14515.0,360841.0,24.0
40385620,14515.0,360841.0,24.0
40261904,14515.0,360841.0,24.0
38480848,14515.0,360841.0,24.0
38531765,14515.0,360841.0,24.0
38368630,14515.0,360841.0,24.0
38530966,14515.0,360841.0,24.0
39039923,14515.0,360841.0,24.0
38745441,14515.0,360841.0,24.0
38740702,14515.0,360841.0,24.0
38594195,14515.0,360841.0,24.0
38579600,14515.0,360841.0,24.0
38505900,14515.0,360841.0,24.0
38496977,14515.0,360841.0,24.0
38669176,14515.0,360841.0,24.0
38584378,14515.0,360841.0,24.0
38601346,14515.0,360841.0,24.0
38972779,14515.0,360841.0,24.0
38528161,14515.0,360841.0,24.0
38991718,14515.0,360841.0,24.0
39027509,14515.0,360841.0,24.0
38298724,14515.0,360841.0,24.0
38513861,14515.0,360841.0,24.0
38349663,14515.0,360841.0,24.0
38415402,14515.0,360841.0,24.0
38353504,14515.0,360841.0,24.0
38472057,14515.0,360841.0,24.0
38957100,14515.0,360841.0,24.0
38666235,14515.0,360841.0,24.0
38643083,14515.0,360841.0,24.0
38622978,14515.0,360841.0,24.0
38523136,14515.0,360841.0,24.0
38673519,14515.0,360841.0,24.0
38521062,14515.0,360841.0,24.0
38509315,14515.0,360841.0,24.0
38499825,14515.0,360841.0,24.0
38674053,14515.0,360841.0,24.0
38918322,14515.0,360841.0,24.0
38523877,14515.0,360841.0,24.0
38408244,14515.0,360841.0,24.0
38434845,14515.0,360841.0,24.0
38615335,14515.0,360841.0,24.0
38392611,14515.0,360841.0,24.0
38980927,14515.0,360841.0,24.0
38531038,14515.0,360841.0,24.0
38465314,14515.0,360841.0,24.0
38357282,14515.0,360841.0,24.0
38992090,14515.0,360841.0,24.0
38660926,14515.0,360841.0,24.0
38842798,14515.0,360841.0,24.0
38448662,14515.0,360841.0,24.0
38500812,14515.0,360841.0,24.0
38788620,14515.0,360841.0,24.0
38640592,14515.0,360841.0,24.0
38484965,14515.0,360841.0,24.0
38573665,14515.0,360841.0,24.0
38486347,14515.0,360841.0,24.0
38965574,14515.0,360841.0,24.0
38451298,14515.0,360841.0,24.0
38413656,14515.0,360841.0,24.0
38393164,14515.0,360841.0,24.0
38212125,14515.0,360841.0,24.0
38445915,14515.0,360841.0,24.0
38283457,14515.0,360841.0,24.0
38782749,14515.0,360841.0,24.0
38295528,14515.0,360841.0,24.0
38975671,14515.0,360841.0,24.0
39562324,14672.0,360841.0,24.0
39095235,14672.0,360841.0,24.0
38920019,14672.0,360841.0,24.0
38897016,14672.0,360841.0,24.0
38865104,14672.0,360841.0,24.0
38839711,14672.0,360841.0,24.0
39154109,14672.0,360841.0,24.0
38776147,14672.0,360841.0,24.0
38805895,14672.0,360841.0,24.0
38734887,14672.0,360841.0,24.0
39190178,14672.0,360841.0,24.0
38692052,14672.0,360841.0,24.0
38504997,14672.0,360841.0,24.0
38554333,14672.0,360841.0,24.0
38504189,14672.0,360841.0,24.0
38470658,14672.0,360841.0,24.0
38458015,14672.0,360841.0,24.0
38536977,14672.0,360841.0,24.0
38926358,14672.0,360841.0,24.0
39065521,14672.0,360841.0,24.0
39560146,14672.0,360841.0,24.0
39038300,14672.0,360841.0,24.0
38971809,14672.0,360841.0,24.0
38860545,14672.0,360841.0,24.0
38962315,14672.0,360841.0,24.0
38863160,14672.0,360841.0,24.0
38802471,14672.0,360841.0,24.0
38865286,14672.0,360841.0,24.0
38944513,14672.0,360841.0,24.0
38923298,14672.0,360841.0,24.0
39122276,14672.0,360841.0,24.0
38677778,14672.0,360841.0,24.0
38523892,14672.0,360841.0,24.0
38604418,14672.0,360841.0,24.0
38507078,14672.0,360841.0,24.0
38517558,14672.0,360841.0,24.0
38436888,14672.0,360841.0,24.0
38508751,14672.0,360841.0,24.0
38492948,14672.0,360841.0,24.0
38726965,14672.0,360841.0,24.0
40077540,14672.0,360841.0,24.0
39017817,14672.0,360841.0,24.0
38985539,14672.0,360841.0,24.0
38888282,14672.0,360841.0,24.0
38851737,14672.0,360841.0,24.0
38835761,14672.0,360841.0,24.0
38825545,14672.0,360841.0,24.0
38837715,14672.0,360841.0,24.0
38806893,14672.0,360841.0,24.0
38876941,14672.0,360841.0,24.0
39203920,14672.0,360841.0,24.0
38708553,14672.0,360841.0,24.0
38518274,14672.0,360841.0,24.0
38516557,14672.0,360841.0,24.0
38476997,14672.0,360841.0,24.0
38535872,14672.0,360841.0,24.0
38466350,14672.0,360841.0,24.0
38503094,14672.0,360841.0,24.0
38542790,14672.0,360841.0,24.0
38476168,14672.0,360841.0,24.0
39543953,14672.0,360841.0,24.0
39413443,14672.0,360841.0,24.0
39450251,14672.0,360841.0,24.0
39019030,14672.0,360841.0,24.0
38875984,14672.0,360841.0,24.0
38854727,14672.0,360841.0,24.0
38873770,14672.0,360841.0,24.0
38900095,14672.0,360841.0,24.0
38871842,14672.0,360841.0,24.0
38859825,14672.0,360841.0,24.0
39139263,14672.0,360841.0,24.0
38561800,14672.0,360841.0,24.0
38524879,14672.0,360841.0,24.0
38556499,14672.0,360841.0,24.0
38532265,14672.0,360841.0,24.0
38532292,14672.0,360841.0,24.0
38603444,14672.0,360841.0,24.0
38555118,14672.0,360841.0,24.0
38553074,14672.0,360841.0,24.0
38431157,14672.0,360841.0,24.0
39533541,14672.0,360841.0,24.0
39036968,14672.0,360841.0,24.0
38923813,14672.0,360841.0,24.0
38964136,14672.0,360841.0,24.0
38814916,14672.0,360841.0,24.0
39401140,14672.0,360841.0,24.0
38883573,14672.0,360841.0,24.0
38802785,14672.0,360841.0,24.0
38853704,14672.0,360841.0,24.0
38846211,14672.0,360841.0,24.0
39156761,14672.0,360841.0,24.0
38700728,14672.0,360841.0,24.0
38517890,14672.0,360841.0,24.0
38601844,14672.0,360841.0,24.0
38564841,14672.0,360841.0,24.0
38495403,14672.0,360841.0,24.0
38424910,14672.0,360841.0,24.0
38440730,14672.0,360841.0,24.0
38527234,14672.0,360841.0,24.0
38390653,14672.0,360841.0,24.0
39245626,14829.0,360841.0,24.0
38731103,14829.0,360841.0,24.0
38401413,14829.0,360841.0,24.0
38886184,14829.0,360841.0,24.0
38584384,14829.0,360841.0,24.0
39182344,14829.0,360841.0,24.0
38584175,14829.0,360841.0,24.0
38480029,14829.0,360841.0,24.0
38544016,14829.0,360841.0,24.0
38412883,14829.0,360841.0,24.0
39008684,14829.0,360841.0,24.0
38504375,14829.0,360841.0,24.0
38410611,14829.0,360841.0,24.0
38371162,14829.0,360841.0,24.0
38320795,14829.0,360841.0,24.0
38412274,14829.0,360841.0,24.0
38331480,14829.0,360841.0,24.0
38396135,14829.0,360841.0,24.0
38302689,14829.0,360841.0,24.0
38486386,14829.0,360841.0,24.0
39111560,14829.0,360841.0,24.0
38688728,14829.0,360841.0,24.0
38454881,14829.0,360841.0,24.0
38597510,14829.0,360841.0,24.0
38416185,14829.0,360841.0,24.0
38562259,14829.0,360841.0,24.0
38427578,14829.0,360841.0,24.0
38956518,14829.0,360841.0,24.0
39010978,14829.0,360841.0,24.0
38416848,14829.0,360841.0,24.0
39010890,14829.0,360841.0,24.0
38460068,14829.0,360841.0,24.0
38264836,14829.0,360841.0,24.0
38444293,14829.0,360841.0,24.0
38304177,14829.0,360841.0,24.0
38268276,14829.0,360841.0,24.0
38362445,14829.0,360841.0,24.0
38293055,14829.0,360841.0,24.0
38451559,14829.0,360841.0,24.0
38434236,14829.0,360841.0,24.0
42175826,14829.0,360841.0,24.0
38632726,14829.0,360841.0,24.0
38701757,14829.0,360841.0,24.0
38529926,14829.0,360841.0,24.0
38537810,14829.0,360841.0,24.0
38462015,14829.0,360841.0,24.0
38629496,14829.0,360841.0,24.0
38440215,14829.0,360841.0,24.0
38738007,14829.0,360841.0,24.0
38556589,14829.0,360841.0,24.0
38989088,14829.0,360841.0,24.0
38459655,14829.0,360841.0,24.0
38438495,14829.0,360841.0,24.0
38450068,14829.0,360841.0,24.0
38298250,14829.0,360841.0,24.0
38475572,14829.0,360841.0,24.0
38426445,14829.0,360841.0,24.0
38329977,14829.0,360841.0,24.0
38440619,14829.0,360841.0,24.0
38396381,14829.0,360841.0,24.0
39255052,14829.0,360841.0,24.0
38685692,14829.0,360841.0,24.0
38509873,14829.0,360841.0,24.0
38573535,14829.0,360841.0,24.0
38594847,14829.0,360841.0,24.0
38420423,14829.0,360841.0,24.0
38545863,14829.0,360841.0,24.0
38501969,14829.0,360841.0,24.0
38536242,14829.0,360841.0,24.0
38441886,14829.0,360841.0,24.0
39306711,14829.0,360841.0,24.0
38380647,14829.0,360841.0,24.0
39105644,14829.0,360841.0,24.0
38266297,14829.0,360841.0,24.0
38407550,14829.0,360841.0,24.0
38330469,14829.0,360841.0,24.0
38213958,14829.0,360841.0,24.0
38368149,14829.0,360841.0,24.0
38482727,14829.0,360841.0,24.0
38311063,14829.0,360841.0,24.0
39258704,14829.0,360841.0,24.0
38609180,14829.0,360841.0,24.0
38562213,14829.0,360841.0,24.0
38472515,14829.0,360841.0,24.0
38503759,14829.0,360841.0,24.0
38581854,14829.0,360841.0,24.0
38467666,14829.0,360841.0,24.0
38633460,14829.0,360841.0,24.0
38538165,14829.0,360841.0,24.0
38505273,14829.0,360841.0,24.0
39060156,14829.0,360841.0,24.0
38567456,14829.0,360841.0,24.0
38556117,14829.0,360841.0,24.0
38315462,14829.0,360841.0,24.0
38809494,14829.0,360841.0,24.0
39109036,14829.0,360841.0,24.0
38364891,14829.0,360841.0,24.0
38386840,14829.0,360841.0,24.0
38341800,14829.0,360841.0,24.0
38384477,14829.0,360841.0,24.0
39419371,14985.0,360841.0,24.0
38986741,14985.0,360841.0,24.0
38774823,14985.0,360841.0,24.0
38927700,14985.0,360841.0,24.0
38651342,14985.0,360841.0,24.0
38747789,14985.0,360841.0,24.0
38761197,14985.0,360841.0,24.0
38684247,14985.0,360841.0,24.0
38714110,14985.0,360841.0,24.0
38711739,14985.0,360841.0,24.0
39190391,14985.0,360841.0,24.0
38653500,14985.0,360841.0,24.0
38626525,14985.0,360841.0,24.0
38844977,14985.0,360841.0,24.0
38594502,14985.0,360841.0,24.0
38957447,14985.0,360841.0,24.0
38557784,14985.0,360841.0,24.0
38544923,14985.0,360841.0,24.0
38615901,14985.0,360841.0,24.0
38443608,14985.0,360841.0,24.0
39458003,14985.0,360841.0,24.0
38930561,14985.0,360841.0,24.0
38852036,14985.0,360841.0,24.0
38795037,14985.0,360841.0,24.0
38695579,14985.0,360841.0,24.0
38996619,14985.0,360841.0,24.0
38776771,14985.0,360841.0,24.0
38726149,14985.0,360841.0,24.0
38718502,14985.0,360841.0,24.0
38744957,14985.0,360841.0,24.0
39368229,14985.0,360841.0,24.0
38672799,14985.0,360841.0,24.0
38744534,14985.0,360841.0,24.0
38598384,14985.0,360841.0,24.0
38595518,14985.0,360841.0,24.0
38406604,14985.0,360841.0,24.0
38991286,14985.0,360841.0,24.0
39075552,14985.0,360841.0,24.0
38607607,14985.0,360841.0,24.0
38648150,14985.0,360841.0,24.0
39481208,14985.0,360841.0,24.0
38951369,14985.0,360841.0,24.0
38845759,14985.0,360841.0,24.0
38789671,14985.0,360841.0,24.0
38959983,14985.0,360841.0,24.0
38818503,14985.0,360841.0,24.0
38610345,14985.0,360841.0,24.0
38709338,14985.0,360841.0,24.0
38863524,14985.0,360841.0,24.0
38728472,14985.0,360841.0,24.0
39186688,14985.0,360841.0,24.0
38629406,14985.0,360841.0,24.0
38499137,14985.0,360841.0,24.0
38614209,14985.0,360841.0,24.0
38609430,14985.0,360841.0,24.0
38437948,14985.0,360841.0,24.0
38475907,14985.0,360841.0,24.0
38508032,14985.0,360841.0,24.0
38768856,14985.0,360841.0,24.0
38394961,14985.0,360841.0,24.0
39481608,14985.0,360841.0,24.0
38947528,14985.0,360841.0,24.0
38818052,14985.0,360841.0,24.0
38909730,14985.0,360841.0,24.0
38851362,14985.0,360841.0,24.0
38804193,14985.0,360841.0,24.0
38734433,14985.0,360841.0,24.0
38819395,14985.0,360841.0,24.0
38723863,14985.0,360841.0,24.0
38730011,14985.0,360841.0,24.0
39304226,14985.0,360841.0,24.0
38698596,14985.0,360841.0,24.0
38611248,14985.0,360841.0,24.0
38606080,14985.0,360841.0,24.0
38651647,14985.0,360841.0,24.0
38537919,14985.0,360841.0,24.0
38703706,14985.0,360841.0,24.0
38539884,14985.0,360841.0,24.0
38448351,14985.0,360841.0,24.0
38719318,14985.0,360841.0,24.0
39424585,14985.0,360841.0,24.0
39489675,14985.0,360841.0,24.0
38788972,14985.0,360841.0,24.0
38818141,14985.0,360841.0,24.0
38702910,14985.0,360841.0,24.0
38726145,14985.0,360841.0,24.0
38679473,14985.0,360841.0,24.0
38620745,14985.0,360841.0,24.0
38738158,14985.0,360841.0,24.0
38871870,14985.0,360841.0,24.0
39272131,14985.0,360841.0,24.0
38673779,14985.0,360841.0,24.0
38643356,14985.0,360841.0,24.0
38537027,14985.0,360841.0,24.0
38549323,14985.0,360841.0,24.0
38469155,14985.0,360841.0,24.0
38414464,14985.0,360841.0,24.0
38433336,14985.0,360841.0,24.0
38502605,14985.0,360841.0,24.0
38541281,14985.0,360841.0,24.0
39633425,15142.0,360841.0,24.0
39237162,15142.0,360841.0,24.0
38652704,15142.0,360841.0,24.0
38725868,15142.0,360841.0,24.0
38584266,15142.0,360841.0,24.0
38600666,15142.0,360841.0,24.0
38568300,15142.0,360841.0,24.0
38662958,15142.0,360841.0,24.0
38488079,15142.0,360841.0,24.0
38591830,15142.0,360841.0,24.0
39120133,15142.0,360841.0,24.0
38577093,15142.0,360841.0,24.0
38612182,15142.0,360841.0,24.0
38405183,15142.0,360841.0,24.0
38398831,15142.0,360841.0,24.0
38536559,15142.0,360841.0,24.0
38376936,15142.0,360841.0,24.0
38450973,15142.0,360841.0,24.0
38487017,15142.0,360841.0,24.0
38463016,15142.0,360841.0,24.0
39403466,15142.0,360841.0,24.0
38802113,15142.0,360841.0,24.0
38861540,15142.0,360841.0,24.0
38639430,15142.0,360841.0,24.0
39072623,15142.0,360841.0,24.0
38624191,15142.0,360841.0,24.0
38559602,15142.0,360841.0,24.0
38515520,15142.0,360841.0,24.0
38484614,15142.0,360841.0,24.0
38464854,15142.0,360841.0,24.0
39250766,15142.0,360841.0,24.0
38675247,15142.0,360841.0,24.0
38469867,15142.0,360841.0,24.0
38656656,15142.0,360841.0,24.0
38485021,15142.0,360841.0,24.0
38434343,15142.0,360841.0,24.0
38516955,15142.0,360841.0,24.0
38492417,15142.0,360841.0,24.0
38593362,15142.0,360841.0,24.0
38563557,15142.0,360841.0,24.0
39195968,15142.0,360841.0,24.0
38857656,15142.0,360841.0,24.0
38628841,15142.0,360841.0,24.0
38585621,15142.0,360841.0,24.0
38717079,15142.0,360841.0,24.0
38771642,15142.0,360841.0,24.0
38483160,15142.0,360841.0,24.0
39274504,15142.0,360841.0,24.0
38558128,15142.0,360841.0,24.0
38630278,15142.0,360841.0,24.0
39215104,15142.0,360841.0,24.0
38660427,15142.0,360841.0,24.0
38692214,15142.0,360841.0,24.0
38575981,15142.0,360841.0,24.0
38548321,15142.0,360841.0,24.0
38580722,15142.0,360841.0,24.0
38419047,15142.0,360841.0,24.0
38530811,15142.0,360841.0,24.0
38567435,15142.0,360841.0,24.0
38442085,15142.0,360841.0,24.0
39260884,15142.0,360841.0,24.0
38726499,15142.0,360841.0,24.0
38823841,15142.0,360841.0,24.0
38744370,15142.0,360841.0,24.0
38485529,15142.0,360841.0,24.0
41711005,15142.0,360841.0,24.0
38522272,15142.0,360841.0,24.0
38669266,15142.0,360841.0,24.0
38844409,15142.0,360841.0,24.0
39144168,15142.0,360841.0,24.0
39231758,15142.0,360841.0,24.0
38518538,15142.0,360841.0,24.0
38503477,15142.0,360841.0,24.0
38359668,15142.0,360841.0,24.0
38456355,15142.0,360841.0,24.0
38573635,15142.0,360841.0,24.0
38463111,15142.0,360841.0,24.0
38497289,15142.0,360841.0,24.0
38455810,15142.0,360841.0,24.0
38408013,15142.0,360841.0,24.0
39164925,15142.0,360841.0,24.0
38794122,15142.0,360841.0,24.0
38666880,15142.0,360841.0,24.0
38572520,15142.0,360841.0,24.0
38519145,15142.0,360841.0,24.0
38642699,15142.0,360841.0,24.0
38563938,15142.0,360841.0,24.0
38612525,15142.0,360841.0,24.0
38727329,15142.0,360841.0,24.0
38435306,15142.0,360841.0,24.0
39653611,15142.0,360841.0,24.0
38651091,15142.0,360841.0,24.0
38399471,15142.0,360841.0,24.0
38577505,15142.0,360841.0,24.0
38408107,15142.0,360841.0,24.0
38456935,15142.0,360841.0,24.0
38456278,15142.0,360841.0,24.0
38482202,15142.0,360841.0,24.0
38484658,15142.0,360841.0,24.0
38423096,15142.0,360841.0,24.0
39370405,15299.0,360841.0,24.0
38636312,15299.0,360841.0,24.0
38599077,15299.0,360841.0,24.0
38644631,15299.0,360841.0,24.0
38666321,15299.0,360841.0,24.0
38519785,15299.0,360841.0,24.0
38643970,15299.0,360841.0,24.0
38523331,15299.0,360841.0,24.0
38629715,15299.0,360841.0,24.0
38642502,15299.0,360841.0,24.0
39151097,15299.0,360841.0,24.0
39248229,15299.0,360841.0,24.0
38560463,15299.0,360841.0,24.0
38455482,15299.0,360841.0,24.0
38427029,15299.0,360841.0,24.0
38509514,15299.0,360841.0,24.0
38468450,15299.0,360841.0,24.0
38551344,15299.0,360841.0,24.0
38517740,15299.0,360841.0,24.0
38571575,15299.0,360841.0,24.0
39203413,15299.0,360841.0,24.0
38867179,15299.0,360841.0,24.0
38737922,15299.0,360841.0,24.0
38768625,15299.0,360841.0,24.0
38571650,15299.0,360841.0,24.0
38541004,15299.0,360841.0,24.0
38617144,15299.0,360841.0,24.0
38689067,15299.0,360841.0,24.0
38695983,15299.0,360841.0,24.0
38732721,15299.0,360841.0,24.0
39212127,15299.0,360841.0,24.0
38838181,15299.0,360841.0,24.0
38519749,15299.0,360841.0,24.0
39051501,15299.0,360841.0,24.0
38600898,15299.0,360841.0,24.0
38575289,15299.0,360841.0,24.0
38494231,15299.0,360841.0,24.0
38561692,15299.0,360841.0,24.0
38473577,15299.0,360841.0,24.0
38604232,15299.0,360841.0,24.0
39292269,15299.0,360841.0,24.0
38620729,15299.0,360841.0,24.0
38654379,15299.0,360841.0,24.0
38572979,15299.0,360841.0,24.0
38982791,15299.0,360841.0,24.0
38459730,15299.0,360841.0,24.0
38710785,15299.0,360841.0,24.0
38593403,15299.0,360841.0,24.0
38420533,15299.0,360841.0,24.0
38729958,15299.0,360841.0,24.0
39000383,15299.0,360841.0,24.0
38615096,15299.0,360841.0,24.0
38602254,15299.0,360841.0,24.0
38490064,15299.0,360841.0,24.0
38931463,15299.0,360841.0,24.0
38510010,15299.0,360841.0,24.0
39033132,15299.0,360841.0,24.0
38462776,15299.0,360841.0,24.0
38603035,15299.0,360841.0,24.0
38423231,15299.0,360841.0,24.0
39118554,15299.0,360841.0,24.0
38907047,15299.0,360841.0,24.0
38691261,15299.0,360841.0,24.0
38599635,15299.0,360841.0,24.0
38821964,15299.0,360841.0,24.0
38722358,15299.0,360841.0,24.0
38560915,15299.0,360841.0,24.0
38534729,15299.0,360841.0,24.0
38497115,15299.0,360841.0,24.0
38712467,15299.0,360841.0,24.0
39252955,15299.0,360841.0,24.0
38774314,15299.0,360841.0,24.0
38638959,15299.0,360841.0,24.0
38542202,15299.0,360841.0,24.0
38616816,15299.0,360841.0,24.0
38512125,15299.0,360841.0,24.0
38537831,15299.0,360841.0,24.0
38574779,15299.0,360841.0,24.0
38939903,15299.0,360841.0,24.0
39115072,15299.0,360841.0,24.0
39133924,15299.0,360841.0,24.0
38786689,15299.0,360841.0,24.0
38722688,15299.0,360841.0,24.0
38617128,15299.0,360841.0,24.0
38601124,15299.0,360841.0,24.0
38598241,15299.0,360841.0,24.0
38629830,15299.0,360841.0,24.0
38590309,15299.0,360841.0,24.0
38593501,15299.0,360841.0,24.0
38470769,15299.0,360841.0,24.0
39169042,15299.0,360841.0,24.0
38620059,15299.0,360841.0,24.0
38473823,15299.0,360841.0,24.0
38577812,15299.0,360841.0,24.0
38522449,15299.0,360841.0,24.0
38480150,15299.0,360841.0,24.0
38466821,15299.0,360841.0,24.0
38543215,15299.0,360841.0,24.0
38406003,15299.0,360841.0,24.0
38800617,15299.0,360841.0,24.0
39530524,15455.0,360841.0,24.0
39001605,15455.0,360841.0,24.0
38786988,15455.0,360841.0,24.0
38825848,15455.0,360841.0,24.0
38830401,15455.0,360841.0,24.0
38900043,15455.0,360841.0,24.0
38829522,15455.0,360841.0,24.0
38811474,15455.0,360841.0,24.0
38877483,15455.0,360841.0,24.0
38677772,15455.0,360841.0,24.0
39335244,15455.0,360841.0,24.0
38659685,15455.0,360841.0,24.0
38799581,15455.0,360841.0,24.0
38704663,15455.0,360841.0,24.0
38583458,15455.0,360841.0,24.0
38684011,15455.0,360841.0,24.0
38560439,15455.0,360841.0,24.0
38815627,15455.0,360841.0,24.0
38542004,15455.0,360841.0,24.0
38560422,15455.0,360841.0,24.0
39951599,15455.0,360841.0,24.0
38978922,15455.0,360841.0,24.0
38917799,15455.0,360841.0,24.0
38812554,15455.0,360841.0,24.0
38712090,15455.0,360841.0,24.0
38716190,15455.0,360841.0,24.0
38591277,15455.0,360841.0,24.0
38787473,15455.0,360841.0,24.0
38787683,15455.0,360841.0,24.0
38806086,15455.0,360841.0,24.0
39361250,15455.0,360841.0,24.0
38828665,15455.0,360841.0,24.0
38834373,15455.0,360841.0,24.0
38708105,15455.0,360841.0,24.0
38666864,15455.0,360841.0,24.0
38660917,15455.0,360841.0,24.0
38627981,15455.0,360841.0,24.0
38780262,15455.0,360841.0,24.0
38619297,15455.0,360841.0,24.0
38673050,15455.0,360841.0,24.0
39544427,15455.0,360841.0,24.0
39033995,15455.0,360841.0,24.0
39659253,15455.0,360841.0,24.0
39007716,15455.0,360841.0,24.0
38758531,15455.0,360841.0,24.0
38819593,15455.0,360841.0,24.0
38781734,15455.0,360841.0,24.0
38736768,15455.0,360841.0,24.0
38730490,15455.0,360841.0,24.0
38827869,15455.0,360841.0,24.0
39280437,15455.0,360841.0,24.0
38758414,15455.0,360841.0,24.0
38602648,15455.0,360841.0,24.0
38774721,15455.0,360841.0,24.0
38581226,15455.0,360841.0,24.0
38733322,15455.0,360841.0,24.0
38642911,15455.0,360841.0,24.0
38615195,15455.0,360841.0,24.0
38439299,15455.0,360841.0,24.0
38669772,15455.0,360841.0,24.0
39523506,15455.0,360841.0,24.0
38926721,15455.0,360841.0,24.0
38881291,15455.0,360841.0,24.0
38937090,15455.0,360841.0,24.0
38851248,15455.0,360841.0,24.0
39271693,15455.0,360841.0,24.0
38802411,15455.0,360841.0,24.0
38660044,15455.0,360841.0,24.0
38779501,15455.0,360841.0,24.0
38817837,15455.0,360841.0,24.0
39317753,15455.0,360841.0,24.0
38824472,15455.0,360841.0,24.0
38714665,15455.0,360841.0,24.0
38659224,15455.0,360841.0,24.0
38677114,15455.0,360841.0,24.0
38733494,15455.0,360841.0,24.0
38742683,15455.0,360841.0,24.0
38641443,15455.0,360841.0,24.0
38649213,15455.0,360841.0,24.0
38590978,15455.0,360841.0,24.0
39586450,15455.0,360841.0,24.0
38985131,15455.0,360841.0,24.0
38741890,15455.0,360841.0,24.0
38853532,15455.0,360841.0,24.0
38840494,15455.0,360841.0,24.0
38900136,15455.0,360841.0,24.0
39047886,15455.0,360841.0,24.0
38802970,15455.0,360841.0,24.0
39318277,15455.0,360841.0,24.0
38775631,15455.0,360841.0,24.0
39397092,15455.0,360841.0,24.0
38793430,15455.0,360841.0,24.0
38592071,15455.0,360841.0,24.0
38724342,15455.0,360841.0,24.0
39090984,15455.0,360841.0,24.0
38789898,15455.0,360841.0,24.0
38647946,15455.0,360841.0,24.0
38559278,15455.0,360841.0,24.0
38594126,15455.0,360841.0,24.0
38617784,15455.0,360841.0,24.0
39305209,15612.0,360841.0,24.0
38960757,15612.0,360841.0,24.0
38560104,15612.0,360841.0,24.0
38574790,15612.0,360841.0,24.0
38770372,15612.0,360841.0,24.0
38816867,15612.0,360841.0,24.0
38736114,15612.0,360841.0,24.0
38744135,15612.0,360841.0,24.0
39060762,15612.0,360841.0,24.0
38676990,15612.0,360841.0,24.0
39213031,15612.0,360841.0,24.0
38633174,15612.0,360841.0,24.0
38616106,15612.0,360841.0,24.0
38584963,15612.0,360841.0,24.0
38654218,15612.0,360841.0,24.0
38668706,15612.0,360841.0,24.0
38438728,15612.0,360841.0,24.0
38617931,15612.0,360841.0,24.0
38441774,15612.0,360841.0,24.0
38579628,15612.0,360841.0,24.0
39279610,15612.0,360841.0,24.0
38884736,15612.0,360841.0,24.0
38600366,15612.0,360841.0,24.0
38680706,15612.0,360841.0,24.0
38714315,15612.0,360841.0,24.0
38713960,15612.0,360841.0,24.0
38671390,15612.0,360841.0,24.0
38687409,15612.0,360841.0,24.0
38623092,15612.0,360841.0,24.0
38984974,15612.0,360841.0,24.0
39310644,15612.0,360841.0,24.0
38458773,15612.0,360841.0,24.0
38552558,15612.0,360841.0,24.0
38668979,15612.0,360841.0,24.0
38432887,15612.0,360841.0,24.0
38382056,15612.0,360841.0,24.0
38662220,15612.0,360841.0,24.0
38544158,15612.0,360841.0,24.0
38486539,15612.0,360841.0,24.0
38460514,15612.0,360841.0,24.0
39357446,15612.0,360841.0,24.0
38705079,15612.0,360841.0,24.0
38697449,15612.0,360841.0,24.0
38663568,15612.0,360841.0,24.0
38741082,15612.0,360841.0,24.0
38671790,15612.0,360841.0,24.0
38747117,15612.0,360841.0,24.0
38577003,15612.0,360841.0,24.0
38555945,15612.0,360841.0,24.0
38822660,15612.0,360841.0,24.0
39324651,15612.0,360841.0,24.0
39174373,15612.0,360841.0,24.0
38659539,15612.0,360841.0,24.0
38648449,15612.0,360841.0,24.0
38523057,15612.0,360841.0,24.0
38487860,15612.0,360841.0,24.0
38674646,15612.0,360841.0,24.0
38353631,15612.0,360841.0,24.0
38565525,15612.0,360841.0,24.0
38559327,15612.0,360841.0,24.0
39299596,15612.0,360841.0,24.0
38870743,15612.0,360841.0,24.0
38700749,15612.0,360841.0,24.0
39078844,15612.0,360841.0,24.0
38739401,15612.0,360841.0,24.0
38653809,15612.0,360841.0,24.0
38735732,15612.0,360841.0,24.0
38771929,15612.0,360841.0,24.0
38579033,15612.0,360841.0,24.0
38758041,15612.0,360841.0,24.0
39164850,15612.0,360841.0,24.0
38625224,15612.0,360841.0,24.0
38819861,15612.0,360841.0,24.0
38546821,15612.0,360841.0,24.0
39061006,15612.0,360841.0,24.0
38534306,15612.0,360841.0,24.0
38408696,15612.0,360841.0,24.0
38496613,15612.0,360841.0,24.0
38479576,15612.0,360841.0,24.0
38570878,15612.0,360841.0,24.0
39386601,15612.0,360841.0,24.0
38975341,15612.0,360841.0,24.0
38719867,15612.0,360841.0,24.0
38675733,15612.0,360841.0,24.0
38741620,15612.0,360841.0,24.0
38802823,15612.0,360841.0,24.0
38574514,15612.0,360841.0,24.0
38684184,15612.0,360841.0,24.0
38653685,15612.0,360841.0,24.0
38757587,15612.0,360841.0,24.0
39285923,15612.0,360841.0,24.0
38769263,15612.0,360841.0,24.0
38617047,15612.0,360841.0,24.0
38580959,15612.0,360841.0,24.0
38437243,15612.0,360841.0,24.0
38958759,15612.0,360841.0,24.0
38409939,15612.0,360841.0,24.0
39205886,15612.0,360841.0,24.0
38616863,15612.0,360841.0,24.0
38463166,15612.0,360841.0,24.0
39501972,15769.0,360841.0,24.0
39071854,15769.0,360841.0,24.0
38973718,15769.0,360841.0,24.0
38904029,15769.0,360841.0,24.0
38916662,15769.0,360841.0,24.0
38882683,15769.0,360841.0,24.0
38953326,15769.0,360841.0,24.0
38885062,15769.0,360841.0,24.0
38897749,15769.0,360841.0,24.0
38858838,15769.0,360841.0,24.0
39283203,15769.0,360841.0,24.0
38904680,15769.0,360841.0,24.0
38756022,15769.0,360841.0,24.0
38712164,15769.0,360841.0,24.0
38551044,15769.0,360841.0,24.0
38736354,15769.0,360841.0,24.0
39036913,15769.0,360841.0,24.0
39122795,15769.0,360841.0,24.0
38789763,15769.0,360841.0,24.0
38704688,15769.0,360841.0,24.0
39611443,15769.0,360841.0,24.0
39006185,15769.0,360841.0,24.0
38933647,15769.0,360841.0,24.0
38936729,15769.0,360841.0,24.0
38954536,15769.0,360841.0,24.0
38919254,15769.0,360841.0,24.0
38835198,15769.0,360841.0,24.0
38870157,15769.0,360841.0,24.0
38986663,15769.0,360841.0,24.0
38788017,15769.0,360841.0,24.0
39473860,15769.0,360841.0,24.0
38881748,15769.0,360841.0,24.0
38851438,15769.0,360841.0,24.0
38794072,15769.0,360841.0,24.0
38788735,15769.0,360841.0,24.0
38721284,15769.0,360841.0,24.0
38678796,15769.0,360841.0,24.0
38806535,15769.0,360841.0,24.0
38989938,15769.0,360841.0,24.0
39356076,15769.0,360841.0,24.0
39580356,15769.0,360841.0,24.0
39039760,15769.0,360841.0,24.0
38946945,15769.0,360841.0,24.0
38924146,15769.0,360841.0,24.0
39041818,15769.0,360841.0,24.0
38920171,15769.0,360841.0,24.0
38877350,15769.0,360841.0,24.0
38886316,15769.0,360841.0,24.0
38919374,15769.0,360841.0,24.0
38747200,15769.0,360841.0,24.0
39251732,15769.0,360841.0,24.0
38854317,15769.0,360841.0,24.0
38661037,15769.0,360841.0,24.0
38775948,15769.0,360841.0,24.0
38607801,15769.0,360841.0,24.0
38643599,15769.0,360841.0,24.0
38719474,15769.0,360841.0,24.0
38559950,15769.0,360841.0,24.0
38619891,15769.0,360841.0,24.0
38645112,15769.0,360841.0,24.0
40075743,15769.0,360841.0,24.0
39139340,15769.0,360841.0,24.0
38963524,15769.0,360841.0,24.0
38850150,15769.0,360841.0,24.0
38822190,15769.0,360841.0,24.0
38887179,15769.0,360841.0,24.0
38882404,15769.0,360841.0,24.0
39008683,15769.0,360841.0,24.0
38832214,15769.0,360841.0,24.0
38960928,15769.0,360841.0,24.0
39365602,15769.0,360841.0,24.0
39009677,15769.0,360841.0,24.0
38680631,15769.0,360841.0,24.0
38755270,15769.0,360841.0,24.0
38757996,15769.0,360841.0,24.0
38732370,15769.0,360841.0,24.0
38696099,15769.0,360841.0,24.0
38585580,15769.0,360841.0,24.0
38800983,15769.0,360841.0,24.0
38787108,15769.0,360841.0,24.0
39619269,15769.0,360841.0,24.0
39282500,15769.0,360841.0,24.0
38980529,15769.0,360841.0,24.0
39360593,15769.0,360841.0,24.0
38876570,15769.0,360841.0,24.0
38810083,15769.0,360841.0,24.0
38760214,15769.0,360841.0,24.0
38769529,15769.0,360841.0,24.0
38872266,15769.0,360841.0,24.0
38769631,15769.0,360841.0,24.0
39273784,15769.0,360841.0,24.0
38790757,15769.0,360841.0,24.0
38716841,15769.0,360841.0,24.0
38800757,15769.0,360841.0,24.0
38642145,15769.0,360841.0,24.0
38691416,15769.0,360841.0,24.0
38635729,15769.0,360841.0,24.0
38773881,15769.0,360841.0,24.0
38611186,15769.0,360841.0,24.0
38783199,15769.0,360841.0,24.0
39282978,15925.0,360841.0,24.0
39256418,15925.0,360841.0,24.0
38755447,15925.0,360841.0,24.0
39198118,15925.0,360841.0,24.0
38679646,15925.0,360841.0,24.0
38749928,15925.0,360841.0,24.0
38576265,15925.0,360841.0,24.0
38603576,15925.0,360841.0,24.0
38708591,15925.0,360841.0,24.0
38763610,15925.0,360841.0,24.0
42291709,15925.0,360841.0,24.0
38605401,15925.0,360841.0,24.0
38705352,15925.0,360841.0,24.0
38584311,15925.0,360841.0,24.0
38537241,15925.0,360841.0,24.0
38609024,15925.0,360841.0,24.0
38566289,15925.0,360841.0,24.0
38576031,15925.0,360841.0,24.0
38654502,15925.0,360841.0,24.0
38533547,15925.0,360841.0,24.0
39314355,15925.0,360841.0,24.0
38955433,15925.0,360841.0,24.0
38685895,15925.0,360841.0,24.0
38669928,15925.0,360841.0,24.0
38714397,15925.0,360841.0,24.0
38856239,15925.0,360841.0,24.0
39299474,15925.0,360841.0,24.0
38556132,15925.0,360841.0,24.0
38693369,15925.0,360841.0,24.0
38642597,15925.0,360841.0,24.0
39242350,15925.0,360841.0,24.0
38666421,15925.0,360841.0,24.0
38607403,15925.0,360841.0,24.0
38748489,15925.0,360841.0,24.0
38542800,15925.0,360841.0,24.0
38537431,15925.0,360841.0,24.0
38685204,15925.0,360841.0,24.0
38557626,15925.0,360841.0,24.0
38700527,15925.0,360841.0,24.0
38549680,15925.0,360841.0,24.0
39381010,15925.0,360841.0,24.0
38954667,15925.0,360841.0,24.0
38699110,15925.0,360841.0,24.0
38677559,15925.0,360841.0,24.0
38622422,15925.0,360841.0,24.0
38745769,15925.0,360841.0,24.0
38771665,15925.0,360841.0,24.0
38706196,15925.0,360841.0,24.0
39213357,15925.0,360841.0,24.0
38728568,15925.0,360841.0,24.0
39120266,15925.0,360841.0,24.0
38501723,15925.0,360841.0,24.0
38531643,15925.0,360841.0,24.0
38535454,15925.0,360841.0,24.0
38593708,15925.0,360841.0,24.0
38676572,15925.0,360841.0,24.0
38529791,15925.0,360841.0,24.0
38740083,15925.0,360841.0,24.0
38584085,15925.0,360841.0,24.0
38582839,15925.0,360841.0,24.0
39349853,15925.0,360841.0,24.0
38913162,15925.0,360841.0,24.0
38644880,15925.0,360841.0,24.0
38800345,15925.0,360841.0,24.0
38618792,15925.0,360841.0,24.0
38876718,15925.0,360841.0,24.0
38708901,15925.0,360841.0,24.0
38686185,15925.0,360841.0,24.0
38751698,15925.0,360841.0,24.0
38941237,15925.0,360841.0,24.0
39252068,15925.0,360841.0,24.0
38654770,15925.0,360841.0,24.0
38546029,15925.0,360841.0,24.0
38577715,15925.0,360841.0,24.0
38675538,15925.0,360841.0,24.0
38555355,15925.0,360841.0,24.0
38593029,15925.0,360841.0,24.0
38609795,15925.0,360841.0,24.0
38524666,15925.0,360841.0,24.0
38626975,15925.0,360841.0,24.0
39391129,15925.0,360841.0,24.0
39024827,15925.0,360841.0,24.0
38794359,15925.0,360841.0,24.0
38769259,15925.0,360841.0,24.0
38649357,15925.0,360841.0,24.0
38659798,15925.0,360841.0,24.0
38659034,15925.0,360841.0,24.0
38638840,15925.0,360841.0,24.0
38677723,15925.0,360841.0,24.0
38759999,15925.0,360841.0,24.0
39100552,15925.0,360841.0,24.0
39113144,15925.0,360841.0,24.0
39011978,15925.0,360841.0,24.0
38587161,15925.0,360841.0,24.0
38454221,15925.0,360841.0,24.0
38528477,15925.0,360841.0,24.0
38587143,15925.0,360841.0,24.0
38520301,15925.0,360841.0,24.0
38632844,15925.0,360841.0,24.0
38623958,15925.0,360841.0,24.0
39523719,16082.0,360841.0,24.0
38892542,16082.0,360841.0,24.0
38547517,16082.0,360841.0,24.0
38793951,16082.0,360841.0,24.0
38712386,16082.0,360841.0,24.0
38675694,16082.0,360841.0,24.0
38540643,16082.0,360841.0,24.0
38740419,16082.0,360841.0,24.0
38617848,16082.0,360841.0,24.0
38849239,16082.0,360841.0,24.0
39328409,16082.0,360841.0,24.0
38763884,16082.0,360841.0,24.0
39129381,16082.0,360841.0,24.0
38605976,16082.0,360841.0,24.0
38536972,16082.0,360841.0,24.0
38618797,16082.0,360841.0,24.0
38487630,16082.0,360841.0,24.0
38450166,16082.0,360841.0,24.0
38527248,16082.0,360841.0,24.0
38638699,16082.0,360841.0,24.0
39358106,16082.0,360841.0,24.0
38957820,16082.0,360841.0,24.0
38630114,16082.0,360841.0,24.0
38689617,16082.0,360841.0,24.0
38838946,16082.0,360841.0,24.0
38664923,16082.0,360841.0,24.0
38701279,16082.0,360841.0,24.0
38677833,16082.0,360841.0,24.0
38605534,16082.0,360841.0,24.0
38746293,16082.0,360841.0,24.0
39277979,16082.0,360841.0,24.0
38802964,16082.0,360841.0,24.0
38573002,16082.0,360841.0,24.0
38549118,16082.0,360841.0,24.0
39028942,16082.0,360841.0,24.0
39039641,16082.0,360841.0,24.0
38519874,16082.0,360841.0,24.0
38624936,16082.0,360841.0,24.0
38552071,16082.0,360841.0,24.0
38503087,16082.0,360841.0,24.0
39423862,16082.0,360841.0,24.0
39087069,16082.0,360841.0,24.0
38779320,16082.0,360841.0,24.0
38777344,16082.0,360841.0,24.0
38614004,16082.0,360841.0,24.0
38837442,16082.0,360841.0,24.0
38841370,16082.0,360841.0,24.0
38629590,16082.0,360841.0,24.0
38672516,16082.0,360841.0,24.0
38744405,16082.0,360841.0,24.0
39097653,16082.0,360841.0,24.0
38888879,16082.0,360841.0,24.0
38713632,16082.0,360841.0,24.0
38639773,16082.0,360841.0,24.0
38657918,16082.0,360841.0,24.0
38799127,16082.0,360841.0,24.0
38493774,16082.0,360841.0,24.0
38842093,16082.0,360841.0,24.0
38884272,16082.0,360841.0,24.0
38453766,16082.0,360841.0,24.0
39485807,16082.0,360841.0,24.0
38899099,16082.0,360841.0,24.0
38672706,16082.0,360841.0,24.0
38699794,16082.0,360841.0,24.0
38718317,16082.0,360841.0,24.0
38798123,16082.0,360841.0,24.0
38659878,16082.0,360841.0,24.0
38712869,16082.0,360841.0,24.0
38604724,16082.0,360841.0,24.0
38707880,16082.0,360841.0,24.0
39394735,16082.0,360841.0,24.0
38752828,16082.0,360841.0,24.0
38663457,16082.0,360841.0,24.0
38736246,16082.0,360841.0,24.0
38581975,16082.0,360841.0,24.0
38692852,16082.0,360841.0,24.0
38614110,16082.0,360841.0,24.0
38481261,16082.0,360841.0,24.0
38908491,16082.0,360841.0,24.0
38639464,16082.0,360841.0,24.0
39398046,16082.0,360841.0,24.0
38966252,16082.0,360841.0,24.0
38727128,16082.0,360841.0,24.0
38721787,16082.0,360841.0,24.0
38681152,16082.0,360841.0,24.0
38748084,16082.0,360841.0,24.0
38647701,16082.0,360841.0,24.0
38684372,16082.0,360841.0,24.0
38653663,16082.0,360841.0,24.0
38489127,16082.0,360841.0,24.0
39211686,16082.0,360841.0,24.0
38700429,16082.0,360841.0,24.0
38623947,16082.0,360841.0,24.0
38670831,16082.0,360841.0,24.0
38651334,16082.0,360841.0,24.0
38584503,16082.0,360841.0,24.0
38638405,16082.0,360841.0,24.0
38503464,16082.0,360841.0,24.0
38567974,16082.0,360841.0,24.0
38542851,16082.0,360841.0,24.0
39676959,16239.0,360841.0,24.0
38983758,16239.0,360841.0,24.0
38761695,16239.0,360841.0,24.0
38751450,16239.0,360841.0,24.0
38822519,16239.0,360841.0,24.0
38578843,16239.0,360841.0,24.0
38843598,16239.0,360841.0,24.0
38756264,16239.0,360841.0,24.0
38706389,16239.0,360841.0,24.0
38685926,16239.0,360841.0,24.0
39441642,16239.0,360841.0,24.0
38860140,16239.0,360841.0,24.0
38585510,16239.0,360841.0,24.0
38671592,16239.0,360841.0,24.0
38585639,16239.0,360841.0,24.0
38595234,16239.0,360841.0,24.0
38693028,16239.0,360841.0,24.0
38613873,16239.0,360841.0,24.0
38556069,16239.0,360841.0,24.0
38567846,16239.0,360841.0,24.0
39502132,16239.0,360841.0,24.0
39393104,16239.0,360841.0,24.0
38845566,16239.0,360841.0,24.0
38788758,16239.0,360841.0,24.0
38698267,16239.0,360841.0,24.0
38663093,16239.0,360841.0,24.0
38664045,16239.0,360841.0,24.0
38663160,16239.0,360841.0,24.0
38666196,16239.0,360841.0,24.0
38757381,16239.0,360841.0,24.0
39416655,16239.0,360841.0,24.0
38772946,16239.0,360841.0,24.0
38628620,16239.0,360841.0,24.0
38765671,16239.0,360841.0,24.0
41818761,16239.0,360841.0,24.0
38634370,16239.0,360841.0,24.0
38560823,16239.0,360841.0,24.0
38678388,16239.0,360841.0,24.0
38528492,16239.0,360841.0,24.0
38701805,16239.0,360841.0,24.0
39614458,16239.0,360841.0,24.0
39062614,16239.0,360841.0,24.0
39023427,16239.0,360841.0,24.0
38768349,16239.0,360841.0,24.0
39275874,16239.0,360841.0,24.0
38813326,16239.0,360841.0,24.0
38809060,16239.0,360841.0,24.0
38724994,16239.0,360841.0,24.0
38731157,16239.0,360841.0,24.0
38650123,16239.0,360841.0,24.0
39343397,16239.0,360841.0,24.0
38755320,16239.0,360841.0,24.0
38642967,16239.0,360841.0,24.0
38807075,16239.0,360841.0,24.0
38607036,16239.0,360841.0,24.0
38594380,16239.0,360841.0,24.0
38602858,16239.0,360841.0,24.0
38663517,16239.0,360841.0,24.0
38572615,16239.0,360841.0,24.0
38698644,16239.0,360841.0,24.0
39466923,16239.0,360841.0,24.0
39012752,16239.0,360841.0,24.0
38778569,16239.0,360841.0,24.0
38737713,16239.0,360841.0,24.0
38656259,16239.0,360841.0,24.0
38783948,16239.0,360841.0,24.0
39430063,16239.0,360841.0,24.0
38911946,16239.0,360841.0,24.0
38635013,16239.0,360841.0,24.0
38693706,16239.0,360841.0,24.0
39414914,16239.0,360841.0,24.0
38827845,16239.0,360841.0,24.0
38810817,16239.0,360841.0,24.0
38593388,16239.0,360841.0,24.0
38726630,16239.0,360841.0,24.0
38582603,16239.0,360841.0,24.0
38743684,16239.0,360841.0,24.0
38584537,16239.0,360841.0,24.0
38658527,16239.0,360841.0,24.0
38614099,16239.0,360841.0,24.0
39601782,16239.0,360841.0,24.0
38962803,16239.0,360841.0,24.0
38809689,16239.0,360841.0,24.0
38853728,16239.0,360841.0,24.0
38644551,16239.0,360841.0,24.0
38606251,16239.0,360841.0,24.0
38759060,16239.0,360841.0,24.0
38892378,16239.0,360841.0,24.0
38622621,16239.0,360841.0,24.0
39214240,16239.0,360841.0,24.0
39412312,16239.0,360841.0,24.0
38787542,16239.0,360841.0,24.0
38632019,16239.0,360841.0,24.0
38653736,16239.0,360841.0,24.0
38660010,16239.0,360841.0,24.0
38656561,16239.0,360841.0,24.0
38537699,16239.0,360841.0,24.0
38626601,16239.0,360841.0,24.0
38564401,16239.0,360841.0,24.0
38572518,16239.0,360841.0,24.0
39564941,16396.0,360841.0,24.0
38978111,16396.0,360841.0,24.0
38828028,16396.0,360841.0,24.0
38658105,16396.0,360841.0,24.0
38736654,16396.0,360841.0,24.0
38739489,16396.0,360841.0,24.0
38550369,16396.0,360841.0,24.0
38750962,16396.0,360841.0,24.0
39067066,16396.0,360841.0,24.0
39276335,16396.0,360841.0,24.0
39336720,16396.0,360841.0,24.0
38679026,16396.0,360841.0,24.0
38671879,16396.0,360841.0,24.0
38653590,16396.0,360841.0,24.0
38611889,16396.0,360841.0,24.0
38628940,16396.0,360841.0,24.0
38699036,16396.0,360841.0,24.0
38556369,16396.0,360841.0,24.0
38589140,16396.0,360841.0,24.0
38531400,16396.0,360841.0,24.0
39356491,16396.0,360841.0,24.0
38910044,16396.0,360841.0,24.0
38753682,16396.0,360841.0,24.0
38760072,16396.0,360841.0,24.0
38591218,16396.0,360841.0,24.0
38790892,16396.0,360841.0,24.0
38756745,16396.0,360841.0,24.0
38527320,16396.0,360841.0,24.0
38843561,16396.0,360841.0,24.0
38730136,16396.0,360841.0,24.0
39844573,16396.0,360841.0,24.0
38763831,16396.0,360841.0,24.0
38760747,16396.0,360841.0,24.0
38643079,16396.0,360841.0,24.0
38519465,16396.0,360841.0,24.0
38768022,16396.0,360841.0,24.0
38613574,16396.0,360841.0,24.0
38658227,16396.0,360841.0,24.0
38772052,16396.0,360841.0,24.0
38620336,16396.0,360841.0,24.0
39335507,16396.0,360841.0,24.0
39069847,16396.0,360841.0,24.0
38621102,16396.0,360841.0,24.0
38695691,16396.0,360841.0,24.0
38702916,16396.0,360841.0,24.0
38549634,16396.0,360841.0,24.0
38872038,16396.0,360841.0,24.0
38601160,16396.0,360841.0,24.0
38761033,16396.0,360841.0,24.0
38560376,16396.0,360841.0,24.0
39372745,16396.0,360841.0,24.0
39013529,16396.0,360841.0,24.0
38680882,16396.0,360841.0,24.0
39261078,16396.0,360841.0,24.0
38484463,16396.0,360841.0,24.0
38695115,16396.0,360841.0,24.0
38653086,16396.0,360841.0,24.0
38587835,16396.0,360841.0,24.0
38522847,16396.0,360841.0,24.0
38543519,16396.0,360841.0,24.0
39528491,16396.0,360841.0,24.0
38904425,16396.0,360841.0,24.0
38615059,16396.0,360841.0,24.0
38802592,16396.0,360841.0,24.0
38612682,16396.0,360841.0,24.0
38700846,16396.0,360841.0,24.0
38734129,16396.0,360841.0,24.0
38821664,16396.0,360841.0,24.0
38726197,16396.0,360841.0,24.0
38715907,16396.0,360841.0,24.0
39413721,16396.0,360841.0,24.0
38865817,16396.0,360841.0,24.0
38691665,16396.0,360841.0,24.0
38748865,16396.0,360841.0,24.0
38618669,16396.0,360841.0,24.0
39010170,16396.0,360841.0,24.0
39057133,16396.0,360841.0,24.0
38684993,16396.0,360841.0,24.0
38654183,16396.0,360841.0,24.0
38591362,16396.0,360841.0,24.0
39325115,16396.0,360841.0,24.0
38958210,16396.0,360841.0,24.0
38683673,16396.0,360841.0,24.0
38728981,16396.0,360841.0,24.0
38552739,16396.0,360841.0,24.0
38657867,16396.0,360841.0,24.0
38652087,16396.0,360841.0,24.0
38655141,16396.0,360841.0,24.0
38526587,16396.0,360841.0,24.0
38792086,16396.0,360841.0,24.0
39295141,16396.0,360841.0,24.0
38733642,16396.0,360841.0,24.0
38679342,16396.0,360841.0,24.0
38717725,16396.0,360841.0,24.0
38495459,16396.0,360841.0,24.0
38611960,16396.0,360841.0,24.0
38837766,16396.0,360841.0,24.0
38604774,16396.0,360841.0,24.0
39012736,16396.0,360841.0,24.0
38580361,16396.0,360841.0,24.0
39753618,16552.0,360841.0,24.0
39125759,16552.0,360841.0,24.0
39123709,16552.0,360841.0,24.0
39036222,16552.0,360841.0,24.0
38983593,16552.0,360841.0,24.0
38964187,16552.0,360841.0,24.0
38924758,16552.0,360841.0,24.0
38982978,16552.0,360841.0,24.0
38915055,16552.0,360841.0,24.0
38983216,16552.0,360841.0,24.0
39485124,16552.0,360841.0,24.0
38964338,16552.0,360841.0,24.0
38740332,16552.0,360841.0,24.0
38786656,16552.0,360841.0,24.0
38792002,16552.0,360841.0,24.0
38783310,16552.0,360841.0,24.0
38731763,16552.0,360841.0,24.0
39152694,16552.0,360841.0,24.0
39290149,16552.0,360841.0,24.0
38779775,16552.0,360841.0,24.0
39807623,16552.0,360841.0,24.0
39178075,16552.0,360841.0,24.0
38970974,16552.0,360841.0,24.0
39070954,16552.0,360841.0,24.0
38997737,16552.0,360841.0,24.0
38919336,16552.0,360841.0,24.0
38939151,16552.0,360841.0,24.0
38909477,16552.0,360841.0,24.0
38996121,16552.0,360841.0,24.0
38796738,16552.0,360841.0,24.0
39503393,16552.0,360841.0,24.0
38911693,16552.0,360841.0,24.0
38785298,16552.0,360841.0,24.0
38899149,16552.0,360841.0,24.0
38764013,16552.0,360841.0,24.0
38900552,16552.0,360841.0,24.0
38709045,16552.0,360841.0,24.0
38927223,16552.0,360841.0,24.0
38764755,16552.0,360841.0,24.0
38806549,16552.0,360841.0,24.0
39773968,16552.0,360841.0,24.0
39272678,16552.0,360841.0,24.0
39195472,16552.0,360841.0,24.0
39118214,16552.0,360841.0,24.0
39072671,16552.0,360841.0,24.0
39032944,16552.0,360841.0,24.0
38943311,16552.0,360841.0,24.0
38959364,16552.0,360841.0,24.0
39044582,16552.0,360841.0,24.0
38926421,16552.0,360841.0,24.0
40300069,16552.0,360841.0,24.0
39712112,16552.0,360841.0,24.0
38942722,16552.0,360841.0,24.0
38978020,16552.0,360841.0,24.0
38854282,16552.0,360841.0,24.0
38859299,16552.0,360841.0,24.0
38830217,16552.0,360841.0,24.0
38738076,16552.0,360841.0,24.0
41609755,16552.0,360841.0,24.0
38698093,16552.0,360841.0,24.0
39892354,16552.0,360841.0,24.0
39034504,16552.0,360841.0,24.0
39550850,16552.0,360841.0,24.0
38874838,16552.0,360841.0,24.0
38975960,16552.0,360841.0,24.0
38929569,16552.0,360841.0,24.0
38851857,16552.0,360841.0,24.0
38764679,16552.0,360841.0,24.0
38850240,16552.0,360841.0,24.0
38765718,16552.0,360841.0,24.0
39454062,16552.0,360841.0,24.0
39091652,16552.0,360841.0,24.0
38765863,16552.0,360841.0,24.0
38826671,16552.0,360841.0,24.0
38829890,16552.0,360841.0,24.0
38882256,16552.0,360841.0,24.0
38772874,16552.0,360841.0,24.0
38768418,16552.0,360841.0,24.0
38915078,16552.0,360841.0,24.0
38839423,16552.0,360841.0,24.0
39657698,16552.0,360841.0,24.0
39178264,16552.0,360841.0,24.0
39037423,16552.0,360841.0,24.0
39364008,16552.0,360841.0,24.0
39578245,16552.0,360841.0,24.0
39002889,16552.0,360841.0,24.0
39056751,16552.0,360841.0,24.0
38906883,16552.0,360841.0,24.0
39026085,16552.0,360841.0,24.0
38998457,16552.0,360841.0,24.0
39464271,16552.0,360841.0,24.0
39016519,16552.0,360841.0,24.0
38748642,16552.0,360841.0,24.0
38796189,16552.0,360841.0,24.0
38853116,16552.0,360841.0,24.0
38694848,16552.0,360841.0,24.0
38646708,16552.0,360841.0,24.0
38741466,16552.0,360841.0,24.0
38751317,16552.0,360841.0,24.0
38778752,16552.0,360841.0,24.0
39469954,16709.0,360841.0,24.0
38951451,16709.0,360841.0,24.0
39010363,16709.0,360841.0,24.0
38772356,16709.0,360841.0,24.0
39234865,16709.0,360841.0,24.0
38600660,16709.0,360841.0,24.0
38901433,16709.0,360841.0,24.0
38842212,16709.0,360841.0,24.0
38689799,16709.0,360841.0,24.0
38761041,16709.0,360841.0,24.0
39356754,16709.0,360841.0,24.0
38820077,16709.0,360841.0,24.0
38705137,16709.0,360841.0,24.0
38715859,16709.0,360841.0,24.0
38705434,16709.0,360841.0,24.0
38717783,16709.0,360841.0,24.0
38482012,16709.0,360841.0,24.0
38966254,16709.0,360841.0,24.0
38650711,16709.0,360841.0,24.0
38640126,16709.0,360841.0,24.0
39403858,16709.0,360841.0,24.0
38836716,16709.0,360841.0,24.0
38738036,16709.0,360841.0,24.0
38890077,16709.0,360841.0,24.0
38747727,16709.0,360841.0,24.0
39129912,16709.0,360841.0,24.0
38759890,16709.0,360841.0,24.0
39368085,16709.0,360841.0,24.0
38822385,16709.0,360841.0,24.0
38651369,16709.0,360841.0,24.0
39277730,16709.0,360841.0,24.0
38716129,16709.0,360841.0,24.0
38619839,16709.0,360841.0,24.0
38797176,16709.0,360841.0,24.0
38803003,16709.0,360841.0,24.0
38505591,16709.0,360841.0,24.0
38547739,16709.0,360841.0,24.0
38791163,16709.0,360841.0,24.0
38644902,16709.0,360841.0,24.0
38630903,16709.0,360841.0,24.0
39330008,16709.0,360841.0,24.0
38882305,16709.0,360841.0,24.0
38619706,16709.0,360841.0,24.0
38902496,16709.0,360841.0,24.0
38673738,16709.0,360841.0,24.0
38729021,16709.0,360841.0,24.0
38626571,16709.0,360841.0,24.0
38491361,16709.0,360841.0,24.0
39151587,16709.0,360841.0,24.0
39326822,16709.0,360841.0,24.0
39209053,16709.0,360841.0,24.0
38883920,16709.0,360841.0,24.0
38576259,16709.0,360841.0,24.0
38787095,16709.0,360841.0,24.0
38667793,16709.0,360841.0,24.0
38631005,16709.0,360841.0,24.0
38650280,16709.0,360841.0,24.0
38573053,16709.0,360841.0,24.0
38653872,16709.0,360841.0,24.0
38636706,16709.0,360841.0,24.0
39513924,16709.0,360841.0,24.0
38943611,16709.0,360841.0,24.0
38815362,16709.0,360841.0,24.0
38861467,16709.0,360841.0,24.0
38732536,16709.0,360841.0,24.0
38755788,16709.0,360841.0,24.0
38845159,16709.0,360841.0,24.0
38767028,16709.0,360841.0,24.0
38843153,16709.0,360841.0,24.0
38758595,16709.0,360841.0,24.0
39883256,16709.0,360841.0,24.0
38806920,16709.0,360841.0,24.0
38892837,16709.0,360841.0,24.0
38773904,16709.0,360841.0,24.0
38649694,16709.0,360841.0,24.0
38738264,16709.0,360841.0,24.0
38587297,16709.0,360841.0,24.0
38705340,16709.0,360841.0,24.0
38565709,16709.0,360841.0,24.0
38689503,16709.0,360841.0,24.0
39506859,16709.0,360841.0,24.0
38843875,16709.0,360841.0,24.0
38899115,16709.0,360841.0,24.0
38818066,16709.0,360841.0,24.0
38734396,16709.0,360841.0,24.0
38883043,16709.0,360841.0,24.0
38692059,16709.0,360841.0,24.0
38645948,16709.0,360841.0,24.0
38636731,16709.0,360841.0,24.0
38616930,16709.0,360841.0,24.0
39270372,16709.0,360841.0,24.0
38769373,16709.0,360841.0,24.0
39003915,16709.0,360841.0,24.0
39145389,16709.0,360841.0,24.0
38719737,16709.0,360841.0,24.0
38569851,16709.0,360841.0,24.0
38553023,16709.0,360841.0,24.0
38628190,16709.0,360841.0,24.0
38640910,16709.0,360841.0,24.0
38708494,16709.0,360841.0,24.0
39382224,16866.0,360841.0,24.0
39002536,16866.0,360841.0,24.0
38732506,16866.0,360841.0,24.0
38789583,16866.0,360841.0,24.0
38752339,16866.0,360841.0,24.0
38763432,16866.0,360841.0,24.0
38677186,16866.0,360841.0,24.0
38780896,16866.0,360841.0,24.0
38639921,16866.0,360841.0,24.0
38786977,16866.0,360841.0,24.0
39251696,16866.0,360841.0,24.0
38769555,16866.0,360841.0,24.0
39008585,16866.0,360841.0,24.0
39123111,16866.0,360841.0,24.0
38650317,16866.0,360841.0,24.0
38654224,16866.0,360841.0,24.0
38629642,16866.0,360841.0,24.0
38629515,16866.0,360841.0,24.0
38660157,16866.0,360841.0,24.0
38577719,16866.0,360841.0,24.0
39345416,16866.0,360841.0,24.0
39113053,16866.0,360841.0,24.0
38887495,16866.0,360841.0,24.0
38711295,16866.0,360841.0,24.0
38696545,16866.0,360841.0,24.0
38795476,16866.0,360841.0,24.0
38696288,16866.0,360841.0,24.0
38745158,16866.0,360841.0,24.0
38925306,16866.0,360841.0,24.0
38617043,16866.0,360841.0,24.0
39310540,16866.0,360841.0,24.0
38753909,16866.0,360841.0,24.0
38523945,16866.0,360841.0,24.0
38583206,16866.0,360841.0,24.0
38954502,16866.0,360841.0,24.0
38596076,16866.0,360841.0,24.0
39308810,16866.0,360841.0,24.0
38536989,16866.0,360841.0,24.0
38586501,16866.0,360841.0,24.0
38643069,16866.0,360841.0,24.0
39547374,16866.0,360841.0,24.0
39056465,16866.0,360841.0,24.0
38734458,16866.0,360841.0,24.0
38773533,16866.0,360841.0,24.0
38758929,16866.0,360841.0,24.0
38690273,16866.0,360841.0,24.0
38670077,16866.0,360841.0,24.0
38806898,16866.0,360841.0,24.0
38674054,16866.0,360841.0,24.0
38898310,16866.0,360841.0,24.0
39396493,16866.0,360841.0,24.0
38799165,16866.0,360841.0,24.0
38606977,16866.0,360841.0,24.0
38619504,16866.0,360841.0,24.0
38512840,16866.0,360841.0,24.0
38552022,16866.0,360841.0,24.0
38623428,16866.0,360841.0,24.0
38982940,16866.0,360841.0,24.0
39083808,16866.0,360841.0,24.0
38673766,16866.0,360841.0,24.0
39594242,16866.0,360841.0,24.0
38914925,16866.0,360841.0,24.0
38750595,16866.0,360841.0,24.0
38823415,16866.0,360841.0,24.0
38606711,16866.0,360841.0,24.0
38974019,16866.0,360841.0,24.0
38662171,16866.0,360841.0,24.0
38555073,16866.0,360841.0,24.0
38820394,16866.0,360841.0,24.0
38880560,16866.0,360841.0,24.0
39413266,16866.0,360841.0,24.0
38768730,16866.0,360841.0,24.0
38659050,16866.0,360841.0,24.0
38513869,16866.0,360841.0,24.0
38771737,16866.0,360841.0,24.0
38615384,16866.0,360841.0,24.0
38547360,16866.0,360841.0,24.0
38642134,16866.0,360841.0,24.0
38622781,16866.0,360841.0,24.0
38758388,16866.0,360841.0,24.0
41807782,16866.0,360841.0,24.0
39720288,16866.0,360841.0,24.0
38858376,16866.0,360841.0,24.0
38873248,16866.0,360841.0,24.0
38638964,16866.0,360841.0,24.0
38881156,16866.0,360841.0,24.0
38649025,16866.0,360841.0,24.0
38803345,16866.0,360841.0,24.0
38860931,16866.0,360841.0,24.0
38732598,16866.0,360841.0,24.0
39239673,16866.0,360841.0,24.0
38679750,16866.0,360841.0,24.0
38732889,16866.0,360841.0,24.0
38553106,16866.0,360841.0,24.0
38548166,16866.0,360841.0,24.0
38651207,16866.0,360841.0,24.0
38674781,16866.0,360841.0,24.0
38650110,16866.0,360841.0,24.0
38604966,16866.0,360841.0,24.0
38697235,16866.0,360841.0,24.0
39774875,17022.0,360841.0,24.0
39170053,17022.0,360841.0,24.0
38957820,17022.0,360841.0,24.0
38870906,17022.0,360841.0,24.0
38907329,17022.0,360841.0,24.0
38846933,17022.0,360841.0,24.0
38856278,17022.0,360841.0,24.0
38827244,17022.0,360841.0,24.0
38792388,17022.0,360841.0,24.0
38685443,17022.0,360841.0,24.0
39476093,17022.0,360841.0,24.0
39010918,17022.0,360841.0,24.0
38924739,17022.0,360841.0,24.0
38925533,17022.0,360841.0,24.0
38912199,17022.0,360841.0,24.0
38756499,17022.0,360841.0,24.0
38784131,17022.0,360841.0,24.0
38871657,17022.0,360841.0,24.0
38734535,17022.0,360841.0,24.0
38787982,17022.0,360841.0,24.0
39638108,17022.0,360841.0,24.0
39360467,17022.0,360841.0,24.0
39405190,17022.0,360841.0,24.0
38773232,17022.0,360841.0,24.0
38807999,17022.0,360841.0,24.0
38779170,17022.0,360841.0,24.0
38788699,17022.0,360841.0,24.0
38727332,17022.0,360841.0,24.0
38820706,17022.0,360841.0,24.0
38759335,17022.0,360841.0,24.0
39594212,17022.0,360841.0,24.0
39098045,17022.0,360841.0,24.0
38848163,17022.0,360841.0,24.0
38935520,17022.0,360841.0,24.0
38928807,17022.0,360841.0,24.0
39103228,17022.0,360841.0,24.0
38874694,17022.0,360841.0,24.0
38900981,17022.0,360841.0,24.0
38838828,17022.0,360841.0,24.0
38866946,17022.0,360841.0,24.0
39641219,17022.0,360841.0,24.0
39041920,17022.0,360841.0,24.0
39033578,17022.0,360841.0,24.0
38928992,17022.0,360841.0,24.0
39115952,17022.0,360841.0,24.0
38899227,17022.0,360841.0,24.0
38785282,17022.0,360841.0,24.0
38685155,17022.0,360841.0,24.0
38842027,17022.0,360841.0,24.0
38742582,17022.0,360841.0,24.0
39517751,17022.0,360841.0,24.0
38898545,17022.0,360841.0,24.0
38953733,17022.0,360841.0,24.0
38880144,17022.0,360841.0,24.0
38851741,17022.0,360841.0,24.0
38792353,17022.0,360841.0,24.0
38889569,17022.0,360841.0,24.0
38871773,17022.0,360841.0,24.0
38681264,17022.0,360841.0,24.0
38787096,17022.0,360841.0,24.0
39598729,17022.0,360841.0,24.0
39026877,17022.0,360841.0,24.0
38920519,17022.0,360841.0,24.0
38885052,17022.0,360841.0,24.0
38900147,17022.0,360841.0,24.0
38787722,17022.0,360841.0,24.0
39004580,17022.0,360841.0,24.0
39287774,17022.0,360841.0,24.0
38765977,17022.0,360841.0,24.0
38761076,17022.0,360841.0,24.0
39439962,17022.0,360841.0,24.0
38999178,17022.0,360841.0,24.0
38918243,17022.0,360841.0,24.0
38835374,17022.0,360841.0,24.0
38854524,17022.0,360841.0,24.0
38756603,17022.0,360841.0,24.0
38832817,17022.0,360841.0,24.0
38633442,17022.0,360841.0,24.0
38841238,17022.0,360841.0,24.0
38775641,17022.0,360841.0,24.0
39517718,17022.0,360841.0,24.0
39068852,17022.0,360841.0,24.0
38943778,17022.0,360841.0,24.0
38738825,17022.0,360841.0,24.0
38819037,17022.0,360841.0,24.0
38768438,17022.0,360841.0,24.0
38756632,17022.0,360841.0,24.0
38604860,17022.0,360841.0,24.0
38730428,17022.0,360841.0,24.0
39018666,17022.0,360841.0,24.0
39497857,17022.0,360841.0,24.0
39026562,17022.0,360841.0,24.0
38752878,17022.0,360841.0,24.0
38743008,17022.0,360841.0,24.0
38740415,17022.0,360841.0,24.0
38737613,17022.0,360841.0,24.0
38669875,17022.0,360841.0,24.0
38849805,17022.0,360841.0,24.0
38693766,17022.0,360841.0,24.0
38622610,17022.0,360841.0,24.0
39436633,17179.0,360841.0,24.0
39041838,17179.0,360841.0,24.0
38822844,17179.0,360841.0,24.0
38830183,17179.0,360841.0,24.0
38835314,17179.0,360841.0,24.0
38829555,17179.0,360841.0,24.0
38817293,17179.0,360841.0,24.0
38590220,17179.0,360841.0,24.0
38982553,17179.0,360841.0,24.0
38746648,17179.0,360841.0,24.0
39377122,17179.0,360841.0,24.0
38871611,17179.0,360841.0,24.0
38495246,17179.0,360841.0,24.0
38848370,17179.0,360841.0,24.0
38666522,17179.0,360841.0,24.0
38672418,17179.0,360841.0,24.0
38600518,17179.0,360841.0,24.0
38687035,17179.0,360841.0,24.0
38583803,17179.0,360841.0,24.0
38603661,17179.0,360841.0,24.0
39529063,17179.0,360841.0,24.0
39039260,17179.0,360841.0,24.0
38772299,17179.0,360841.0,24.0
38729364,17179.0,360841.0,24.0
38786997,17179.0,360841.0,24.0
38914182,17179.0,360841.0,24.0
38739843,17179.0,360841.0,24.0
38754908,17179.0,360841.0,24.0
38798202,17179.0,360841.0,24.0
38823169,17179.0,360841.0,24.0
39603175,17179.0,360841.0,24.0
39356799,17179.0,360841.0,24.0
38884839,17179.0,360841.0,24.0
38775447,17179.0,360841.0,24.0
38824448,17179.0,360841.0,24.0
38802450,17179.0,360841.0,24.0
38709865,17179.0,360841.0,24.0
38644521,17179.0,360841.0,24.0
38654541,17179.0,360841.0,24.0
38760122,17179.0,360841.0,24.0
39482571,17179.0,360841.0,24.0
39090561,17179.0,360841.0,24.0
38904877,17179.0,360841.0,24.0
38821496,17179.0,360841.0,24.0
38845691,17179.0,360841.0,24.0
38838041,17179.0,360841.0,24.0
38843177,17179.0,360841.0,24.0
38797070,17179.0,360841.0,24.0
38705461,17179.0,360841.0,24.0
38736667,17179.0,360841.0,24.0
39373918,17179.0,360841.0,24.0
39250781,17179.0,360841.0,24.0
38718713,17179.0,360841.0,24.0
39222623,17179.0,360841.0,24.0
38627844,17179.0,360841.0,24.0
38678730,17179.0,360841.0,24.0
38607587,17179.0,360841.0,24.0
38639459,17179.0,360841.0,24.0
38650416,17179.0,360841.0,24.0
38665281,17179.0,360841.0,24.0
39676861,17179.0,360841.0,24.0
39071716,17179.0,360841.0,24.0
38767825,17179.0,360841.0,24.0
38883267,17179.0,360841.0,24.0
38709279,17179.0,360841.0,24.0
38862451,17179.0,360841.0,24.0
38761714,17179.0,360841.0,24.0
38564540,17179.0,360841.0,24.0
38886738,17179.0,360841.0,24.0
38827202,17179.0,360841.0,24.0
39530642,17179.0,360841.0,24.0
38902495,17179.0,360841.0,24.0
38697445,17179.0,360841.0,24.0
38689524,17179.0,360841.0,24.0
39025100,17179.0,360841.0,24.0
38510470,17179.0,360841.0,24.0
39252880,17179.0,360841.0,24.0
38716133,17179.0,360841.0,24.0
38841703,17179.0,360841.0,24.0
38520098,17179.0,360841.0,24.0
39537512,17179.0,360841.0,24.0
39047287,17179.0,360841.0,24.0
38785739,17179.0,360841.0,24.0
38990211,17179.0,360841.0,24.0
38838959,17179.0,360841.0,24.0
38827100,17179.0,360841.0,24.0
38810063,17179.0,360841.0,24.0
38816982,17179.0,360841.0,24.0
38806400,17179.0,360841.0,24.0
38662185,17179.0,360841.0,24.0
39394758,17179.0,360841.0,24.0
38855335,17179.0,360841.0,24.0
38578556,17179.0,360841.0,24.0
38708588,17179.0,360841.0,24.0
38596429,17179.0,360841.0,24.0
38687243,17179.0,360841.0,24.0
38516402,17179.0,360841.0,24.0
39112592,17179.0,360841.0,24.0
38620121,17179.0,360841.0,24.0
39310823,17179.0,360841.0,24.0
39778996,17336.0,360841.0,24.0
39157078,17336.0,360841.0,24.0
41992784,17336.0,360841.0,24.0
38960784,17336.0,360841.0,24.0
38981925,17336.0,360841.0,24.0
38947386,17336.0,360841.0,24.0
38924757,17336.0,360841.0,24.0
38838202,17336.0,360841.0,24.0
39073831,17336.0,360841.0,24.0
38904165,17336.0,360841.0,24.0
39660534,17336.0,360841.0,24.0
39096821,17336.0,360841.0,24.0
38806954,17336.0,360841.0,24.0
38948795,17336.0,360841.0,24.0
38790470,17336.0,360841.0,24.0
38843096,17336.0,360841.0,24.0
39004558,17336.0,360841.0,24.0
38865419,17336.0,360841.0,24.0
39253210,17336.0,360841.0,24.0
38815795,17336.0,360841.0,24.0
39810494,17336.0,360841.0,24.0
39174151,17336.0,360841.0,24.0
39037530,17336.0,360841.0,24.0
39007254,17336.0,360841.0,24.0
39029483,17336.0,360841.0,24.0
38918371,17336.0,360841.0,24.0
38982890,17336.0,360841.0,24.0
38970979,17336.0,360841.0,24.0
38885752,17336.0,360841.0,24.0
38923607,17336.0,360841.0,24.0
39621618,17336.0,360841.0,24.0
39187926,17336.0,360841.0,24.0
38971730,17336.0,360841.0,24.0
38990596,17336.0,360841.0,24.0
38837062,17336.0,360841.0,24.0
38939415,17336.0,360841.0,24.0
39058620,17336.0,360841.0,24.0
38950705,17336.0,360841.0,24.0
38931319,17336.0,360841.0,24.0
39374318,17336.0,360841.0,24.0
39811598,17336.0,360841.0,24.0
39181754,17336.0,360841.0,24.0
38968712,17336.0,360841.0,24.0
39085555,17336.0,360841.0,24.0
38996722,17336.0,360841.0,24.0
38985956,17336.0,360841.0,24.0
38919439,17336.0,360841.0,24.0
39119617,17336.0,360841.0,24.0
38992908,17336.0,360841.0,24.0
39006885,17336.0,360841.0,24.0
39484864,17336.0,360841.0,24.0
39103938,17336.0,360841.0,24.0
38936318,17336.0,360841.0,24.0
39241033,17336.0,360841.0,24.0
38773559,17336.0,360841.0,24.0
38997026,17336.0,360841.0,24.0
38982512,17336.0,360841.0,24.0
38824079,17336.0,360841.0,24.0
38862038,17336.0,360841.0,24.0
38915498,17336.0,360841.0,24.0
39664788,17336.0,360841.0,24.0
39553080,17336.0,360841.0,24.0
39642897,17336.0,360841.0,24.0
38957300,17336.0,360841.0,24.0
38926449,17336.0,360841.0,24.0
38968811,17336.0,360841.0,24.0
38949788,17336.0,360841.0,24.0
38907335,17336.0,360841.0,24.0
38916241,17336.0,360841.0,24.0
38881812,17336.0,360841.0,24.0
39662741,17336.0,360841.0,24.0
39104633,17336.0,360841.0,24.0
39033497,17336.0,360841.0,24.0
38994688,17336.0,360841.0,24.0
38975436,17336.0,360841.0,24.0
38944427,17336.0,360841.0,24.0
38989142,17336.0,360841.0,24.0
38934474,17336.0,360841.0,24.0
38986452,17336.0,360841.0,24.0
38990335,17336.0,360841.0,24.0
39782097,17336.0,360841.0,24.0
39195444,17336.0,360841.0,24.0
39244915,17336.0,360841.0,24.0
38884529,17336.0,360841.0,24.0
39533946,17336.0,360841.0,24.0
39021422,17336.0,360841.0,24.0
38934254,17336.0,360841.0,24.0
38971905,17336.0,360841.0,24.0
38902891,17336.0,360841.0,24.0
38927797,17336.0,360841.0,24.0
39593517,17336.0,360841.0,24.0
39022910,17336.0,360841.0,24.0
38988856,17336.0,360841.0,24.0
38852104,17336.0,360841.0,24.0
38809490,17336.0,360841.0,24.0
38763162,17336.0,360841.0,24.0
38939838,17336.0,360841.0,24.0
38885081,17336.0,360841.0,24.0
38819472,17336.0,360841.0,24.0
38886888,17336.0,360841.0,24.0
39576456,17492.0,360841.0,24.0
38969943,17492.0,360841.0,24.0
38938496,17492.0,360841.0,24.0
39234885,17492.0,360841.0,24.0
39282394,17492.0,360841.0,24.0
38963106,17492.0,360841.0,24.0
39005518,17492.0,360841.0,24.0
38819653,17492.0,360841.0,24.0
38754782,17492.0,360841.0,24.0
38881105,17492.0,360841.0,24.0
39282518,17492.0,360841.0,24.0
38906933,17492.0,360841.0,24.0
38838961,17492.0,360841.0,24.0
38753423,17492.0,360841.0,24.0
38784735,17492.0,360841.0,24.0
38875184,17492.0,360841.0,24.0
38645927,17492.0,360841.0,24.0
38748586,17492.0,360841.0,24.0
38713905,17492.0,360841.0,24.0
38702547,17492.0,360841.0,24.0
39707041,17492.0,360841.0,24.0
39043603,17492.0,360841.0,24.0
38931552,17492.0,360841.0,24.0
38897844,17492.0,360841.0,24.0
39163224,17492.0,360841.0,24.0
38879457,17492.0,360841.0,24.0
38835013,17492.0,360841.0,24.0
39198405,17492.0,360841.0,24.0
38955354,17492.0,360841.0,24.0
38881183,17492.0,360841.0,24.0
39477918,17492.0,360841.0,24.0
38846993,17492.0,360841.0,24.0
38744600,17492.0,360841.0,24.0
38882946,17492.0,360841.0,24.0
38830389,17492.0,360841.0,24.0
38800290,17492.0,360841.0,24.0
38652558,17492.0,360841.0,24.0
38702641,17492.0,360841.0,24.0
38725002,17492.0,360841.0,24.0
38732719,17492.0,360841.0,24.0
39598623,17492.0,360841.0,24.0
39060603,17492.0,360841.0,24.0
38874891,17492.0,360841.0,24.0
38859232,17492.0,360841.0,24.0
38878456,17492.0,360841.0,24.0
38809241,17492.0,360841.0,24.0
38729990,17492.0,360841.0,24.0
38820833,17492.0,360841.0,24.0
39101510,17492.0,360841.0,24.0
39341726,17492.0,360841.0,24.0
39342803,17492.0,360841.0,24.0
38953518,17492.0,360841.0,24.0
38741244,17492.0,360841.0,24.0
38739935,17492.0,360841.0,24.0
38667297,17492.0,360841.0,24.0
38617252,17492.0,360841.0,24.0
38757627,17492.0,360841.0,24.0
38560204,17492.0,360841.0,24.0
38650351,17492.0,360841.0,24.0
38642870,17492.0,360841.0,24.0
39633270,17492.0,360841.0,24.0
38912433,17492.0,360841.0,24.0
39047205,17492.0,360841.0,24.0
38799030,17492.0,360841.0,24.0
38920891,17492.0,360841.0,24.0
38904438,17492.0,360841.0,24.0
38838085,17492.0,360841.0,24.0
38900753,17492.0,360841.0,24.0
38814658,17492.0,360841.0,24.0
38800233,17492.0,360841.0,24.0
40114788,17492.0,360841.0,24.0
38775518,17492.0,360841.0,24.0
38874479,17492.0,360841.0,24.0
38737535,17492.0,360841.0,24.0
38749468,17492.0,360841.0,24.0
38720854,17492.0,360841.0,24.0
38775667,17492.0,360841.0,24.0
38698453,17492.0,360841.0,24.0
38737171,17492.0,360841.0,24.0
38645742,17492.0,360841.0,24.0
39565324,17492.0,360841.0,24.0
39067220,17492.0,360841.0,24.0
38822770,17492.0,360841.0,24.0
38814856,17492.0,360841.0,24.0
38934960,17492.0,360841.0,24.0
38792039,17492.0,360841.0,24.0
38849386,17492.0,360841.0,24.0
38787343,17492.0,360841.0,24.0
38827374,17492.0,360841.0,24.0
38775115,17492.0,360841.0,24.0
39356479,17492.0,360841.0,24.0
39014320,17492.0,360841.0,24.0
38786790,17492.0,360841.0,24.0
39405445,17492.0,360841.0,24.0
38732869,17492.0,360841.0,24.0
38711309,17492.0,360841.0,24.0
38764019,17492.0,360841.0,24.0
38651064,17492.0,360841.0,24.0
38460750,17492.0,360841.0,24.0
38705232,17492.0,360841.0,24.0
39600728,17649.0,360841.0,24.0
38884541,17649.0,360841.0,24.0
39113573,17649.0,360841.0,24.0
38795211,17649.0,360841.0,24.0
38761864,17649.0,360841.0,24.0
39515055,17649.0,360841.0,24.0
39033620,17649.0,360841.0,24.0
38916821,17649.0,360841.0,24.0
38722945,17649.0,360841.0,24.0
38718016,17649.0,360841.0,24.0
39322259,17649.0,360841.0,24.0
39192729,17649.0,360841.0,24.0
38827673,17649.0,360841.0,24.0
39142977,17649.0,360841.0,24.0
38731010,17649.0,360841.0,24.0
38735428,17649.0,360841.0,24.0
38736472,17649.0,360841.0,24.0
38681598,17649.0,360841.0,24.0
38648155,17649.0,360841.0,24.0
38708243,17649.0,360841.0,24.0
39588966,17649.0,360841.0,24.0
39040229,17649.0,360841.0,24.0
38820420,17649.0,360841.0,24.0
38951641,17649.0,360841.0,24.0
38917430,17649.0,360841.0,24.0
41946548,17649.0,360841.0,24.0
38917688,17649.0,360841.0,24.0
38840877,17649.0,360841.0,24.0
38729080,17649.0,360841.0,24.0
38900811,17649.0,360841.0,24.0
39428740,17649.0,360841.0,24.0
38773464,17649.0,360841.0,24.0
38944371,17649.0,360841.0,24.0
38754116,17649.0,360841.0,24.0
38877222,17649.0,360841.0,24.0
39510484,17649.0,360841.0,24.0
38949311,17649.0,360841.0,24.0
38814582,17649.0,360841.0,24.0
38837229,17649.0,360841.0,24.0
38743694,17649.0,360841.0,24.0
39527034,17649.0,360841.0,24.0
39017716,17649.0,360841.0,24.0
38667108,17649.0,360841.0,24.0
39055815,17649.0,360841.0,24.0
38862908,17649.0,360841.0,24.0
38892458,17649.0,360841.0,24.0
38809020,17649.0,360841.0,24.0
38855569,17649.0,360841.0,24.0
38716385,17649.0,360841.0,24.0
38860926,17649.0,360841.0,24.0
39438637,17649.0,360841.0,24.0
38812129,17649.0,360841.0,24.0
38695972,17649.0,360841.0,24.0
38750375,17649.0,360841.0,24.0
38677505,17649.0,360841.0,24.0
38615204,17649.0,360841.0,24.0
39042230,17649.0,360841.0,24.0
38626324,17649.0,360841.0,24.0
39139920,17649.0,360841.0,24.0
38611469,17649.0,360841.0,24.0
39424583,17649.0,360841.0,24.0
39170437,17649.0,360841.0,24.0
38752157,17649.0,360841.0,24.0
39002405,17649.0,360841.0,24.0
38841678,17649.0,360841.0,24.0
39068511,17649.0,360841.0,24.0
38818030,17649.0,360841.0,24.0
38744188,17649.0,360841.0,24.0
38778239,17649.0,360841.0,24.0
38812581,17649.0,360841.0,24.0
39483666,17649.0,360841.0,24.0
39119667,17649.0,360841.0,24.0
38951716,17649.0,360841.0,24.0
38793193,17649.0,360841.0,24.0
38806026,17649.0,360841.0,24.0
38703810,17649.0,360841.0,24.0
38686803,17649.0,360841.0,24.0
38672232,17649.0,360841.0,24.0
38780901,17649.0,360841.0,24.0
38995626,17649.0,360841.0,24.0
39523973,17649.0,360841.0,24.0
39112886,17649.0,360841.0,24.0
38840770,17649.0,360841.0,24.0
38798339,17649.0,360841.0,24.0
39028147,17649.0,360841.0,24.0
38715157,17649.0,360841.0,24.0
38871906,17649.0,360841.0,24.0
38756099,17649.0,360841.0,24.0
38926607,17649.0,360841.0,24.0
38827917,17649.0,360841.0,24.0
39366532,17649.0,360841.0,24.0
38917662,17649.0,360841.0,24.0
38731218,17649.0,360841.0,24.0
38738798,17649.0,360841.0,24.0
38813040,17649.0,360841.0,24.0
38653904,17649.0,360841.0,24.0
38686594,17649.0,360841.0,24.0
38781108,17649.0,360841.0,24.0
38540904,17649.0,360841.0,24.0
38568416,17649.0,360841.0,24.0
39640837,17806.0,360841.0,24.0
38999486,17806.0,360841.0,24.0
38936059,17806.0,360841.0,24.0
38699791,17806.0,360841.0,24.0
39118382,17806.0,360841.0,24.0
38787491,17806.0,360841.0,24.0
38907943,17806.0,360841.0,24.0
39021399,17806.0,360841.0,24.0
38928287,17806.0,360841.0,24.0
38861150,17806.0,360841.0,24.0
39550673,17806.0,360841.0,24.0
38944347,17806.0,360841.0,24.0
38827110,17806.0,360841.0,24.0
38756325,17806.0,360841.0,24.0
38843880,17806.0,360841.0,24.0
38646665,17806.0,360841.0,24.0
38537836,17806.0,360841.0,24.0
38778974,17806.0,360841.0,24.0
38614816,17806.0,360841.0,24.0
38552242,17806.0,360841.0,24.0
39866282,17806.0,360841.0,24.0
38983561,17806.0,360841.0,24.0
39622555,17806.0,360841.0,24.0
38855590,17806.0,360841.0,24.0
38900153,17806.0,360841.0,24.0
38868198,17806.0,360841.0,24.0
38696941,17806.0,360841.0,24.0
38845187,17806.0,360841.0,24.0
38736972,17806.0,360841.0,24.0
38810693,17806.0,360841.0,24.0
39617458,17806.0,360841.0,24.0
38878944,17806.0,360841.0,24.0
38826997,17806.0,360841.0,24.0
38880825,17806.0,360841.0,24.0
38826882,17806.0,360841.0,24.0
38861700,17806.0,360841.0,24.0
38899217,17806.0,360841.0,24.0
38808718,17806.0,360841.0,24.0
38842068,17806.0,360841.0,24.0
38817816,17806.0,360841.0,24.0
39629523,17806.0,360841.0,24.0
39082088,17806.0,360841.0,24.0
38883048,17806.0,360841.0,24.0
39128453,17806.0,360841.0,24.0
39356309,17806.0,360841.0,24.0
38806223,17806.0,360841.0,24.0
39035209,17806.0,360841.0,24.0
38856187,17806.0,360841.0,24.0
38882331,17806.0,360841.0,24.0
38907997,17806.0,360841.0,24.0
39573628,17806.0,360841.0,24.0
38870676,17806.0,360841.0,24.0
38789097,17806.0,360841.0,24.0
38702766,17806.0,360841.0,24.0
38621686,17806.0,360841.0,24.0
38708915,17806.0,360841.0,24.0
38603005,17806.0,360841.0,24.0
38709168,17806.0,360841.0,24.0
38804774,17806.0,360841.0,24.0
38695355,17806.0,360841.0,24.0
39727243,17806.0,360841.0,24.0
38995806,17806.0,360841.0,24.0
38844526,17806.0,360841.0,24.0
38863095,17806.0,360841.0,24.0
38848271,17806.0,360841.0,24.0
38943431,17806.0,360841.0,24.0
38778284,17806.0,360841.0,24.0
39445506,17806.0,360841.0,24.0
38808719,17806.0,360841.0,24.0
38808428,17806.0,360841.0,24.0
39404437,17806.0,360841.0,24.0
38938615,17806.0,360841.0,24.0
38795779,17806.0,360841.0,24.0
38837390,17806.0,360841.0,24.0
38838845,17806.0,360841.0,24.0
38791196,17806.0,360841.0,24.0
38741745,17806.0,360841.0,24.0
38721844,17806.0,360841.0,24.0
38855413,17806.0,360841.0,24.0
38819519,17806.0,360841.0,24.0
39785086,17806.0,360841.0,24.0
38988435,17806.0,360841.0,24.0
38898615,17806.0,360841.0,24.0
38937226,17806.0,360841.0,24.0
38881188,17806.0,360841.0,24.0
38990612,17806.0,360841.0,24.0
38835148,17806.0,360841.0,24.0
38862564,17806.0,360841.0,24.0
39064794,17806.0,360841.0,24.0
39504396,17806.0,360841.0,24.0
39541245,17806.0,360841.0,24.0
38899732,17806.0,360841.0,24.0
38710403,17806.0,360841.0,24.0
38749203,17806.0,360841.0,24.0
38651822,17806.0,360841.0,24.0
38665298,17806.0,360841.0,24.0
38821510,17806.0,360841.0,24.0
38810621,17806.0,360841.0,24.0
38717644,17806.0,360841.0,24.0
38677422,17806.0,360841.0,24.0
39644189,17962.0,360841.0,24.0
39005000,17962.0,360841.0,24.0
38827058,17962.0,360841.0,24.0
38896622,17962.0,360841.0,24.0
38876985,17962.0,360841.0,24.0
38871615,17962.0,360841.0,24.0
38753819,17962.0,360841.0,24.0
38945804,17962.0,360841.0,24.0
39068789,17962.0,360841.0,24.0
39418683,17962.0,360841.0,24.0
39440905,17962.0,360841.0,24.0
38935935,17962.0,360841.0,24.0
38808163,17962.0,360841.0,24.0
38861450,17962.0,360841.0,24.0
38782506,17962.0,360841.0,24.0
38707666,17962.0,360841.0,24.0
38709931,17962.0,360841.0,24.0
38664239,17962.0,360841.0,24.0
38733287,17962.0,360841.0,24.0
38583593,17962.0,360841.0,24.0
39536205,17962.0,360841.0,24.0
39179436,17962.0,360841.0,24.0
38850163,17962.0,360841.0,24.0
38974333,17962.0,360841.0,24.0
38890042,17962.0,360841.0,24.0
38898879,17962.0,360841.0,24.0
38842274,17962.0,360841.0,24.0
38918415,17962.0,360841.0,24.0
38896176,17962.0,360841.0,24.0
38835437,17962.0,360841.0,24.0
39997564,17962.0,360841.0,24.0
38889910,17962.0,360841.0,24.0
38805155,17962.0,360841.0,24.0
38675377,17962.0,360841.0,24.0
38684238,17962.0,360841.0,24.0
38834135,17962.0,360841.0,24.0
38704699,17962.0,360841.0,24.0
38670077,17962.0,360841.0,24.0
38671798,17962.0,360841.0,24.0
38631609,17962.0,360841.0,24.0
39557405,17962.0,360841.0,24.0
39188592,17962.0,360841.0,24.0
38901443,17962.0,360841.0,24.0
38928240,17962.0,360841.0,24.0
38692945,17962.0,360841.0,24.0
38933868,17962.0,360841.0,24.0
38785254,17962.0,360841.0,24.0
38857762,17962.0,360841.0,24.0
41704085,17962.0,360841.0,24.0
38833374,17962.0,360841.0,24.0
39507535,17962.0,360841.0,24.0
38998234,17962.0,360841.0,24.0
39117251,17962.0,360841.0,24.0
39390900,17962.0,360841.0,24.0
38722704,17962.0,360841.0,24.0
38651161,17962.0,360841.0,24.0
38702720,17962.0,360841.0,24.0
38707779,17962.0,360841.0,24.0
38752545,17962.0,360841.0,24.0
38607305,17962.0,360841.0,24.0
39542376,17962.0,360841.0,24.0
39045557,17962.0,360841.0,24.0
38896278,17962.0,360841.0,24.0
39115469,17962.0,360841.0,24.0
38689562,17962.0,360841.0,24.0
38892383,17962.0,360841.0,24.0
38718792,17962.0,360841.0,24.0
38935923,17962.0,360841.0,24.0
38848243,17962.0,360841.0,24.0
38938014,17962.0,360841.0,24.0
39546818,17962.0,360841.0,24.0
39018676,17962.0,360841.0,24.0
38775482,17962.0,360841.0,24.0
38960256,17962.0,360841.0,24.0
38602083,17962.0,360841.0,24.0
39265705,17962.0,360841.0,24.0
38727415,17962.0,360841.0,24.0
38630520,17962.0,360841.0,24.0
38676183,17962.0,360841.0,24.0
38714392,17962.0,360841.0,24.0
39794444,17962.0,360841.0,24.0
39060932,17962.0,360841.0,24.0
38954096,17962.0,360841.0,24.0
38723218,17962.0,360841.0,24.0
38934376,17962.0,360841.0,24.0
38955584,17962.0,360841.0,24.0
38934699,17962.0,360841.0,24.0
38796120,17962.0,360841.0,24.0
38689870,17962.0,360841.0,24.0
38823553,17962.0,360841.0,24.0
39530662,17962.0,360841.0,24.0
38991501,17962.0,360841.0,24.0
38673408,17962.0,360841.0,24.0
38806337,17962.0,360841.0,24.0
38711881,17962.0,360841.0,24.0
38701388,17962.0,360841.0,24.0
38994552,17962.0,360841.0,24.0
38681863,17962.0,360841.0,24.0
39302799,17962.0,360841.0,24.0
38761005,17962.0,360841.0,24.0
39648205,18119.0,360841.0,24.0
39115771,18119.0,360841.0,24.0
38934514,18119.0,360841.0,24.0
38880940,18119.0,360841.0,24.0
39027594,18119.0,360841.0,24.0
38960580,18119.0,360841.0,24.0
38902505,18119.0,360841.0,24.0
38963397,18119.0,360841.0,24.0
38876581,18119.0,360841.0,24.0
38872152,18119.0,360841.0,24.0
39591875,18119.0,360841.0,24.0
39096027,18119.0,360841.0,24.0
39028429,18119.0,360841.0,24.0
38851180,18119.0,360841.0,24.0
39062217,18119.0,360841.0,24.0
38977446,18119.0,360841.0,24.0
39108970,18119.0,360841.0,24.0
39336371,18119.0,360841.0,24.0
39432201,18119.0,360841.0,24.0
38908434,18119.0,360841.0,24.0
39807972,18119.0,360841.0,24.0
39125778,18119.0,360841.0,24.0
39041445,18119.0,360841.0,24.0
38896032,18119.0,360841.0,24.0
38944051,18119.0,360841.0,24.0
38857364,18119.0,360841.0,24.0
38909763,18119.0,360841.0,24.0
38875623,18119.0,360841.0,24.0
38845364,18119.0,360841.0,24.0
38809230,18119.0,360841.0,24.0
39771846,18119.0,360841.0,24.0
39137548,18119.0,360841.0,24.0
39099354,18119.0,360841.0,24.0
39053458,18119.0,360841.0,24.0
39004045,18119.0,360841.0,24.0
39013032,18119.0,360841.0,24.0
38892309,18119.0,360841.0,24.0
38980535,18119.0,360841.0,24.0
39187919,18119.0,360841.0,24.0
38908207,18119.0,360841.0,24.0
39780274,18119.0,360841.0,24.0
39086091,18119.0,360841.0,24.0
38994343,18119.0,360841.0,24.0
38978668,18119.0,360841.0,24.0
38912675,18119.0,360841.0,24.0
38988208,18119.0,360841.0,24.0
38853791,18119.0,360841.0,24.0
38906844,18119.0,360841.0,24.0
38905451,18119.0,360841.0,24.0
38866942,18119.0,360841.0,24.0
39744119,18119.0,360841.0,24.0
39124172,18119.0,360841.0,24.0
39023764,18119.0,360841.0,24.0
39099208,18119.0,360841.0,24.0
38919269,18119.0,360841.0,24.0
39057366,18119.0,360841.0,24.0
38825730,18119.0,360841.0,24.0
39053852,18119.0,360841.0,24.0
38850234,18119.0,360841.0,24.0
39026225,18119.0,360841.0,24.0
40071256,18119.0,360841.0,24.0
39578749,18119.0,360841.0,24.0
38945519,18119.0,360841.0,24.0
39036489,18119.0,360841.0,24.0
38974127,18119.0,360841.0,24.0
38896850,18119.0,360841.0,24.0
39098632,18119.0,360841.0,24.0
38899396,18119.0,360841.0,24.0
39000154,18119.0,360841.0,24.0
39062556,18119.0,360841.0,24.0
39716227,18119.0,360841.0,24.0
39113294,18119.0,360841.0,24.0
39053184,18119.0,360841.0,24.0
39119545,18119.0,360841.0,24.0
39029121,18119.0,360841.0,24.0
39061664,18119.0,360841.0,24.0
38979017,18119.0,360841.0,24.0
39108965,18119.0,360841.0,24.0
39069857,18119.0,360841.0,24.0
39038772,18119.0,360841.0,24.0
39739019,18119.0,360841.0,24.0
39124321,18119.0,360841.0,24.0
38941884,18119.0,360841.0,24.0
39298219,18119.0,360841.0,24.0
39549346,18119.0,360841.0,24.0
38992401,18119.0,360841.0,24.0
38970903,18119.0,360841.0,24.0
38904410,18119.0,360841.0,24.0
38831028,18119.0,360841.0,24.0
38823924,18119.0,360841.0,24.0
39604835,18119.0,360841.0,24.0
39168759,18119.0,360841.0,24.0
38913125,18119.0,360841.0,24.0
39056202,18119.0,360841.0,24.0
38857139,18119.0,360841.0,24.0
39118039,18119.0,360841.0,24.0
38956508,18119.0,360841.0,24.0
39026499,18119.0,360841.0,24.0
38838946,18119.0,360841.0,24.0
39101526,18119.0,360841.0,24.0
39740631,18276.0,360841.0,24.0
39148572,18276.0,360841.0,24.0
39116700,18276.0,360841.0,24.0
39078325,18276.0,360841.0,24.0
39413066,18276.0,360841.0,24.0
38851168,18276.0,360841.0,24.0
38812763,18276.0,360841.0,24.0
38998635,18276.0,360841.0,24.0
38765397,18276.0,360841.0,24.0
38854115,18276.0,360841.0,24.0
39330494,18276.0,360841.0,24.0
38936810,18276.0,360841.0,24.0
38745647,18276.0,360841.0,24.0
38710678,18276.0,360841.0,24.0
38674766,18276.0,360841.0,24.0
38771887,18276.0,360841.0,24.0
38821282,18276.0,360841.0,24.0
38841002,18276.0,360841.0,24.0
38705633,18276.0,360841.0,24.0
38703220,18276.0,360841.0,24.0
39692801,18276.0,360841.0,24.0
39046004,18276.0,360841.0,24.0
38836691,18276.0,360841.0,24.0
39034811,18276.0,360841.0,24.0
38963057,18276.0,360841.0,24.0
39147228,18276.0,360841.0,24.0
39395443,18276.0,360841.0,24.0
38859333,18276.0,360841.0,24.0
38894676,18276.0,360841.0,24.0
38748897,18276.0,360841.0,24.0
39428505,18276.0,360841.0,24.0
38987984,18276.0,360841.0,24.0
38835381,18276.0,360841.0,24.0
38839115,18276.0,360841.0,24.0
38767354,18276.0,360841.0,24.0
38788939,18276.0,360841.0,24.0
38728229,18276.0,360841.0,24.0
38920050,18276.0,360841.0,24.0
38821189,18276.0,360841.0,24.0
38810240,18276.0,360841.0,24.0
39653712,18276.0,360841.0,24.0
39142305,18276.0,360841.0,24.0
38902929,18276.0,360841.0,24.0
38958794,18276.0,360841.0,24.0
38905511,18276.0,360841.0,24.0
38844588,18276.0,360841.0,24.0
38767839,18276.0,360841.0,24.0
39131187,18276.0,360841.0,24.0
38764081,18276.0,360841.0,24.0
39577845,18276.0,360841.0,24.0
39271550,18276.0,360841.0,24.0
38937543,18276.0,360841.0,24.0
38745423,18276.0,360841.0,24.0
38654737,18276.0,360841.0,24.0
38775589,18276.0,360841.0,24.0
38880294,18276.0,360841.0,24.0
38726670,18276.0,360841.0,24.0
38803590,18276.0,360841.0,24.0
38698956,18276.0,360841.0,24.0
38686948,18276.0,360841.0,24.0
39758626,18276.0,360841.0,24.0
39152768,18276.0,360841.0,24.0
38927962,18276.0,360841.0,24.0
39014480,18276.0,360841.0,24.0
38939936,18276.0,360841.0,24.0
38934351,18276.0,360841.0,24.0
38874107,18276.0,360841.0,24.0
38890808,18276.0,360841.0,24.0
38846038,18276.0,360841.0,24.0
38942927,18276.0,360841.0,24.0
43025952,18276.0,360841.0,24.0
38932331,18276.0,360841.0,24.0
38873937,18276.0,360841.0,24.0
38812752,18276.0,360841.0,24.0
38829477,18276.0,360841.0,24.0
38865034,18276.0,360841.0,24.0
38803445,18276.0,360841.0,24.0
38807197,18276.0,360841.0,24.0
38769988,18276.0,360841.0,24.0
38651711,18276.0,360841.0,24.0
39759435,18276.0,360841.0,24.0
39154100,18276.0,360841.0,24.0
38860222,18276.0,360841.0,24.0
38866564,18276.0,360841.0,24.0
38994573,18276.0,360841.0,24.0
38954680,18276.0,360841.0,24.0
38882981,18276.0,360841.0,24.0
38806725,18276.0,360841.0,24.0
38814702,18276.0,360841.0,24.0
38804764,18276.0,360841.0,24.0
39318313,18276.0,360841.0,24.0
39315987,18276.0,360841.0,24.0
39160968,18276.0,360841.0,24.0
38841851,18276.0,360841.0,24.0
38778486,18276.0,360841.0,24.0
38880744,18276.0,360841.0,24.0
38740497,18276.0,360841.0,24.0
38752949,18276.0,360841.0,24.0
38657487,18276.0,360841.0,24.0
38725299,18276.0,360841.0,24.0
39722031,18433.0,360841.0,24.0
39120959,18433.0,360841.0,24.0
39000356,18433.0,360841.0,24.0
38877401,18433.0,360841.0,24.0
38849261,18433.0,360841.0,24.0
39201858,18433.0,360841.0,24.0
38802335,18433.0,360841.0,24.0
38908538,18433.0,360841.0,24.0
38868985,18433.0,360841.0,24.0
38890299,18433.0,360841.0,24.0
39716262,18433.0,360841.0,24.0
38885087,18433.0,360841.0,24.0
39235792,18433.0,360841.0,24.0
38871673,18433.0,360841.0,24.0
38808519,18433.0,360841.0,24.0
38838216,18433.0,360841.0,24.0
38763793,18433.0,360841.0,24.0
38648742,18433.0,360841.0,24.0
38793561,18433.0,360841.0,24.0
38656842,18433.0,360841.0,24.0
39712284,18433.0,360841.0,24.0
39143227,18433.0,360841.0,24.0
38917014,18433.0,360841.0,24.0
38992390,18433.0,360841.0,24.0
38912432,18433.0,360841.0,24.0
38966806,18433.0,360841.0,24.0
38846952,18433.0,360841.0,24.0
38895217,18433.0,360841.0,24.0
38746626,18433.0,360841.0,24.0
38801645,18433.0,360841.0,24.0
39550648,18433.0,360841.0,24.0
39056377,18433.0,360841.0,24.0
38855637,18433.0,360841.0,24.0
39281675,18433.0,360841.0,24.0
38850442,18433.0,360841.0,24.0
39393660,18433.0,360841.0,24.0
38775392,18433.0,360841.0,24.0
38840489,18433.0,360841.0,24.0
38784273,18433.0,360841.0,24.0
38786743,18433.0,360841.0,24.0
39647805,18433.0,360841.0,24.0
39131330,18433.0,360841.0,24.0
39001934,18433.0,360841.0,24.0
38916257,18433.0,360841.0,24.0
38797449,18433.0,360841.0,24.0
38991631,18433.0,360841.0,24.0
38824964,18433.0,360841.0,24.0
38933139,18433.0,360841.0,24.0
38837337,18433.0,360841.0,24.0
38685975,18433.0,360841.0,24.0
39407312,18433.0,360841.0,24.0
38914876,18433.0,360841.0,24.0
38698618,18433.0,360841.0,24.0
38705197,18433.0,360841.0,24.0
38756204,18433.0,360841.0,24.0
38713255,18433.0,360841.0,24.0
38696285,18433.0,360841.0,24.0
39765368,18433.0,360841.0,24.0
38707626,18433.0,360841.0,24.0
38779427,18433.0,360841.0,24.0
39704503,18433.0,360841.0,24.0
39021228,18433.0,360841.0,24.0
38893965,18433.0,360841.0,24.0
38955416,18433.0,360841.0,24.0
38859190,18433.0,360841.0,24.0
38996110,18433.0,360841.0,24.0
38774790,18433.0,360841.0,24.0
38958947,18433.0,360841.0,24.0
38847641,18433.0,360841.0,24.0
38804456,18433.0,360841.0,24.0
39538443,18433.0,360841.0,24.0
39066420,18433.0,360841.0,24.0
38929975,18433.0,360841.0,24.0
38839967,18433.0,360841.0,24.0
38803912,18433.0,360841.0,24.0
38764645,18433.0,360841.0,24.0
38786569,18433.0,360841.0,24.0
38734867,18433.0,360841.0,24.0
39037649,18433.0,360841.0,24.0
38747699,18433.0,360841.0,24.0
39701706,18433.0,360841.0,24.0
39166299,18433.0,360841.0,24.0
39053403,18433.0,360841.0,24.0
38937971,18433.0,360841.0,24.0
38927324,18433.0,360841.0,24.0
38918234,18433.0,360841.0,24.0
38868031,18433.0,360841.0,24.0
38912334,18433.0,360841.0,24.0
38801588,18433.0,360841.0,24.0
38804773,18433.0,360841.0,24.0
39320920,18433.0,360841.0,24.0
38875138,18433.0,360841.0,24.0
38848321,18433.0,360841.0,24.0
38866871,18433.0,360841.0,24.0
38671059,18433.0,360841.0,24.0
38614841,18433.0,360841.0,24.0
38811586,18433.0,360841.0,24.0
38714389,18433.0,360841.0,24.0
38707009,18433.0,360841.0,24.0
38683307,18433.0,360841.0,24.0
39788078,18589.0,360841.0,24.0
39052228,18589.0,360841.0,24.0
39148092,18589.0,360841.0,24.0
38925478,18589.0,360841.0,24.0
38912391,18589.0,360841.0,24.0
38756005,18589.0,360841.0,24.0
38935888,18589.0,360841.0,24.0
38987979,18589.0,360841.0,24.0
38840308,18589.0,360841.0,24.0
38773929,18589.0,360841.0,24.0
39540442,18589.0,360841.0,24.0
39009107,18589.0,360841.0,24.0
38772406,18589.0,360841.0,24.0
38809471,18589.0,360841.0,24.0
38798482,18589.0,360841.0,24.0
38806888,18589.0,360841.0,24.0
38749640,18589.0,360841.0,24.0
38715921,18589.0,360841.0,24.0
38756004,18589.0,360841.0,24.0
38751626,18589.0,360841.0,24.0
39675836,18589.0,360841.0,24.0
39748398,18589.0,360841.0,24.0
38942258,18589.0,360841.0,24.0
38968240,18589.0,360841.0,24.0
38908828,18589.0,360841.0,24.0
38847784,18589.0,360841.0,24.0
38892227,18589.0,360841.0,24.0
38946809,18589.0,360841.0,24.0
38953939,18589.0,360841.0,24.0
38899971,18589.0,360841.0,24.0
39637760,18589.0,360841.0,24.0
38856791,18589.0,360841.0,24.0
38882090,18589.0,360841.0,24.0
38774815,18589.0,360841.0,24.0
38634488,18589.0,360841.0,24.0
38943013,18589.0,360841.0,24.0
38835622,18589.0,360841.0,24.0
38790700,18589.0,360841.0,24.0
38763844,18589.0,360841.0,24.0
38815491,18589.0,360841.0,24.0
39794562,18589.0,360841.0,24.0
39105529,18589.0,360841.0,24.0
39331024,18589.0,360841.0,24.0
39501002,18589.0,360841.0,24.0
39017148,18589.0,360841.0,24.0
38893554,18589.0,360841.0,24.0
38978654,18589.0,360841.0,24.0
38730092,18589.0,360841.0,24.0
38955712,18589.0,360841.0,24.0
38798891,18589.0,360841.0,24.0
39524685,18589.0,360841.0,24.0
38979054,18589.0,360841.0,24.0
38897825,18589.0,360841.0,24.0
38835835,18589.0,360841.0,24.0
38748284,18589.0,360841.0,24.0
38885793,18589.0,360841.0,24.0
38669253,18589.0,360841.0,24.0
38761865,18589.0,360841.0,24.0
38818429,18589.0,360841.0,24.0
38855974,18589.0,360841.0,24.0
39842858,18589.0,360841.0,24.0
39469325,18589.0,360841.0,24.0
39209348,18589.0,360841.0,24.0
38865340,18589.0,360841.0,24.0
38783565,18589.0,360841.0,24.0
39289298,18589.0,360841.0,24.0
39386477,18589.0,360841.0,24.0
38879523,18589.0,360841.0,24.0
38789644,18589.0,360841.0,24.0
38947003,18589.0,360841.0,24.0
39659905,18589.0,360841.0,24.0
38942386,18589.0,360841.0,24.0
38797757,18589.0,360841.0,24.0
38951215,18589.0,360841.0,24.0
38774343,18589.0,360841.0,24.0
38638003,18589.0,360841.0,24.0
38826947,18589.0,360841.0,24.0
38633128,18589.0,360841.0,24.0
38768846,18589.0,360841.0,24.0
38626010,18589.0,360841.0,24.0
39780511,18589.0,360841.0,24.0
39148121,18589.0,360841.0,24.0
39057262,18589.0,360841.0,24.0
38927607,18589.0,360841.0,24.0
38967861,18589.0,360841.0,24.0
38980600,18589.0,360841.0,24.0
39137715,18589.0,360841.0,24.0
38939735,18589.0,360841.0,24.0
39394785,18589.0,360841.0,24.0
38862344,18589.0,360841.0,24.0
39541156,18589.0,360841.0,24.0
38930830,18589.0,360841.0,24.0
38825569,18589.0,360841.0,24.0
41788009,18589.0,360841.0,24.0
38702618,18589.0,360841.0,24.0
38771847,18589.0,360841.0,24.0
38789076,18589.0,360841.0,24.0
38649102,18589.0,360841.0,24.0
38622815,18589.0,360841.0,24.0
38564329,18589.0,360841.0,24.0
39771765,18746.0,360841.0,24.0
39087446,18746.0,360841.0,24.0
38907872,18746.0,360841.0,24.0
38953902,18746.0,360841.0,24.0
38905650,18746.0,360841.0,24.0
38767730,18746.0,360841.0,24.0
38897484,18746.0,360841.0,24.0
39119188,18746.0,360841.0,24.0
39328641,18746.0,360841.0,24.0
38858550,18746.0,360841.0,24.0
39412492,18746.0,360841.0,24.0
38959408,18746.0,360841.0,24.0
38760802,18746.0,360841.0,24.0
38735014,18746.0,360841.0,24.0
38812732,18746.0,360841.0,24.0
38848824,18746.0,360841.0,24.0
38684925,18746.0,360841.0,24.0
38669829,18746.0,360841.0,24.0
38650387,18746.0,360841.0,24.0
38608570,18746.0,360841.0,24.0
39743043,18746.0,360841.0,24.0
39027237,18746.0,360841.0,24.0
38981561,18746.0,360841.0,24.0
39178359,18746.0,360841.0,24.0
38891042,18746.0,360841.0,24.0
38791132,18746.0,360841.0,24.0
38784941,18746.0,360841.0,24.0
38894240,18746.0,360841.0,24.0
38916626,18746.0,360841.0,24.0
38765495,18746.0,360841.0,24.0
39726694,18746.0,360841.0,24.0
38950507,18746.0,360841.0,24.0
38765784,18746.0,360841.0,24.0
38806158,18746.0,360841.0,24.0
38572242,18746.0,360841.0,24.0
38752001,18746.0,360841.0,24.0
38802841,18746.0,360841.0,24.0
38768623,18746.0,360841.0,24.0
38804547,18746.0,360841.0,24.0
38698052,18746.0,360841.0,24.0
39769604,18746.0,360841.0,24.0
39134922,18746.0,360841.0,24.0
38887541,18746.0,360841.0,24.0
39008330,18746.0,360841.0,24.0
38874807,18746.0,360841.0,24.0
38896122,18746.0,360841.0,24.0
38850434,18746.0,360841.0,24.0
38816334,18746.0,360841.0,24.0
38771656,18746.0,360841.0,24.0
38863888,18746.0,360841.0,24.0
39609188,18746.0,360841.0,24.0
38979411,18746.0,360841.0,24.0
39296650,18746.0,360841.0,24.0
38785509,18746.0,360841.0,24.0
38638301,18746.0,360841.0,24.0
38743588,18746.0,360841.0,24.0
38744687,18746.0,360841.0,24.0
38735946,18746.0,360841.0,24.0
38615097,18746.0,360841.0,24.0
38712602,18746.0,360841.0,24.0
39806917,18746.0,360841.0,24.0
39107311,18746.0,360841.0,24.0
39018013,18746.0,360841.0,24.0
38916357,18746.0,360841.0,24.0
38649546,18746.0,360841.0,24.0
39053402,18746.0,360841.0,24.0
38860952,18746.0,360841.0,24.0
39076583,18746.0,360841.0,24.0
38881903,18746.0,360841.0,24.0
38903971,18746.0,360841.0,24.0
39461700,18746.0,360841.0,24.0
39088267,18746.0,360841.0,24.0
38757570,18746.0,360841.0,24.0
39117387,18746.0,360841.0,24.0
39100024,18746.0,360841.0,24.0
38856131,18746.0,360841.0,24.0
38745728,18746.0,360841.0,24.0
38673134,18746.0,360841.0,24.0
38589569,18746.0,360841.0,24.0
38779877,18746.0,360841.0,24.0
39846477,18746.0,360841.0,24.0
39080308,18746.0,360841.0,24.0
38924330,18746.0,360841.0,24.0
38990455,18746.0,360841.0,24.0
38852341,18746.0,360841.0,24.0
38841512,18746.0,360841.0,24.0
38911572,18746.0,360841.0,24.0
38799717,18746.0,360841.0,24.0
38880401,18746.0,360841.0,24.0
38776253,18746.0,360841.0,24.0
39583302,18746.0,360841.0,24.0
38968926,18746.0,360841.0,24.0
38891930,18746.0,360841.0,24.0
38788168,18746.0,360841.0,24.0
38779007,18746.0,360841.0,24.0
38982333,18746.0,360841.0,24.0
38782855,18746.0,360841.0,24.0
39190195,18746.0,360841.0,24.0
38756028,18746.0,360841.0,24.0
38761612,18746.0,360841.0,24.0
39894243,18903.0,360841.0,24.0
39433069,18903.0,360841.0,24.0
39238523,18903.0,360841.0,24.0
39091133,18903.0,360841.0,24.0
39151119,18903.0,360841.0,24.0
39120425,18903.0,360841.0,24.0
39144072,18903.0,360841.0,24.0
39123817,18903.0,360841.0,24.0
39120185,18903.0,360841.0,24.0
39089264,18903.0,360841.0,24.0
39755636,18903.0,360841.0,24.0
39270608,18903.0,360841.0,24.0
39156019,18903.0,360841.0,24.0
39023678,18903.0,360841.0,24.0
39006298,18903.0,360841.0,24.0
39313417,18903.0,360841.0,24.0
39011418,18903.0,360841.0,24.0
39691413,18903.0,360841.0,24.0
39129248,18903.0,360841.0,24.0
39090596,18903.0,360841.0,24.0
39925572,18903.0,360841.0,24.0
39316189,18903.0,360841.0,24.0
39177421,18903.0,360841.0,24.0
39164689,18903.0,360841.0,24.0
39083514,18903.0,360841.0,24.0
39238421,18903.0,360841.0,24.0
39059632,18903.0,360841.0,24.0
39102346,18903.0,360841.0,24.0
39097587,18903.0,360841.0,24.0
39064786,18903.0,360841.0,24.0
39860142,18903.0,360841.0,24.0
39183945,18903.0,360841.0,24.0
39133051,18903.0,360841.0,24.0
39151410,18903.0,360841.0,24.0
39003659,18903.0,360841.0,24.0
39011874,18903.0,360841.0,24.0
38869281,18903.0,360841.0,24.0
39114668,18903.0,360841.0,24.0
39387482,18903.0,360841.0,24.0
39611164,18903.0,360841.0,24.0
39922591,18903.0,360841.0,24.0
39338871,18903.0,360841.0,24.0
39199149,18903.0,360841.0,24.0
39126764,18903.0,360841.0,24.0
39162742,18903.0,360841.0,24.0
39057247,18903.0,360841.0,24.0
39115919,18903.0,360841.0,24.0
39142554,18903.0,360841.0,24.0
39089440,18903.0,360841.0,24.0
39003099,18903.0,360841.0,24.0
39827331,18903.0,360841.0,24.0
39317496,18903.0,360841.0,24.0
39174217,18903.0,360841.0,24.0
39159760,18903.0,360841.0,24.0
39025260,18903.0,360841.0,24.0
39139344,18903.0,360841.0,24.0
38986922,18903.0,360841.0,24.0
39008421,18903.0,360841.0,24.0
38929667,18903.0,360841.0,24.0
38965124,18903.0,360841.0,24.0
40512325,18903.0,360841.0,24.0
39338782,18903.0,360841.0,24.0
39231367,18903.0,360841.0,24.0
39242397,18903.0,360841.0,24.0
39118974,18903.0,360841.0,24.0
39101117,18903.0,360841.0,24.0
39014327,18903.0,360841.0,24.0
39061102,18903.0,360841.0,24.0
39026816,18903.0,360841.0,24.0
39047120,18903.0,360841.0,24.0
39846156,18903.0,360841.0,24.0
39348762,18903.0,360841.0,24.0
39106544,18903.0,360841.0,24.0
39045993,18903.0,360841.0,24.0
38996760,18903.0,360841.0,24.0
39052246,18903.0,360841.0,24.0
39004235,18903.0,360841.0,24.0
39082392,18903.0,360841.0,24.0
38908198,18903.0,360841.0,24.0
39058791,18903.0,360841.0,24.0
39815025,18903.0,360841.0,24.0
39698060,18903.0,360841.0,24.0
39261910,18903.0,360841.0,24.0
39673151,18903.0,360841.0,24.0
39122648,18903.0,360841.0,24.0
39127411,18903.0,360841.0,24.0
39120147,18903.0,360841.0,24.0
39154194,18903.0,360841.0,24.0
39080324,18903.0,360841.0,24.0
39008306,18903.0,360841.0,24.0
39791486,18903.0,360841.0,24.0
39242628,18903.0,360841.0,24.0
39132597,18903.0,360841.0,24.0
39020347,18903.0,360841.0,24.0
39046655,18903.0,360841.0,24.0
38990738,18903.0,360841.0,24.0
39075124,18903.0,360841.0,24.0
38922657,18903.0,360841.0,24.0
39086431,18903.0,360841.0,24.0
39092121,18903.0,360841.0,24.0
39762180,19059.0,360841.0,24.0
39176759,19059.0,360841.0,24.0
39772289,19059.0,360841.0,24.0
39107864,19059.0,360841.0,24.0
39024845,19059.0,360841.0,24.0
38897084,19059.0,360841.0,24.0
38913077,19059.0,360841.0,24.0
38938059,19059.0,360841.0,24.0
38899463,19059.0,360841.0,24.0
38807347,19059.0,360841.0,24.0
39833947,19059.0,360841.0,24.0
39043861,19059.0,360841.0,24.0
38956255,19059.0,360841.0,24.0
41853045,19059.0,360841.0,24.0
38749350,19059.0,360841.0,24.0
38724107,19059.0,360841.0,24.0
38901061,19059.0,360841.0,24.0
38783758,19059.0,360841.0,24.0
38886177,19059.0,360841.0,24.0
38707690,19059.0,360841.0,24.0
39711861,19059.0,360841.0,24.0
39141809,19059.0,360841.0,24.0
38890076,19059.0,360841.0,24.0
39164391,19059.0,360841.0,24.0
38962734,19059.0,360841.0,24.0
39400740,19059.0,360841.0,24.0
38839338,19059.0,360841.0,24.0
38968223,19059.0,360841.0,24.0
38901734,19059.0,360841.0,24.0
38904130,19059.0,360841.0,24.0
39624849,19059.0,360841.0,24.0
38983223,19059.0,360841.0,24.0
38722836,19059.0,360841.0,24.0
38906858,19059.0,360841.0,24.0
38848302,19059.0,360841.0,24.0
38912519,19059.0,360841.0,24.0
38836385,19059.0,360841.0,24.0
38740730,19059.0,360841.0,24.0
38812635,19059.0,360841.0,24.0
38886883,19059.0,360841.0,24.0
40168955,19059.0,360841.0,24.0
39238259,19059.0,360841.0,24.0
39045640,19059.0,360841.0,24.0
38977918,19059.0,360841.0,24.0
38871202,19059.0,360841.0,24.0
38802965,19059.0,360841.0,24.0
39264056,19059.0,360841.0,24.0
39389729,19059.0,360841.0,24.0
38888334,19059.0,360841.0,24.0
38916356,19059.0,360841.0,24.0
39759168,19059.0,360841.0,24.0
39141852,19059.0,360841.0,24.0
38873285,19059.0,360841.0,24.0
38854130,19059.0,360841.0,24.0
38870373,19059.0,360841.0,24.0
38749938,19059.0,360841.0,24.0
38917873,19059.0,360841.0,24.0
38793501,19059.0,360841.0,24.0
38715403,19059.0,360841.0,24.0
38902104,19059.0,360841.0,24.0
39654206,19059.0,360841.0,24.0
39314536,19059.0,360841.0,24.0
39004834,19059.0,360841.0,24.0
38994529,19059.0,360841.0,24.0
38945428,19059.0,360841.0,24.0
38948948,19059.0,360841.0,24.0
38941115,19059.0,360841.0,24.0
38951956,19059.0,360841.0,24.0
38978861,19059.0,360841.0,24.0
38994466,19059.0,360841.0,24.0
39627722,19059.0,360841.0,24.0
38994960,19059.0,360841.0,24.0
38781417,19059.0,360841.0,24.0
38904802,19059.0,360841.0,24.0
38824732,19059.0,360841.0,24.0
38704733,19059.0,360841.0,24.0
38960009,19059.0,360841.0,24.0
38794560,19059.0,360841.0,24.0
38898603,19059.0,360841.0,24.0
38697431,19059.0,360841.0,24.0
39871975,19059.0,360841.0,24.0
39145390,19059.0,360841.0,24.0
38976594,19059.0,360841.0,24.0
39025408,19059.0,360841.0,24.0
38984431,19059.0,360841.0,24.0
38975020,19059.0,360841.0,24.0
39020970,19059.0,360841.0,24.0
38863737,19059.0,360841.0,24.0
38904582,19059.0,360841.0,24.0
38881092,19059.0,360841.0,24.0
39733505,19059.0,360841.0,24.0
39630561,19059.0,360841.0,24.0
38995342,19059.0,360841.0,24.0
38902963,19059.0,360841.0,24.0
38903748,19059.0,360841.0,24.0
38828791,19059.0,360841.0,24.0
38843933,19059.0,360841.0,24.0
38749334,19059.0,360841.0,24.0
38785006,19059.0,360841.0,24.0
38787560,19059.0,360841.0,24.0
40158013,19216.0,360841.0,24.0
39458006,19216.0,360841.0,24.0
39256235,19216.0,360841.0,24.0
39208806,19216.0,360841.0,24.0
39050522,19216.0,360841.0,24.0
39087663,19216.0,360841.0,24.0
39146809,19216.0,360841.0,24.0
39053133,19216.0,360841.0,24.0
39069117,19216.0,360841.0,24.0
38983789,19216.0,360841.0,24.0
40181425,19216.0,360841.0,24.0
39748265,19216.0,360841.0,24.0
39099984,19216.0,360841.0,24.0
39105995,19216.0,360841.0,24.0
39144013,19216.0,360841.0,24.0
39049236,19216.0,360841.0,24.0
38971953,19216.0,360841.0,24.0
39083296,19216.0,360841.0,24.0
39081659,19216.0,360841.0,24.0
39060501,19216.0,360841.0,24.0
40006366,19216.0,360841.0,24.0
39494878,19216.0,360841.0,24.0
39291670,19216.0,360841.0,24.0
39237963,19216.0,360841.0,24.0
39301992,19216.0,360841.0,24.0
39114877,19216.0,360841.0,24.0
39103215,19216.0,360841.0,24.0
39033039,19216.0,360841.0,24.0
39027640,19216.0,360841.0,24.0
39040191,19216.0,360841.0,24.0
39862027,19216.0,360841.0,24.0
39564067,19216.0,360841.0,24.0
39166029,19216.0,360841.0,24.0
39661668,19216.0,360841.0,24.0
39103914,19216.0,360841.0,24.0
39078085,19216.0,360841.0,24.0
39092318,19216.0,360841.0,24.0
38990921,19216.0,360841.0,24.0
39066064,19216.0,360841.0,24.0
39046421,19216.0,360841.0,24.0
40009091,19216.0,360841.0,24.0
39532168,19216.0,360841.0,24.0
39204404,19216.0,360841.0,24.0
39204789,19216.0,360841.0,24.0
39159401,19216.0,360841.0,24.0
39193368,19216.0,360841.0,24.0
39045291,19216.0,360841.0,24.0
39166531,19216.0,360841.0,24.0
39061455,19216.0,360841.0,24.0
39140433,19216.0,360841.0,24.0
39847982,19216.0,360841.0,24.0
39232965,19216.0,360841.0,24.0
39129873,19216.0,360841.0,24.0
39133484,19216.0,360841.0,24.0
39467770,19216.0,360841.0,24.0
39561477,19216.0,360841.0,24.0
39056988,19216.0,360841.0,24.0
38932973,19216.0,360841.0,24.0
39001591,19216.0,360841.0,24.0
39001358,19216.0,360841.0,24.0
40051079,19216.0,360841.0,24.0
39415187,19216.0,360841.0,24.0
39372685,19216.0,360841.0,24.0
39182980,19216.0,360841.0,24.0
39212585,19216.0,360841.0,24.0
39139432,19216.0,360841.0,24.0
39192656,19216.0,360841.0,24.0
39135068,19216.0,360841.0,24.0
39143871,19216.0,360841.0,24.0
39010358,19216.0,360841.0,24.0
39933336,19216.0,360841.0,24.0
39288293,19216.0,360841.0,24.0
39192352,19216.0,360841.0,24.0
39113614,19216.0,360841.0,24.0
39030537,19216.0,360841.0,24.0
39036611,19216.0,360841.0,24.0
39044592,19216.0,360841.0,24.0
39460933,19216.0,360841.0,24.0
39491206,19216.0,360841.0,24.0
39089199,19216.0,360841.0,24.0
39952281,19216.0,360841.0,24.0
39147043,19216.0,360841.0,24.0
38997992,19216.0,360841.0,24.0
39033386,19216.0,360841.0,24.0
38986416,19216.0,360841.0,24.0
39043253,19216.0,360841.0,24.0
38931998,19216.0,360841.0,24.0
38897102,19216.0,360841.0,24.0
38829660,19216.0,360841.0,24.0
38914215,19216.0,360841.0,24.0
39811868,19216.0,360841.0,24.0
39172153,19216.0,360841.0,24.0
39166649,19216.0,360841.0,24.0
39114224,19216.0,360841.0,24.0
39046618,19216.0,360841.0,24.0
39050702,19216.0,360841.0,24.0
39016627,19216.0,360841.0,24.0
39058594,19216.0,360841.0,24.0
39284461,19216.0,360841.0,24.0
39013571,19216.0,360841.0,24.0
39900023,19373.0,360841.0,24.0
39158442,19373.0,360841.0,24.0
38889712,19373.0,360841.0,24.0
38848102,19373.0,360841.0,24.0
38968197,19373.0,360841.0,24.0
38790821,19373.0,360841.0,24.0
38861393,19373.0,360841.0,24.0
38828889,19373.0,360841.0,24.0
38815234,19373.0,360841.0,24.0
38843720,19373.0,360841.0,24.0
39581336,19373.0,360841.0,24.0
39057114,19373.0,360841.0,24.0
38846461,19373.0,360841.0,24.0
38908131,19373.0,360841.0,24.0
38878277,19373.0,360841.0,24.0
38865081,19373.0,360841.0,24.0
38728962,19373.0,360841.0,24.0
38880391,19373.0,360841.0,24.0
38762104,19373.0,360841.0,24.0
39130599,19373.0,360841.0,24.0
39844700,19373.0,360841.0,24.0
39321470,19373.0,360841.0,24.0
38950862,19373.0,360841.0,24.0
39022112,19373.0,360841.0,24.0
38919568,19373.0,360841.0,24.0
38884925,19373.0,360841.0,24.0
38909660,19373.0,360841.0,24.0
38883300,19373.0,360841.0,24.0
38821443,19373.0,360841.0,24.0
38902465,19373.0,360841.0,24.0
39596102,19373.0,360841.0,24.0
38987388,19373.0,360841.0,24.0
39014250,19373.0,360841.0,24.0
38813293,19373.0,360841.0,24.0
38781561,19373.0,360841.0,24.0
38863152,19373.0,360841.0,24.0
41836557,19373.0,360841.0,24.0
38737070,19373.0,360841.0,24.0
38758718,19373.0,360841.0,24.0
38752846,19373.0,360841.0,24.0
39693671,19373.0,360841.0,24.0
39623998,19373.0,360841.0,24.0
38943590,19373.0,360841.0,24.0
38783474,19373.0,360841.0,24.0
38984042,19373.0,360841.0,24.0
38865481,19373.0,360841.0,24.0
38724307,19373.0,360841.0,24.0
38883378,19373.0,360841.0,24.0
38780653,19373.0,360841.0,24.0
38857931,19373.0,360841.0,24.0
39661762,19373.0,360841.0,24.0
39008967,19373.0,360841.0,24.0
38776076,19373.0,360841.0,24.0
38861344,19373.0,360841.0,24.0
38775100,19373.0,360841.0,24.0
38777047,19373.0,360841.0,24.0
38876365,19373.0,360841.0,24.0
38743440,19373.0,360841.0,24.0
38814064,19373.0,360841.0,24.0
39138480,19373.0,360841.0,24.0
39776438,19373.0,360841.0,24.0
39303394,19373.0,360841.0,24.0
39153930,19373.0,360841.0,24.0
39080555,19373.0,360841.0,24.0
39455715,19373.0,360841.0,24.0
38914721,19373.0,360841.0,24.0
38791409,19373.0,360841.0,24.0
38960089,19373.0,360841.0,24.0
38902551,19373.0,360841.0,24.0
38830279,19373.0,360841.0,24.0
39605673,19373.0,360841.0,24.0
38883551,19373.0,360841.0,24.0
38866254,19373.0,360841.0,24.0
38855124,19373.0,360841.0,24.0
38804278,19373.0,360841.0,24.0
38813050,19373.0,360841.0,24.0
38882751,19373.0,360841.0,24.0
38792697,19373.0,360841.0,24.0
38611344,19373.0,360841.0,24.0
38717634,19373.0,360841.0,24.0
39871243,19373.0,360841.0,24.0
39057181,19373.0,360841.0,24.0
38951765,19373.0,360841.0,24.0
38865079,19373.0,360841.0,24.0
38865163,19373.0,360841.0,24.0
39161872,19373.0,360841.0,24.0
39410792,19373.0,360841.0,24.0
38796802,19373.0,360841.0,24.0
38812169,19373.0,360841.0,24.0
38818429,19373.0,360841.0,24.0
39535156,19373.0,360841.0,24.0
39035124,19373.0,360841.0,24.0
38889648,19373.0,360841.0,24.0
38874456,19373.0,360841.0,24.0
38841114,19373.0,360841.0,24.0
38727258,19373.0,360841.0,24.0
38908880,19373.0,360841.0,24.0
38763708,19373.0,360841.0,24.0
38767934,19373.0,360841.0,24.0
38769702,19373.0,360841.0,24.0
39822010,19529.0,360841.0,24.0
39313508,19529.0,360841.0,24.0
39172845,19529.0,360841.0,24.0
39004192,19529.0,360841.0,24.0
39111321,19529.0,360841.0,24.0
38864165,19529.0,360841.0,24.0
39605602,19529.0,360841.0,24.0
38797941,19529.0,360841.0,24.0
38969335,19529.0,360841.0,24.0
38979901,19529.0,360841.0,24.0
39625255,19529.0,360841.0,24.0
38975718,19529.0,360841.0,24.0
38846009,19529.0,360841.0,24.0
38882726,19529.0,360841.0,24.0
38833856,19529.0,360841.0,24.0
38831903,19529.0,360841.0,24.0
38673998,19529.0,360841.0,24.0
38836771,19529.0,360841.0,24.0
38838942,19529.0,360841.0,24.0
38741853,19529.0,360841.0,24.0
39789557,19529.0,360841.0,24.0
39145432,19529.0,360841.0,24.0
39021898,19529.0,360841.0,24.0
39038988,19529.0,360841.0,24.0
39009812,19529.0,360841.0,24.0
38871183,19529.0,360841.0,24.0
38932193,19529.0,360841.0,24.0
39358934,19529.0,360841.0,24.0
38934690,19529.0,360841.0,24.0
39507407,19529.0,360841.0,24.0
39702278,19529.0,360841.0,24.0
39020399,19529.0,360841.0,24.0
38800407,19529.0,360841.0,24.0
38893044,19529.0,360841.0,24.0
38810500,19529.0,360841.0,24.0
38924038,19529.0,360841.0,24.0
38888448,19529.0,360841.0,24.0
38853128,19529.0,360841.0,24.0
38847497,19529.0,360841.0,24.0
38781178,19529.0,360841.0,24.0
39696054,19529.0,360841.0,24.0
39202213,19529.0,360841.0,24.0
39052072,19529.0,360841.0,24.0
39024959,19529.0,360841.0,24.0
38910016,19529.0,360841.0,24.0
38919654,19529.0,360841.0,24.0
38936558,19529.0,360841.0,24.0
38995024,19529.0,360841.0,24.0
39045311,19529.0,360841.0,24.0
38968377,19529.0,360841.0,24.0
40247580,19529.0,360841.0,24.0
39073068,19529.0,360841.0,24.0
38917237,19529.0,360841.0,24.0
39031968,19529.0,360841.0,24.0
38799864,19529.0,360841.0,24.0
38927863,19529.0,360841.0,24.0
38732123,19529.0,360841.0,24.0
38868374,19529.0,360841.0,24.0
38845833,19529.0,360841.0,24.0
38859801,19529.0,360841.0,24.0
39688184,19529.0,360841.0,24.0
39197071,19529.0,360841.0,24.0
39045807,19529.0,360841.0,24.0
38934461,19529.0,360841.0,24.0
38946635,19529.0,360841.0,24.0
38992349,19529.0,360841.0,24.0
38807577,19529.0,360841.0,24.0
38896752,19529.0,360841.0,24.0
38826628,19529.0,360841.0,24.0
38901967,19529.0,360841.0,24.0
39861671,19529.0,360841.0,24.0
39024938,19529.0,360841.0,24.0
39371208,19529.0,360841.0,24.0
38838128,19529.0,360841.0,24.0
38905683,19529.0,360841.0,24.0
38866529,19529.0,360841.0,24.0
38876274,19529.0,360841.0,24.0
38837276,19529.0,360841.0,24.0
38805162,19529.0,360841.0,24.0
38775831,19529.0,360841.0,24.0
39739570,19529.0,360841.0,24.0
39189426,19529.0,360841.0,24.0
39065551,19529.0,360841.0,24.0
39033528,19529.0,360841.0,24.0
38896358,19529.0,360841.0,24.0
38959396,19529.0,360841.0,24.0
38989921,19529.0,360841.0,24.0
39000716,19529.0,360841.0,24.0
38890452,19529.0,360841.0,24.0
38919146,19529.0,360841.0,24.0
39635019,19529.0,360841.0,24.0
39029844,19529.0,360841.0,24.0
38927185,19529.0,360841.0,24.0
39287017,19529.0,360841.0,24.0
38772235,19529.0,360841.0,24.0
39295518,19529.0,360841.0,24.0
38799183,19529.0,360841.0,24.0
38772753,19529.0,360841.0,24.0
38832173,19529.0,360841.0,24.0
38713773,19529.0,360841.0,24.0
39984906,19686.0,360841.0,24.0
39421327,19686.0,360841.0,24.0
39203496,19686.0,360841.0,24.0
39222137,19686.0,360841.0,24.0
39330796,19686.0,360841.0,24.0
39196884,19686.0,360841.0,24.0
39146330,19686.0,360841.0,24.0
39219767,19686.0,360841.0,24.0
39193104,19686.0,360841.0,24.0
39074912,19686.0,360841.0,24.0
39864483,19686.0,360841.0,24.0
39167894,19686.0,360841.0,24.0
39348146,19686.0,360841.0,24.0
39162572,19686.0,360841.0,24.0
39647838,19686.0,360841.0,24.0
39202731,19686.0,360841.0,24.0
38961089,19686.0,360841.0,24.0
38918550,19686.0,360841.0,24.0
38947137,19686.0,360841.0,24.0
38969328,19686.0,360841.0,24.0
40030240,19686.0,360841.0,24.0
39376903,19686.0,360841.0,24.0
39303999,19686.0,360841.0,24.0
39079582,19686.0,360841.0,24.0
39109495,19686.0,360841.0,24.0
39013176,19686.0,360841.0,24.0
39090708,19686.0,360841.0,24.0
39024780,19686.0,360841.0,24.0
39026134,19686.0,360841.0,24.0
39186234,19686.0,360841.0,24.0
39827963,19686.0,360841.0,24.0
39209054,19686.0,360841.0,24.0
39072769,19686.0,360841.0,24.0
39017225,19686.0,360841.0,24.0
39011808,19686.0,360841.0,24.0
39380252,19686.0,360841.0,24.0
39012327,19686.0,360841.0,24.0
39591426,19686.0,360841.0,24.0
38991667,19686.0,360841.0,24.0
38997718,19686.0,360841.0,24.0
39984419,19686.0,360841.0,24.0
39283678,19686.0,360841.0,24.0
39223227,19686.0,360841.0,24.0
39185888,19686.0,360841.0,24.0
39067330,19686.0,360841.0,24.0
39205791,19686.0,360841.0,24.0
39149890,19686.0,360841.0,24.0
39067221,19686.0,360841.0,24.0
39131399,19686.0,360841.0,24.0
39188947,19686.0,360841.0,24.0
39886960,19686.0,360841.0,24.0
39221351,19686.0,360841.0,24.0
39031089,19686.0,360841.0,24.0
39133483,19686.0,360841.0,24.0
39027465,19686.0,360841.0,24.0
39057000,19686.0,360841.0,24.0
38924961,19686.0,360841.0,24.0
38866462,19686.0,360841.0,24.0
42215588,19686.0,360841.0,24.0
39348228,19686.0,360841.0,24.0
39944968,19686.0,360841.0,24.0
39385579,19686.0,360841.0,24.0
39340877,19686.0,360841.0,24.0
39220677,19686.0,360841.0,24.0
39172111,19686.0,360841.0,24.0
39116750,19686.0,360841.0,24.0
39186895,19686.0,360841.0,24.0
39054027,19686.0,360841.0,24.0
39086202,19686.0,360841.0,24.0
39119827,19686.0,360841.0,24.0
39846401,19686.0,360841.0,24.0
39284292,19686.0,360841.0,24.0
39096094,19686.0,360841.0,24.0
39128701,19686.0,360841.0,24.0
38983905,19686.0,360841.0,24.0
39061359,19686.0,360841.0,24.0
39208763,19686.0,360841.0,24.0
38993181,19686.0,360841.0,24.0
38893962,19686.0,360841.0,24.0
38936606,19686.0,360841.0,24.0
40475472,19686.0,360841.0,24.0
39411329,19686.0,360841.0,24.0
39247607,19686.0,360841.0,24.0
39326960,19686.0,360841.0,24.0
39143441,19686.0,360841.0,24.0
39122564,19686.0,360841.0,24.0
39174606,19686.0,360841.0,24.0
39114506,19686.0,360841.0,24.0
39146243,19686.0,360841.0,24.0
39117530,19686.0,360841.0,24.0
39761979,19686.0,360841.0,24.0
39102949,19686.0,360841.0,24.0
39053829,19686.0,360841.0,24.0
39023356,19686.0,360841.0,24.0
38979895,19686.0,360841.0,24.0
38912185,19686.0,360841.0,24.0
38994871,19686.0,360841.0,24.0
38847731,19686.0,360841.0,24.0
38965797,19686.0,360841.0,24.0
38949191,19686.0,360841.0,24.0
40254095,19843.0,360841.0,24.0
39158547,19843.0,360841.0,24.0
39106526,19843.0,360841.0,24.0
39063624,19843.0,360841.0,24.0
38879058,19843.0,360841.0,24.0
38974055,19843.0,360841.0,24.0
38840828,19843.0,360841.0,24.0
39094228,19843.0,360841.0,24.0
39053796,19843.0,360841.0,24.0
38917662,19843.0,360841.0,24.0
39400741,19843.0,360841.0,24.0
39085178,19843.0,360841.0,24.0
38956901,19843.0,360841.0,24.0
38900703,19843.0,360841.0,24.0
38724913,19843.0,360841.0,24.0
38767228,19843.0,360841.0,24.0
38676291,19843.0,360841.0,24.0
38688321,19843.0,360841.0,24.0
38626372,19843.0,360841.0,24.0
38730424,19843.0,360841.0,24.0
39913078,19843.0,360841.0,24.0
39214950,19843.0,360841.0,24.0
39854608,19843.0,360841.0,24.0
39055016,19843.0,360841.0,24.0
38986410,19843.0,360841.0,24.0
38995019,19843.0,360841.0,24.0
39000003,19843.0,360841.0,24.0
38966102,19843.0,360841.0,24.0
38808399,19843.0,360841.0,24.0
38919079,19843.0,360841.0,24.0
39822732,19843.0,360841.0,24.0
39027665,19843.0,360841.0,24.0
39004258,19843.0,360841.0,24.0
38806671,19843.0,360841.0,24.0
38908712,19843.0,360841.0,24.0
38966913,19843.0,360841.0,24.0
38668784,19843.0,360841.0,24.0
38734949,19843.0,360841.0,24.0
38949134,19843.0,360841.0,24.0
38752900,19843.0,360841.0,24.0
39749400,19843.0,360841.0,24.0
39156911,19843.0,360841.0,24.0
39143063,19843.0,360841.0,24.0
39112275,19843.0,360841.0,24.0
39007463,19843.0,360841.0,24.0
39436013,19843.0,360841.0,24.0
38926682,19843.0,360841.0,24.0
39131384,19843.0,360841.0,24.0
38955368,19843.0,360841.0,24.0
38902126,19843.0,360841.0,24.0
39861471,19843.0,360841.0,24.0
39068541,19843.0,360841.0,24.0
38881597,19843.0,360841.0,24.0
38894293,19843.0,360841.0,24.0
38825901,19843.0,360841.0,24.0
38717289,19843.0,360841.0,24.0
38717789,19843.0,360841.0,24.0
38746902,19843.0,360841.0,24.0
38741803,19843.0,360841.0,24.0
38797086,19843.0,360841.0,24.0
39831027,19843.0,360841.0,24.0
39303546,19843.0,360841.0,24.0
39026447,19843.0,360841.0,24.0
39144809,19843.0,360841.0,24.0
38946099,19843.0,360841.0,24.0
39012957,19843.0,360841.0,24.0
39186824,19843.0,360841.0,24.0
39422153,19843.0,360841.0,24.0
38924381,19843.0,360841.0,24.0
38883429,19843.0,360841.0,24.0
39818638,19843.0,360841.0,24.0
39204920,19843.0,360841.0,24.0
38996286,19843.0,360841.0,24.0
38948423,19843.0,360841.0,24.0
38857960,19843.0,360841.0,24.0
38872784,19843.0,360841.0,24.0
38866204,19843.0,360841.0,24.0
38792898,19843.0,360841.0,24.0
38743524,19843.0,360841.0,24.0
38875512,19843.0,360841.0,24.0
39851385,19843.0,360841.0,24.0
39165934,19843.0,360841.0,24.0
39038139,19843.0,360841.0,24.0
39005978,19843.0,360841.0,24.0
38972123,19843.0,360841.0,24.0
38968744,19843.0,360841.0,24.0
38888011,19843.0,360841.0,24.0
39202203,19843.0,360841.0,24.0
38979260,19843.0,360841.0,24.0
38966596,19843.0,360841.0,24.0
39641265,19843.0,360841.0,24.0
39087725,19843.0,360841.0,24.0
38777222,19843.0,360841.0,24.0
38914404,19843.0,360841.0,24.0
38826244,19843.0,360841.0,24.0
38966459,19843.0,360841.0,24.0
38752052,19843.0,360841.0,24.0
38746956,19843.0,360841.0,24.0
38798130,19843.0,360841.0,24.0
38822474,19843.0,360841.0,24.0
40081151,20000.0,360841.0,24.0
39497357,20000.0,360841.0,24.0
39451279,20000.0,360841.0,24.0
39458759,20000.0,360841.0,24.0
39407995,20000.0,360841.0,24.0
39370024,20000.0,360841.0,24.0
39384017,20000.0,360841.0,24.0
39305786,20000.0,360841.0,24.0
39675049,20000.0,360841.0,24.0
39346659,20000.0,360841.0,24.0
39879694,20000.0,360841.0,24.0
39343525,20000.0,360841.0,24.0
39090887,20000.0,360841.0,24.0
39144396,20000.0,360841.0,24.0
39051367,20000.0,360841.0,24.0
39099368,20000.0,360841.0,24.0
39053883,20000.0,360841.0,24.0
39089451,20000.0,360841.0,24.0
39147626,20000.0,360841.0,24.0
38920299,20000.0,360841.0,24.0
40235945,20000.0,360841.0,24.0
39454179,20000.0,360841.0,24.0
39354188,20000.0,360841.0,24.0
39312683,20000.0,360841.0,24.0
39232125,20000.0,360841.0,24.0
39319312,20000.0,360841.0,24.0
39213857,20000.0,360841.0,24.0
39236832,20000.0,360841.0,24.0
39170382,20000.0,360841.0,24.0
39245693,20000.0,360841.0,24.0
40331589,20000.0,360841.0,24.0
39902685,20000.0,360841.0,24.0
39196555,20000.0,360841.0,24.0
39105174,20000.0,360841.0,24.0
39194572,20000.0,360841.0,24.0
39122848,20000.0,360841.0,24.0
39155045,20000.0,360841.0,24.0
39142942,20000.0,360841.0,24.0
39052533,20000.0,360841.0,24.0
39064056,20000.0,360841.0,24.0
40079754,20000.0,360841.0,24.0
39493825,20000.0,360841.0,24.0
39422560,20000.0,360841.0,24.0
39446703,20000.0,360841.0,24.0
39386969,20000.0,360841.0,24.0
39342682,20000.0,360841.0,24.0
39472275,20000.0,360841.0,24.0
39351350,20000.0,360841.0,24.0
39386236,20000.0,360841.0,24.0
39397515,20000.0,360841.0,24.0
39851060,20000.0,360841.0,24.0
39525900,20000.0,360841.0,24.0
39294222,20000.0,360841.0,24.0
39785092,20000.0,360841.0,24.0
39107619,20000.0,360841.0,24.0
39043883,20000.0,360841.0,24.0
39096075,20000.0,360841.0,24.0
39024491,20000.0,360841.0,24.0
38981445,20000.0,360841.0,24.0
38955467,20000.0,360841.0,24.0
40124311,20000.0,360841.0,24.0
39615617,20000.0,360841.0,24.0
39376195,20000.0,360841.0,24.0
39384869,20000.0,360841.0,24.0
39387100,20000.0,360841.0,24.0
39225945,20000.0,360841.0,24.0
39262272,20000.0,360841.0,24.0
39215168,20000.0,360841.0,24.0
39237556,20000.0,360841.0,24.0
39273506,20000.0,360841.0,24.0
39889989,20000.0,360841.0,24.0
39338680,20000.0,360841.0,24.0
39268484,20000.0,360841.0,24.0
39179003,20000.0,360841.0,24.0
39610950,20000.0,360841.0,24.0
39651232,20000.0,360841.0,24.0
39167808,20000.0,360841.0,24.0
39128733,20000.0,360841.0,24.0
39129384,20000.0,360841.0,24.0
39101235,20000.0,360841.0,24.0
40108260,20000.0,360841.0,24.0
39538406,20000.0,360841.0,24.0
39526006,20000.0,360841.0,24.0
39404583,20000.0,360841.0,24.0
39443539,20000.0,360841.0,24.0
39353244,20000.0,360841.0,24.0
39392603,20000.0,360841.0,24.0
39329175,20000.0,360841.0,24.0
39328276,20000.0,360841.0,24.0
39305128,20000.0,360841.0,24.0
39787995,20000.0,360841.0,24.0
39329184,20000.0,360841.0,24.0
39333204,20000.0,360841.0,24.0
39075735,20000.0,360841.0,24.0
39153934,20000.0,360841.0,24.0
39060601,20000.0,360841.0,24.0
39072258,20000.0,360841.0,24.0
39987181,20000.0,360841.0,24.0
39070977,20000.0,360841.0,24.0
39101610,20000.0,360841.0,24.0
