n,ndim,batch_size,median,min,max,std,def_median,def_min,def_max,def_std,ratio
141453,7,16716,6996130.5,6728024,8285008,285223.4758872593,7308856.0,7013010,7998933,205082.19153067225,1.0446997808288454
99393,5,898,4198245.5,4188823,4799532,107947.74871402676,4139755.0,4125803,4182568,11544.904364360158,0.9860678704949484
148219,5,15897,5091146.5,5020502,5518818,144590.56077737425,5036034.0,5020971,5049881,7620.379494851653,0.989174835177106
239794,7,13007,10477034.5,10441650,10915176,118922.23154596543,10635273.5,10451975,12046672,404669.7349411973,1.0151034149978222
127009,2,10675,3006870.0,2999542,3029826,7354.778512338461,3006862.5,2998943,3022461,4067.839309756471,0.9999975057119196
133741,7,9082,6329800.5,6305334,6417776,26565.09850999156,6328583.0,6299289,6661002,68320.40885140642,0.9998076558652994
80090,6,15854,3263765.0,3247811,3299270,8497.832874654312,3258358.5,3253267,3271498,4890.111891017083,0.9983434775481692
87720,5,18398,3414289.0,3403798,3433420,7780.928789247036,3412803.5,3401425,5832860,445622.58111204,0.999564916736691
37262,5,13252,2055471.0,2049315,2068221,5031.48635748479,2053266.0,2048000,2096616,8401.454355844191,0.9989272531697114
4196,3,11676,1012147.5,1005336,1023805,4609.89994649197,1014459.0,1007832,1026188,4197.180287473431,1.0022837580490986
98063,5,10002,3693007.0,3681410,3893088,36482.69227729773,3693499.0,3681402,3737237,10329.172768856608,1.000133224767784
37344,4,4335,1731980.5,1719616,1741578,5609.388824303609,1726066.5,1714752,1772452,9596.447359078024,0.9965854119027322
192642,2,2728,4048609.0,4042773,4090762,8391.018947263397,4001689.0,3996703,4007348,2755.576556730007,0.9884108344372105
197736,3,3571,5720640.5,5700742,5833026,22965.60112100027,5697151.0,5680736,5723017,9932.650471830546,0.9958939038382152
115607,6,17768,4225202.0,4205788,4360844,27917.38742241712,4212054.5,4195509,4239736,11064.63785499653,0.9968883144521848
241535,2,6374,4747708.0,4733691,4761871,7289.643492349647,4735646.0,4722741,4762341,7323.212810797064,0.997459405675328
18134,3,5822,1443329.0,1431737,1477441,9618.275382774653,1442724.0,1426580,1483131,11904.141784783236,0.9995808301502984
95570,4,4510,2807595.0,2794366,2816383,5438.177944557043,2795942.0,2781604,2841334,11150.153763015507,0.9958494725913104
222924,7,7735,9833468.5,9786887,10315082,160457.39350550005,9804132.0,9785738,10177110,107493.99926406228,0.997016668126816
101163,4,14715,2904365.5,2875940,2917065,13200.487596255256,2895646.5,2877926,5631786,491147.8168393808,0.9969979673701536
235773,4,9742,5297771.0,5277823,5359302,18384.92254010213,5318082.5,5273924,5525719,42954.17941596474,1.0038339709285282
120716,2,7329,2912334.0,2902094,3397377,87266.16699895784,2904340.0,2876873,2917758,8079.106232264941,0.9972551225237216
92266,5,12256,3535696.5,3513162,3568419,11320.12754251863,3536776.0,3522455,3555815,8770.300024261174,1.0003053146671383
107128,6,14442,3981799.0,3975088,3991729,3753.922502751844,3986425.0,3976514,4043775,11618.88145314437,1.0011617864186515
246458,7,4161,10845973.0,10730548,11231107,153972.8096880745,10744854.5,10700012,11488144,175038.596113873,0.9906768622787462
212261,2,16905,4283025.0,4271630,4379981,21061.7833138602,4290894.0,4277668,4306384,7276.527121047055,1.00183725287618
123484,2,4576,2954282.5,2946963,3151552,35642.07255080247,2946982.5,2932438,2957827,5888.301647617362,0.9975290108511964
220236,6,13532,7027118.0,7010751,7126335,29179.549926770444,7040729.5,7017999,7102450,20104.136440599043,1.0019369960771969
83996,6,11858,3345658.0,3333282,3382793,9801.542309532491,3349497.0,3338163,3384398,9123.694563607442,1.0011474573910424
87734,3,18811,3100390.0,3089443,3334063,43219.91879009286,3105203.5,3092257,3148049,11133.831762096404,1.0015525466151032
178348,2,258,4175009.0,4165171,4667810,88370.18049407592,3777627.0,3765868,3786274,4476.743404777878,0.9048188878155712
91707,2,6224,2462133.5,2452834,2472172,5308.453308534313,2458875.0,2449159,2710161,45489.29138580005,0.9986765542973198
5771,2,6752,1033329.5,992836,1052354,16900.60670130579,1035563.0,993859,1058842,15964.43626258761,1.0021614596312212
167126,6,6857,5610202.0,5592052,7932602,517752.5704279946,5608544.5,5591022,5624772,7719.508289536467,0.9997045560926326
14906,5,8859,1440787.0,1429030,1452073,6588.772487345423,1437602.5,1429118,1454600,6348.532285409668,0.9977897496298898
103554,5,12472,3822680.0,3805543,4152377,65466.57500913474,3820522.0,3802549,3829682,5902.546015256655,0.9994354745885086
27288,6,6206,1792148.0,1776442,1803917,7435.727462057765,1789077.5,1779121,1832802,9943.154659474136,0.9982866928401004
103479,6,12485,3880853.0,3866871,3894682,5821.132641219118,3883725.5,3871049,3891106,4576.586411168141,1.0007401723280938
130940,2,3129,3081684.0,3075992,3125123,8404.242032383936,3053498.0,3045273,3245699,34612.20116440958,0.990853702066792
241164,3,12735,6694110.0,6682047,7139010,80367.68471070944,6707699.5,6683785,9654770,717019.9713876633,1.0020300682241552
240274,6,10857,7583096.5,7562369,8421921,199666.69542370416,7575363.5,7562414,7741805,44885.107114857405,0.9989802318881212
7398,3,10884,1090925.0,1087020,1111046,6515.7909099527,1088619.5,1084558,1105633,4740.418437226824,0.9978866558196028
244660,7,12081,10657555.5,10634219,11220062,150444.9272946527,10647352.5,10628749,11145945,148909.29272071415,0.9990426510094176
242938,7,14222,10589908.5,10555695,11496112,193426.6310434614,10679348.5,10560568,10997721,132526.79824389814,1.008445776467285
243268,7,14056,10630928.0,10563155,11030705,114249.71929975244,10588937.5,10573526,11062160,150560.45803275247,0.9960501566749392
217186,7,13644,9570633.0,9554078,11604948,469061.37196971953,9658721.5,9552499,9877160,83992.20361872218,1.0092040411538088
216268,7,13774,9533308.0,9515866,9842127,96869.32141797469,9607643.0,9515629,9815131,85465.66122862184,1.0077973983427368
212025,7,15443,9390759.0,9368999,9870818,114628.21152850344,9377901.5,9349252,9620317,73530.19571535825,0.998630834845192
237699,6,17552,7508702.0,7487577,7821963,80806.12660524777,7496594.0,7477975,7703357,59764.48146889217,0.9983874709636898
209876,7,12947,9285448.0,9254254,9778361,109417.8989960763,9282299.5,9263140,9477615,58002.54468245337,0.9996609210454896
247990,7,16225,10875241.0,10799331,11640918,213522.99376881067,10929514.5,10778259,11179274,91330.14155527554,1.004990556071355
244767,7,17129,10701770.0,10667209,11186267,130516.1689559701,10760539.5,10642135,11259350,152188.5114862339,1.00549156821722
244488,7,19768,10763852.0,10725148,11247563,131603.15305495364,10780259.5,10636955,11007384,100458.71972703793,1.001524314901394
175478,7,16042,7959978.0,7951037,8453571,89272.03502117682,7939892.5,7915673,7996417,16345.099308355397,0.9974766890059245
221254,6,16278,7062595.5,7036335,7171781,38115.86135778064,7069002.5,7044525,7531497,86477.80776088678,1.0009071735737944
218057,7,18019,9706343.0,9672309,10964842,300459.24293944315,9616376.0,9590783,12419862,729635.8626715384,0.9907311126342846
203620,6,14447,6585261.5,6554217,7084507,100855.94962821977,6586436.0,6557396,6708367,34025.00048389256,1.0001783528262318
240913,6,13228,7634924.5,7564581,7854638,77310.16443973513,7625214.5,7577360,7809079,79983.8264804968,0.9987282127020378
177632,7,13388,8038666.0,8010414,8388370,81543.37703551132,8030564.0,8018256,8112375,22692.910156747686,0.9989921213295838
164822,7,17687,7578095.5,7551065,7663023,28213.568819610344,7531840.0,7515895,7728669,39955.637315360975,0.9938961576823624
187050,7,12022,8397428.0,8370050,8866547,92331.52462755553,8394303.0,8381017,8503222,35173.85893120376,0.99962786224544
224274,7,11588,9934021.0,9824417,10412848,124049.689601206,9900135.0,9836246,10461814,158920.56337627367,0.9965888938628176
234945,6,14709,7401359.0,7387086,7649820,65360.47893311031,7425214.5,7395951,7620048,56841.657992757,1.0032231242937952
232253,7,16024,10205814.0,10170137,10947088,167170.93421957525,10208221.0,10152839,10509137,90833.46864073104,1.0002358459599596
204727,6,12461,6637918.5,6583642,6842856,55194.1323765992,6638499.0,6591032,6744628,39295.89927416798,1.0000874521131888
179423,6,15116,5945670.0,5905407,6031374,34639.71447061242,5933415.5,5903864,5995277,18958.764398439987,0.9979389202562536
84133,7,14795,4363544.0,4348214,4398272,15012.454861214404,4357040.0,4347726,4424719,13655.463715019794,0.9985094684504155
199716,6,16760,6530059.0,6450841,6934271,90197.4400053325,6517393.0,6450104,6584608,37640.92731352699,0.9980603544317134
194855,7,13880,8783587.0,8680162,8899732,57328.69480852402,8747985.5,8692480,9030613,65100.115225055895,0.9959468153500388
196410,7,18685,8849146.0,8822474,9569461,137015.15500491988,8771684.5,8743172,8918936,41302.36704629247,0.991246443442113
174148,7,14862,7915191.0,7861894,8168992,62815.97710268906,7911797.5,7873293,8285897,76114.88348563784,0.9995712674526742
145761,7,16471,6816826.0,6780686,6913267,28234.901588872828,6786243.0,6752390,6845550,18204.189454811403,0.9955136011979768
113166,7,12712,5513273.5,5476272,5538280,16348.21026021571,5506519.5,5476224,5973226,85815.81721001865,0.998774956475495
240047,7,17011,10556902.5,10515289,11115879,154916.03213856064,10490008.5,10433348,14070232,867069.1435727833,0.9936634822572246
250255,7,8525,10953610.0,10837959,11483016,134652.70369285406,10862748.0,10815512,11286893,147191.08820745003,0.9917048352095792
226245,5,13715,7044082.5,7029610,7269760,48338.11765029058,7046488.5,7032028,7541505,89476.65910591184,1.00034156329089
222062,6,11535,7079784.0,7055313,7204270,41431.53352836728,7069798.5,7054085,7176973,38177.0309868818,0.9985895756141712
228376,7,14466,10145915.5,9989728,10690930,156192.78142720158,10025112.5,9993251,10365547,133705.35108906034,0.9880934352350952
196773,7,16001,8775401.0,8761550,9023582,55513.5464001055,8764735.5,8740027,9264919,111273.0839063368,0.9987846139452772
247244,7,15603,10925103.5,10742501,11293515,148629.05523688832,10902359.0,10789433,11160885,87591.97162209306,0.997918143292647
240681,6,15794,7624064.5,7550370,7944967,94492.66990419592,7620837.5,7548300,7783752,52035.98038367298,0.999576734955482
239090,6,14589,7584749.5,7492777,7704878,53587.362235014574,7610132.5,7502392,8109159,113674.9573620427,1.0033465838258733
221241,6,17734,7059641.0,7030750,7269799,60334.33433733141,7037195.0,7018862,7147608,31817.40397217989,0.9968205182104868
248681,5,14540,7639745.5,7612658,7850818,51568.95662281287,7640117.5,7620143,8106652,86333.7318990092,1.0000486927215049
213311,7,13932,9488974.0,9388508,9682013,76262.85967089239,9486133.0,9398971,9614060,59205.90391432447,0.9997005998751816
221168,7,16488,9852426.0,9729487,10227903,110594.6489265894,9751992.0,9701486,10031149,82414.45276678652,0.9898061655068509
238482,7,10746,10547801.0,10449506,10782560,85597.60482916563,10578873.0,10479600,10999735,108640.56888734316,1.0029458272866545
244090,6,11856,7724278.5,7628537,7881017,63048.70692564246,7765155.5,7629100,8020226,84130.60277042804,1.005292015299552
244348,4,9432,5475574.0,5419143,5927047,94115.82865077596,5464309.0,5447559,5495413,11770.996866545423,0.997942681443078
234354,5,11062,7302236.5,7239670,7399925,33685.75978989078,7308319.0,7228542,7379364,38161.91525976302,1.000832963983021
206731,7,10727,9143824.5,9114059,12478143,698752.4944013645,9145633.0,9129864,9298261,51265.07658851849,1.000197783761051
234497,7,12792,10325327.0,10187977,10557934,101222.39025742609,10216215.0,10203124,10707789,138355.60651179103,0.9894325864933866
248853,4,14965,5524598.0,5506665,5619447,25296.363367005066,5552285.0,5526936,5579769,11967.5364001489,1.005011586363388
232283,4,12878,5207354.0,5180448,5288251,23876.48381774186,5207694.5,5180031,5699052,89810.97525306507,1.0000653882950918
225058,4,10475,5082189.0,5063596,5139882,17567.74403340774,5063955.0,5053073,5076968,5658.060709779948,0.9964121759344252
235114,4,7247,5274024.5,5243449,5337758,22760.90293388106,5299268.0,5276218,5339781,12228.986991797628,1.0047863827708805
229406,7,19178,10147922.5,10124301,10667010,143468.35608782634,10176248.0,10008994,10332262,101521.9179036724,1.0027912609699177
220328,4,4504,5004653.0,4987773,5233426,48225.08411030048,4987016.5,4973133,5488541,90300.9774883971,0.9964759794535204
250496,6,12607,7943547.0,7848794,8134064,69932.13397878449,7807433.5,7795658,8104603,79421.93459201865,0.9828648965002662
233678,4,5881,5258708.0,5234225,5323348,19392.529892260634,5278771.0,5243276,5313024,16050.096471845754,1.0038151956716364
250226,7,13073,11003754.5,10905003,11360337,112105.6540042869,10893745.5,10814461,11248953,125536.30375645217,0.9900025941145816
245383,4,13236,5448431.0,5417464,5918983,86147.10858951294,5452536.0,5431005,5487579,13462.726750757276,1.000753427913467
214696,4,8130,4885091.0,4868036,4936470,15466.125351734208,4869581.5,4854191,4918039,22870.34230526513,0.99682513590842
232610,4,14728,5225882.5,5195731,5256663,15941.501691462096,5201514.0,5184851,5729294,95722.3704128188,0.9953369598340568
245647,5,12898,7560109.0,7539242,7719212,49050.13516012639,7558903.5,7536498,7634291,24672.34935507539,0.9998405446270682
240019,4,11913,5359505.0,5327739,5453141,26204.5070576291,5367781.5,5348682,5822728,82422.54153338961,1.0015442657484226
248275,6,17051,7845264.0,7754432,8146075,99780.92192128825,7792685.5,7743314,7984740,76018.12835531769,0.993298058548444
244865,4,16606,5417366.0,5404841,5647691,56469.08773345722,5450783.0,5399964,6000152,101845.42739206424,1.0061684959074206
230507,4,16282,5177604.0,5156968,5297133,32087.583118794653,5209518.0,5179969,5233805,12085.81692434934,1.0061638549413976
248293,4,15982,5498375.0,5483932,5555959,17331.463576077145,5518824.0,5467278,5559441,23468.055797047477,1.0037190988246527
219008,4,18264,4950865.5,4940385,5434278,87106.70454926086,4982849.5,4931947,7274527,478695.1867599175,1.0064602845704451
220429,4,17458,4982627.5,4972318,5058803,15193.103149638508,4971043.5,4956522,5029415,27015.560024404866,0.997675122212126
238725,4,17801,5314037.5,5297557,5526722,44531.17878770134,5316764.0,5295417,5829100,93218.0868027528,1.000513075039459
236367,4,15752,5269129.0,5254900,5330169,16245.026301267992,5288472.0,5272990,5317574,11260.709599705024,1.0036710052078817
202632,4,17848,4678094.5,4666700,4701023,7489.482637598467,4678350.5,4664505,4873100,49807.73628459293,1.0000547231356698
248032,4,17057,5475802.0,5460282,5915950,82103.10208211785,5480002.0,5464544,5554052,22167.11108135955,1.0007670109328275
223649,4,15546,5038968.0,5027957,5097293,14455.14161335759,5066059.5,5055460,5095098,9312.90585686814,1.0053763985006454
239220,3,14610,6617135.0,6597696,6698331,20474.48492878121,6624790.0,6607942,6951546,60144.65987212276,1.0011568450696562
228593,4,16915,5129671.5,5118643,5193556,14243.167593270817,5119196.5,5101348,5148607,9730.292230909045,0.9979579589063354
225235,4,13957,5078441.5,5050782,5108513,13618.242148921672,5062316.5,5048386,5268068,40168.62729792991,0.9968248132817912
248075,3,15096,6820974.0,6805684,7273000,81856.37061192407,6835620.0,6813428,6878201,13889.250617973918,1.0021472006783785
222277,7,15388,9975731.5,9756183,10678921,180386.1675718205,9886186.0,9728157,10245249,111844.4005493346,0.9910236657833064
205433,4,16831,4734465.0,4714244,4778466,10551.2358547339,4713837.0,4693227,4727094,8674.614696854776,0.9956430135189508
212221,4,15377,4854980.0,4843876,4909607,13454.57651738702,4877760.5,4825735,4933285,23330.833692419423,1.0046921923468273
242622,5,15385,7480908.5,7446048,7973776,97428.5459191105,7488106.5,7458608,7570351,33813.29196409141,1.0009621826012174
141032,7,14717,6579788.5,6564653,6677813,31248.173248723226,6572388.5,6557180,6771485,37029.799701261625,0.9988753437895458
236063,7,15145,10459583.0,10399490,10780599,80602.91908788968,10298601.5,10274951,10648015,104160.0854530286,0.9846091856625642
229640,4,19008,5161943.0,5148065,5244498,21881.068399163894,5147897.0,5125119,5660114,93861.53785834396,0.9972789315961064
221382,4,15756,5029213.0,5002574,5075545,17501.115179578956,5051357.5,5017340,5067135,14517.108568283607,1.004403174015497
224495,5,16251,7045053.0,6987524,7242758,47278.3776324395,7031770.5,6993739,7088537,31084.002479035204,0.998114634481813
231148,7,13591,10241013.0,10160539,10432685,72926.51996971562,10084099.5,10059083,10509911,116314.9947024888,0.9846779317631956
221628,7,13490,9740991.5,9697241,9998519,82800.7954939578,9760777.0,9698505,11296840,572392.59486209,1.0020311587377937
248061,7,16313,10788519.5,10748840,11317235,128673.12964730524,10769363.5,10726174,11076313,105332.10365788556,0.998224408826438
216503,7,14762,9527262.5,9505263,9743209,58145.99484282836,9516285.5,9492154,10152366,124007.4156018502,0.9988478327326448
240691,4,18807,5367708.5,5343802,5416098,18104.42259538321,5347108.5,5330906,5414114,15886.613312121905,0.99616223571008
249108,7,11253,11014603.5,10780634,11171257,115392.8748521714,10860429.5,10795609,11378565,126744.15140370604,0.9860027644208892
224847,7,12373,9840569.5,9814944,10087695,75404.24891144324,9847691.5,9817872,10323683,101542.36468610309,1.000723738600698
199323,4,19298,4621459.0,4604467,4668492,13999.54363160933,4621557.0,4608269,4653827,9215.50954641142,1.0000212054245208
237602,5,16663,7342362.5,7326356,7460206,30398.77599918932,7340377.5,7325532,7801324,89458.13560123467,0.9997296510489642
237509,4,7600,5286831.5,5271784,5397611,26872.39607197112,5271782.0,5247601,5333995,26588.97968300652,0.9971533989687396
250293,7,17903,10943236.5,10894865,11492500,146796.12475668045,10873615.5,10833598,11181396,97324.29628600228,0.9936379881765326
231234,4,8612,5196932.0,5175432,5251537,16002.732436854514,5210125.0,5186955,5242065,15137.417052126166,1.0025386131663836
229640,7,17096,10110486.0,10059274,10556071,119215.19430061478,10015577.0,10000647,10250672,72273.7459017911,0.9906128152494352
215697,4,14813,4906207.5,4885452,5015328,23027.98530040254,4893911.0,4877935,4952322,19746.32887669672,0.997493685295618
205610,4,15592,4741355.5,4710436,4765262,12816.39277561705,4806655.0,4695670,4816998,47383.87515877339,1.013772327343942
238831,4,16653,5328803.5,5304296,5411420,21909.9477040808,5318086.0,5303625,5358108,11633.57636613379,0.9979887605163148
215768,4,18786,4918555.0,4902149,4979469,18215.63549350453,4904933.0,4884775,4948565,10821.21867115201,0.997230487409412
246571,5,17242,7625604.0,7579318,7830917,63528.512196091055,7603137.0,7573256,7771157,52166.25926870739,0.9970537415790276
231889,7,18131,10263682.0,10192785,10628199,117498.19804819704,10145153.0,10089056,10965031,182759.1471997108,0.9884516102505904
228153,4,18074,5129010.0,5119502,5224324,21115.78067020545,5157839.0,5135228,6665993,322087.3794184998,1.005620772819706
227357,6,15313,7246611.0,7194230,7745162,111407.3590786982,7242551.5,7178839,7343886,42289.50797723552,0.999439807104314
213102,5,17674,6706530.0,6682167,6841325,34955.86509166476,6699137.0,6688977,6758120,15331.528807728931,0.9988976415523378
174292,4,15795,4191238.0,4169531,4241320,17067.923410108604,4177319.5,4157382,4662757,88008.59521228595,0.996679143489346
121551,7,16951,5840181.0,5825769,5876710,10310.391327631016,5810950.5,5796783,5826842,7280.695867535983,0.9949949325200708
164553,4,14915,4013865.0,4000566,4081555,15822.487104820855,3999898.0,3983833,4195810,36079.770994977225,0.9965203114703658
248411,3,16674,6832305.0,6816523,7303111,85591.73841545041,6839647.5,6823763,6873406,11331.462534269598,1.0010746739204412
187935,4,16416,4410177.0,4394124,4431339,7857.465445252262,4430233.5,4394947,4487499,17800.329432063892,1.0045477766538622
238048,3,17994,6584328.5,6571784,7031869,81091.1043381592,6600390.0,6586119,6626645,9764.538806256489,1.0024393527753055
231201,3,16781,6433435.0,6420506,6470405,11198.526162997225,6440314.0,6425457,6513835,18384.45965860539,1.001069257713803
235637,3,15882,6534625.0,6516295,6723493,36908.33133964019,6542991.0,6523992,7014613,85073.89107214713,1.001280257092029
240984,4,19732,5380471.5,5363320,5509696,27683.70415021564,5370192.5,5350305,5418344,19563.078335050785,0.9980895726331792
232416,6,18454,7439352.0,7363826,7709463,78410.8782193446,7379047.5,7321129,7823020,92587.8577985736,0.9918938504321344
219113,4,16526,4968178.0,4955872,5122626,38878.67957921582,4983266.5,4954245,4995086,11507.06858123881,1.003037028866518
249934,4,14667,5514637.5,5497625,5631671,32384.420017862496,5496011.0,5479918,5991910,89610.58408370818,0.9966223527838411
240565,3,18982,6648600.0,6631502,6721322,23099.581950738608,6659570.0,6643323,6757704,22768.164263798983,1.001649971422555
93747,7,17989,4758544.5,4740251,4778709,8703.27277324775,4722554.5,4702944,4910262,34399.74439389856,0.9924367629639692
215917,3,17717,6071187.0,6063364,6109328,11054.990183421944,6085389.5,6076176,6121251,11818.8076977145,1.0023393283718651
215913,6,14286,6969041.0,6883246,7195440,61746.22133036879,6948961.5,6881177,7193602,59766.29366105019,0.9971187570858028
212296,4,13903,4864505.5,4852469,5374695,93243.36423350577,4878422.0,4857723,4893715,8417.210023649297,1.0028608252164584
208869,4,15851,4802251.0,4781183,4815433,7848.197280904706,4859406.5,4767573,4875469,41822.382018351,1.0119018143782987
224709,3,15603,6274175.5,6262933,6335069,19409.40153032945,6283284.0,6275503,6725381,79502.10587877531,1.0014517445359952
242146,3,11450,6687892.0,6674480,6741436,15407.36701566999,6691338.5,6674852,6718753,10491.64533564154,1.0005153342787234
239852,4,13841,5357836.5,5342591,5604300,49810.888951401874,5424328.0,5373814,6914282,328284.8786018969,1.012410139801765
215348,5,15113,6757416.5,6737639,6885141,29270.835336825552,6762338.5,6741822,6794918,12175.79732570589,1.0007283848790436
208701,5,16004,6580728.0,6564994,6751917,39419.73202351274,6588871.5,6565145,7065052,86284.6309874025,1.0012374770694064
229283,4,17923,5137416.5,5116414,5188734,18497.70183470248,5143483.0,5133524,5189525,12824.820617545582,1.0011808464429544
237102,4,13850,5297781.0,5282663,5338646,15867.070924682,5293488.0,5268497,5555287,51028.66986866848,0.999189660727765
200876,7,13315,9105597.5,8916172,9608696,140786.8510275216,9028372.5,8916210,9113414,61652.45123472384,0.9915189530396
71711,7,15677,3871102.0,3861895,3966802,20036.4130101229,3859557.5,3851390,4071534,38426.95245816695,0.9970177742668626
220224,3,14349,6173235.0,6161375,6623586,86131.14471368001,6184952.5,6177065,6219155,11254.571628602012,1.0018981133878753
191003,7,17415,8609614.0,8576125,8961334,78137.14790464407,8558712.0,8519420,8650111,35629.35726485487,0.9940877721115025
202665,4,14277,4690295.0,4673874,4802901,36709.51874712546,4665492.0,4648617,4708946,10678.372116052564,0.9947118464830036
102507,7,17120,5093398.0,5081130,5110049,7908.592869994847,5070820.5,5062287,5083910,4862.4570433978015,0.9955673010434292
249692,4,12374,5526776.5,5508374,5665946,29355.37135647694,5528482.5,5492494,5567159,19066.95598311965,1.000308679028363
226336,5,11984,7047683.0,7020857,7166580,30819.01981188817,7045886.5,7027356,7141952,23344.395128310065,0.9997450935293202
225949,5,17795,7038270.0,7021493,7492539,90990.56589815598,7034184.0,7022737,7097150,19631.75068935241,0.999419459611524
203635,4,16116,4691442.5,4674480,4813958,29997.59105404225,4686528.0,4673459,4698453,6114.099685608304,0.9989524543890286
224790,2,18139,4435398.5,4419429,4485155,12113.94818293726,4449927.0,4439632,4475233,6851.6389228336375,1.0032755794096069
27604,7,17936,2119149.0,2107929,2129231,5964.20924031193,2111985.0,2105154,2123744,5172.957348450584,0.9966193976921868
225249,4,15019,5080157.5,5067626,5180734,22287.60672152426,5099450.0,5064363,5121730,17599.467433388116,1.0037976184793482
234642,6,16655,7444329.5,7393272,7763151,87390.19830635088,7453134.5,7388992,8021841,112094.92096175552,1.0011827794564978
250714,6,18011,7904734.5,7830800,8154588,91078.72926494236,7855062.5,7800595,8116341,113134.3240540789,0.993716170985882
245995,4,3472,5491831.5,5464207,5984634,90220.13546569795,5532695.0,5460038,5579141,33759.35762000745,1.0074407781811952
207622,4,15239,4762289.5,4742788,4983060,48856.4267691115,4759027.0,4736796,4774144,9130.59213395641,0.9993149303502024
235445,4,4317,5287971.5,5267815,5490038,47226.35013120912,5247283.5,5227552,5707325,83801.06431464141,0.9923055561097484
246582,4,6426,5464762.0,5444742,8441513,533666.7472027682,5468440.5,5457306,5506337,11596.538523005716,1.0006731308701091
250191,4,13855,5516408.5,5497542,5618075,24675.860239626003,5503076.5,5486776,5789619,66620.37447744914,0.9975832101629168
75888,7,17145,4044466.5,4026223,4392221,63714.67187690935,4025463.5,4014171,4049732,8388.257415710501,0.9953014816663706
117650,4,16538,3163521.5,3153231,3199567,8575.891971490004,3172205.5,3151625,3197901,7574.263083774039,1.0027450421942763
239206,4,2358,5371463.5,5352547,5531427,32331.549464261687,5348812.5,5329329,5406333,13941.999541314008,0.995783085931795
156027,10,8036,7360502.0,7149354,10601882,602375.0504548918,7798811.5,7768811,8428013,127187.85772250433,1.059548859575067
79657,8,19354,3578985.5,3548393,3789448,74261.02003940784,3343385.0,3183056,3385355,58079.121634858304,0.9341711498970867
214231,8,18678,6686312.0,6592684,7395448,171260.0130547311,6438764.0,6404919,6923357,99885.099630303,0.9629768996720464
56254,11,16063,4077434.5,4067567,4846476,138054.11782463748,3958871.5,3952562,3992459,7909.116359970661,0.970922157057336
4463,9,16026,1178976.0,1170130,1195796,7068.437133640096,1179001.5,1170810,1195482,5514.31530795579,1.0000216289390116
65500,8,10942,2699567.0,2652365,2721708,22282.058841737824,2699890.0,2656582,2717670,20188.639524467442,1.0001196488177548
105561,13,456,6889342.0,6868714,7007317,39333.08944259132,7085416.5,7033560,7597915,98031.68750111705,1.0284605554492723
203959,9,9977,8543913.0,8421460,10850944,436390.9323101121,8440323.0,8396980,8789229,116368.35805914864,0.9878755787892504
180426,11,4903,10396669.5,10306559,11075445,149357.90054213925,10351461.5,10276045,10800511,126459.99561980065,0.9956516844168222
128441,9,2506,5715683.5,5676416,6812426,219934.48700021763,5704862.0,5668257,5770894,20455.586515967276,0.9981067006246934
78205,9,11243,3894474.5,3872491,4262157,72483.04659018932,3893030.0,3865690,3902577,8525.93584573304,0.999629089881061
95237,7,8490,4778391.0,4767175,4792379,5737.133656762369,4775464.5,4763775,4808230,8445.055412225285,0.9993875553507446
17181,9,5246,1666990.0,1649665,1694161,9642.340949110278,1664553.0,1652227,1676009,7109.084012648106,0.9985380836117793
28444,8,16454,1761841.0,1747699,1773915,6617.005722295311,1747870.5,1733350,1781038,8296.402999426251,0.9920705103354956
22707,12,19829,2051928.5,2020520,2254734,41217.520356113935,1992032.0,1955732,3583235,416807.93454854796,0.9708096554046596
247663,8,11052,7384303.0,7224496,8746709,287096.811580308,7390933.0,7302248,7661570,92762.40682614314,1.0008978504809458
38827,13,14953,3337488.0,3328482,3372429,9348.734546807213,3272309.0,3247701,3291798,8680.246627640638,0.9804706413925683
67672,7,16500,3709029.5,3694373,3752017,10468.566236383833,3692352.0,3681955,3723943,7844.549006298719,0.995503540751024
115949,8,19889,4115253.0,4068336,4190113,26841.317816319428,3961819.5,3883552,3986228,32895.953503415716,0.962715901063677
223114,9,6995,9187008.5,9061259,10376203,455267.93982742366,9150571.0,9094900,9712881,185670.93106241003,0.996033801427309
76536,12,16039,4468802.5,4321249,4840691,103774.0555481796,4257424.0,4156656,4288416,46509.49387245815,0.9526990731857137
248318,9,2717,10389615.0,10085459,14984488,867177.0634270855,10135285.0,9980877,10825784,289794.8047326763,0.9755207483626679
248587,8,14327,7299168.0,7205154,7966488,191684.12587947623,7308578.5,7237468,7651589,123508.11239270883,1.0012892565289633
138468,11,3722,8167691.5,8142591,8479373,64507.652254459106,8189926.5,8156431,8681019,93554.9806614568,1.0027223114389177
75431,11,9447,4952954.0,4939308,5287189,63093.665957888006,4942935.0,4925445,4960259,10081.081170026688,0.9979771667574543
241692,7,18840,10566017.5,10542337,10989876,118367.05474523822,10476047.0,10457121,10942219,117549.66945274666,0.9914849185135269
184428,12,6031,8863131.5,8462951,9236725,246745.96716737954,8866972.0,8456233,9286747,237545.0254212311,1.0004333118604862
5018,9,18915,1194282.5,1186931,1239077,10034.540602007315,1197906.5,1189250,1638462,82696.43649178602,1.0030344579276678
12984,12,14338,1606704.5,1577661,1626247,13710.353238175725,1591406.5,1558078,1619995,15764.42447767194,0.990478647442638
184384,9,17852,8012497.5,7990712,8329424,80098.50278515408,7749627.0,7690478,7966412,62973.655800183624,0.9671924390616035
62599,9,8442,3321627.0,3291249,3451291,32739.874551514225,3313820.5,3290783,3351478,15487.814669065914,0.9976497963196952
26717,12,403,2108533.5,2103360,2122349,3931.5622487194014,2177027.5,2139447,2188823,16371.1684852772,1.0324841886552905
37234,9,5213,2398243.0,2386244,2431705,9039.178233851424,2401095.0,2384283,2416853,7116.980630779382,1.0011892039297101
112476,10,316,5371867.5,5351681,5662135,73298.26986904642,5282198.5,5255105,5323256,16092.815843516428,0.9833076672125662
57988,10,9242,3231416.5,3211167,3426854,39103.46780588079,3221938.0,3199743,3277939,18139.147921339147,0.9970667662308464
66752,8,5088,2709597.5,2682914,3212582,91812.42551736787,2711999.5,2688539,2732787,10991.390184240674,1.0008864785267924
153137,13,8470,9858999.5,9759301,10498804,193590.64099594852,9888881.5,9746240,11655194,426745.3757447682,1.00303093635414
31041,8,13163,1839500.0,1813684,1960754,25324.468830143087,1829472.0,1798465,1845029,12489.821852701592,0.99454851861919
229763,7,5063,10104600.0,10029089,10723374,172523.29997140483,10036847.5,10015762,10281740,70665.7263527062,0.9932948854976941
237844,7,12151,10399783.5,10319947,10817864,117776.10866219855,10511231.5,10325304,13878364,758903.8161991691,1.0107163769322698
32300,13,3268,2875998.0,2845427,2967113,22017.94132055846,2887794.0,2872774,2929723,17010.69744000979,1.0041015327548906
55237,13,232,4138696.5,4120698,4421752,66916.09551058864,4197785.0,4176821,4384016,38785.65587701206,1.0142770797520426
83916,13,1204,5869513.5,5834696,6412183,130044.17252730789,5862211.0,5829838,5901548,18073.636406071935,0.9987558594081094
33609,12,216,2411985.5,2396799,2425503,7139.871019999046,2457857.5,2425929,2469468,12622.410514856327,1.0190183564536355
20598,13,1174,2239899.0,2230383,2256379,6000.871498651953,2241538.0,2232214,2253520,4813.4711614615735,1.0007317294217284
40605,11,1332,3141026.0,3128267,3343006,37379.70131955161,3135423.0,3120046,3184969,20267.932427030308,0.9982161879589663
41284,12,5246,2778491.0,2719428,3066024,61217.51654337906,2771640.0,2739051,2814277,16374.34203651826,0.9975342731000388
7420,12,1228,1344201.5,1327514,1364413,10034.005356287187,1342760.0,1331013,1360544,8466.766063786627,0.9989276161349322
70538,12,3140,4010507.5,3891393,4054642,55541.98830943627,4018138.5,3922149,4042985,44877.215258921264,1.0019027517091041
53156,13,159,4031465.0,4022080,4062554,13809.135456243772,4077087.5,4053500,4177343,27654.228652112743,1.011316605750019
57988,12,1260,3471970.5,3395289,3500729,36098.37166533816,3479517.5,3415833,3503867,30954.380570069025,1.0021736935840901
149037,13,552,9547765.5,9453572,10296964,249910.92178113965,9618443.0,9513753,10125405,176216.24633161823,1.0074025173743533
13550,11,3543,1752255.0,1735765,5336128,656389.8494521547,1755450.5,1737787,1771278,6340.45333123394,1.0018236500965898
113211,13,4023,7516534.5,7456212,7931020,172800.24214082828,7527576.5,7482042,7781960,62300.62855524725,1.0014690280474332
20441,11,492,2092409.0,2084541,2258152,31142.43312559605,2116104.0,2104798,2126390,5662.176768699473,1.0113242678654126
57852,11,5160,4028277.5,4004971,4112858,25916.449552788323,4019556.5,3990545,4066404,22875.679302020493,0.9978350548094067
51700,13,2680,3992660.5,3968762,4021808,15550.400924056232,3992357.0,3966342,4062367,25633.687440466998,0.9999239855229364
18496,11,162,2022517.0,2019380,2048957,5926.534270737176,2020304.5,2013228,2032476,4802.890114180095,0.9989060660553162
28025,12,1307,2224778.0,2184917,2243267,17226.982108212298,2227889.5,2195857,2243387,14883.786294563028,1.0013985665086584
136056,13,2979,8826775.0,8740405,9307478,174365.27857922288,8844087.0,8767318,9331321,129737.92853687776,1.001961305233225
89679,11,2110,5702004.0,5667396,5880344,67705.75262971054,5692116.0,5668791,5727385,14558.157985435137,0.9982658728404961
2143,13,477,1070820.5,1064678,1097590,6510.985119182982,1070692.5,1063698,1080891,3897.854999298403,0.9998804654935164
83179,12,1774,4546293.5,4409862,5019145,123602.49336258913,4554036.0,4425869,4593090,57049.33091126778,1.0017030356707062
7286,11,2219,1414717.5,1399546,1428188,7260.241745286447,1408507.0,1399531,1430386,7600.280876388714,0.9956100776303396
65509,13,317,4854925.0,4825466,4882140,14561.64082714887,4780686.5,4758865,4824111,17270.063297188255,0.9847086206275071
58703,13,1481,4397952.0,4374108,4430018,14036.543124960965,4392727.5,4366369,4483989,31300.19941443398,0.9988120607046189
46047,13,263,3672130.0,3654174,4112399,80419.84243818326,3674459.0,3650282,3716809,20466.365822544616,1.0006342368053418
114422,12,2500,5843835.0,5641489,6126801,99770.75983638136,5856494.0,5669097,5902776,84898.53389952554,1.0021662144807306
98957,13,2717,6710028.0,6675446,6944643,49645.11445012042,6710840.5,6664623,7159687,83659.84131563164,1.000121087423182
149884,12,1740,7133011.5,7053198,7539940,162205.2659815848,7118631.0,7069196,7442946,132079.07103309577,0.9979839510983545
87182,12,3929,4730893.5,4570759,4939578,97921.893023618,4721424.5,4582141,5220753,114690.63620463239,0.9979984753408632
7451,12,3166,1348336.0,1333286,1362200,8599.890683801354,1342960.0,1325990,1358809,9125.961584707418,0.9960128632625695
36651,13,1415,3129776.0,3114335,3160128,13250.641001853459,3164187.5,3120583,6067213,671745.3445435083,1.010994876310637
43740,12,2976,2876945.5,2815386,2956738,31149.202646277943,2871069.5,2836521,4967751,513840.1794140362,0.9979575560260004
75010,12,249,4221812.0,4094056,4602115,101182.9684681776,4209527.0,4094317,4271187,57256.659067007706,0.9970901120182519
81199,13,3977,5686751.0,5655850,6201204,102604.14319157228,5699466.0,5681118,5720743,11615.510772765107,1.0022358988462832
18560,12,233,1822531.5,1791191,1841159,14485.276567144538,1849025.0,1796122,1858838,21954.311361856315,1.014536648612109
35026,11,140,2904155.5,2892054,2934009,10235.640733350416,2855618.0,2840522,2888491,15194.062190393837,0.9832868797831246
56163,10,987,3156147.5,3137571,3348027,36702.23409774336,3146997.5,3133169,3193673,17404.28099319245,0.9971008959498883
99066,13,1072,6732061.5,6693230,7546436,165750.7599390791,6716587.5,6684574,6768545,21317.254669607173,0.9977014470233226
31173,12,2492,2345355.5,2307316,2387213,19871.035204845826,2357357.0,2322861,2368838,15746.637473723998,1.0051171346945058
9039,12,144,1416956.5,1409345,1431592,6518.440097651175,1418563.5,1397560,1438990,10648.894332850816,1.0011341209133802
16546,13,2212,1993582.0,1987896,2005581,4977.870190374817,2006166.5,1997363,2015221,5036.507797626799,1.0063125068344316
54497,11,3228,3845219.5,3830970,4379823,96256.40780771717,3844641.5,3826931,3901473,25520.770601588207,0.9998496834836087
78725,13,2366,5542041.0,5519289,5635290,24522.038306705977,5555812.0,5537356,5595483,16998.210556670045,1.0024848246341014
36129,12,199,2517361.5,2502157,2534841,10567.09668152358,2552189.0,2523204,2765526,42504.3024102528,1.0138349220006742
1897,12,2189,1029259.0,1020846,1060914,7358.2936162763535,1027386.0,1019336,1039300,4618.511001634859,0.9981802442339586
22106,11,1331,2195308.0,2190371,2234087,7889.035050132698,2200322.5,2189368,2686649,87456.10254357453,1.0022841897355632
20543,12,4799,1914342.0,1869641,1928139,18222.38293040244,1924274.5,1874623,1936272,19389.308591219946,1.0051884668465718
46557,11,2471,3448055.0,3415205,3835633,71732.46363766471,3437505.0,3419295,3493569,22383.844940690797,0.9969403040264729
38157,12,170,2614090.0,2604988,2639331,10936.973806314067,2641605.0,2608424,2800286,32682.931650106842,1.0105256513739007
22044,13,4530,2313349.0,2303544,2322008,5286.595130348287,2314576.5,2307416,2525927,38287.74711029917,1.0005306160030327
54862,12,3849,3342757.5,3264656,3803915,93055.11467250052,3340369.5,3280708,3361045,28985.48677865451,0.9992856197316138
27452,13,352,2648952.5,2633530,2668558,9405.200972806955,2619510.5,2604474,2638919,8833.759990262106,0.9888854179151948
102035,13,184,6740062.0,6718035,6988614,63837.90591121304,6878903.0,6845072,6979724,28575.695642140054,1.020599365406431
93925,13,220,6303197.0,6277276,6644477,68977.5873266817,6423919.0,6383842,6480294,22352.78569415653,1.0191525030869255
20529,12,1974,1917386.0,1879020,1942013,18451.662809863206,1921044.0,1872757,1934938,19253.226889162128,1.0019078057313446
22529,11,2551,2213682.5,2206508,2233394,6005.677189681998,2217762.0,2205667,2233733,5364.911571084425,1.0018428568685889
69900,12,1734,3866289.5,3841665,4061196,37489.509640031305,3880777.5,3849124,3907607,15382.09537976612,1.003747262071296
20446,12,3320,1912785.5,1866742,2381510,87406.68735946671,1915207.5,1868243,1926095,19016.211436093738,1.0012662162066788
118464,12,1035,5870021.5,5825034,6121669,64509.49210813002,5850246.5,5823636,5918117,26327.155320040856,0.9966311878074041
41505,12,1374,2767459.0,2727399,2809777,18852.486891182878,2783131.5,2745050,2817296,18001.84186378963,1.0056631371955285
7600,11,767,1440806.0,1426620,1633507,35502.02445301144,1423601.5,1414749,1439347,6680.845033792922,0.9880591141347274
79807,13,157,5571581.0,5553919,5739997,48172.554276164345,5617578.5,5593866,5652206,15567.182873703685,1.008255735670001
47299,12,684,3056255.5,2993517,3079958,30536.633767038275,3007635.0,2977779,3032212,17569.71672082393,0.9840914805715687
25453,12,309,2157450.5,2107782,2166757,23397.163052719778,2127639.0,2085811,2139307,18462.26644880489,0.9861820699941899
9982,13,1514,1621961.0,1604505,1689026,14368.265969915166,1618195.5,1602695,1629763,7729.908957419874,0.9976784275330911
105049,13,1948,7061440.5,7027346,7533739,94133.98357126694,7058440.0,7026793,7120600,22178.690301703766,0.999575086697962
73864,13,1257,5263142.0,5242690,5304504,17071.35161725632,5277428.0,5252424,5332498,14680.1984355344,1.0027143481973315
69288,13,3033,5003144.5,4980516,5034673,13972.731490259479,5020984.0,4993340,5043538,13123.751703643622,1.003565657557962
95067,13,233,6410793.0,6386965,6483947,24546.783695085865,6493750.0,6446982,8760547,561566.7280709053,1.0129402088010018
23740,10,1241,1931448.5,1917301,1969301,9215.160312164346,1923182.0,1903027,1969328,10503.872182782035,0.9957200515571604
125239,13,1512,8199870.5,8150046,8738965,175960.37807058534,8178144.5,8130454,8347690,52440.94975134731,0.9973504459613112
49120,13,911,3821054.5,3801247,3910298,19694.252743179222,3823900.0,3794298,3849413,15019.779578350084,1.0007446897185057
48991,11,877,3564157.5,3550293,3771760,46294.93995422778,3552745.0,3531211,4016280,83908.6015406777,0.9967979810095373
97226,12,1626,5129775.0,4943367,5332893,108517.76436553296,5125780.5,4942708,5163367,85836.22040001529,0.999221310876208
31250,10,3879,2209100.5,2192311,2221533,7966.966310682853,2204596.0,2191267,2217425,7098.743403980423,0.9979609347786577
102866,13,138,6881886.0,6849142,7119891,54204.27354488655,6907790.5,6867923,7345177,82366.13928499717,1.003764157092983
13686,13,615,1809876.5,1793275,1835030,8292.90434340641,1808386.5,1791941,1820908,7334.245549399672,0.9991767394073574
18399,12,1119,1810083.5,1779662,1828527,12181.091473673448,1803145.0,1779386,1822359,10441.648696765596,0.996166751423346
85200,12,618,4505429.5,4475512,4575470,18491.91044637267,4478813.5,4449716,4508652,13515.793447173815,0.9940924611072041
34456,13,1375,2985962.0,2979755,3007178,7165.375820491823,2999691.0,2975309,3485042,87787.25191512718,1.0045978481976663
22655,10,331,1900524.5,1877930,1913360,7431.348533894923,1883033.5,1865337,1898782,7731.232124096822,0.9907967511073916
34908,10,1075,2350465.0,2335563,2359663,6149.2490150333715,2339385.5,2324187,2376318,9190.779549575156,0.995286251869311
116738,13,857,7707726.5,7659406,7940281,63279.269552112324,7692236.5,7652584,7903742,47844.37245311325,0.997990328276438
53306,13,5315,4065994.5,4044150,4397374,65187.28990109106,4058897.5,4039420,4086558,12718.496523654916,0.9982545475651775
32249,12,3427,2376324.0,2336038,2404443,21392.738112629613,2376030.5,2331902,2409245,21091.982394818497,0.9998764899062585
188005,13,945,12698679.0,11640074,13027625,478398.0229179975,11994838.0,11693825,12905311,351560.71703776385,0.9445736836091376
30072,13,2169,2747166.5,2727196,2771065,10833.260281599853,2754266.0,2735075,2774146,11288.648257873925,1.0025842991314868
35070,12,846,2524092.0,2476710,2539048,21891.261826506634,2520836.0,2470174,2620303,30123.687102216125,0.9987100311716055
37976,13,7390,3222727.5,3202195,3261299,12047.62907929283,3223180.5,3201832,3722512,90301.55404955972,1.0001405641649814
8779,10,1397,1352412.5,1344119,1367664,6045.757088515328,1353025.0,1345704,1367566,6188.861930561673,1.0004528943647002
28191,10,2570,2096386.0,2087026,2110779,5849.487639861195,2099443.5,2091860,2125704,7172.863098667241,1.0014584623251634
56433,12,400,3294841.5,3287140,3373285,16001.406863981263,3356953.0,3344316,3377971,8707.069048958629,1.0188511344172397
85349,11,1071,5492475.0,5469258,5702261,42771.910898574024,5501050.5,5480343,6017065,93523.7208153038,1.0015613179850613
152509,13,1736,9763083.5,9639299,10313990,182455.4523482376,9855335.5,9722254,10435446,143880.25789048412,1.0094490639151044
56014,12,2089,3402015.5,3309983,3653546,73551.84311551199,3432908.0,3322849,3692928,69676.67490730947,1.00908064645796
56152,12,104,3517566.5,3506726,3537664,6844.373779974321,3343537.0,3325645,3366673,9560.496100621558,0.9505255977392325
163853,12,1038,7790561.0,7649050,8255775,186137.79041023762,7780498.0,7600219,8313007,174954.87970521618,0.9987083086827765
30241,11,826,2625433.5,2613442,2748097,27512.958776951316,2611596.0,2601515,2627931,6107.983522589286,0.9947294418236075
68796,11,780,4679534.0,4649424,4992424,75271.137251561,4630589.5,4611739,4652148,9295.676187286694,0.9895407320472509
41971,13,2081,3436920.0,3423952,3457041,9077.603546947596,3468748.0,3447931,3492524,10542.99503598901,1.0092606170641156
15089,13,9479,1902626.0,1887303,3672747,539087.7685480001,1899903.0,1888148,1920211,6329.829610573171,0.9985688201464712
25310,13,6603,2486259.0,2472632,2847317,69828.02167961576,2488632.5,2470919,2505296,9753.354629732958,1.0009546471224438
56815,13,484,4182270.0,4162798,4341347,34018.83150656739,4257621.5,4233226,4343814,28208.348077219187,1.018016890349021
10463,13,5987,1630411.0,1613804,1636645,6040.004050403351,1636010.0,1615293,1644591,7157.881677330708,1.0034341034254552
18998,9,1386,1727548.0,1715336,1758728,8492.256266675477,1726833.5,1710451,1741332,6970.47190407906,0.9995864080187642
125195,13,152,8095991.0,8069961,9296339,308703.6600811727,8211159.5,8147520,8349090,51011.82520323653,1.0142253740153615
36629,12,8149,2504136.5,2489449,2579633,22999.18668776983,2504976.5,2491125,2543330,17191.493697627193,1.0003354449727482
43158,12,1982,2846871.5,2778324,2895643,31382.865575483844,2833471.0,2792907,3008446,37163.98798813473,0.9952929031043375
62802,13,2093,4590233.5,4564392,5078395,91360.7858286159,4597843.0,4570979,4702870,26044.048728196365,1.0016577588046447
88325,13,693,6121034.0,6093513,6297406,41503.25192667304,6113376.0,6066667,6150935,21120.797425733927,0.99874890418841
43730,13,4440,3511465.0,3489877,3579099,19331.33181021594,3512390.5,3492526,3576544,28297.284667064592,1.0002635652071143
60806,11,274,4192510.0,4172846,4628960,79415.68372974082,4165137.5,4135229,4213929,21186.881558066907,0.9934710948811094
55058,13,173,4104733.0,4089201,4129927,12567.132675223362,4165444.5,4142444,4215899,20934.88959342487,1.014790608792338
53476,13,384,4152009.5,4121700,4189329,16835.478034199088,4078826.0,4054756,4176309,28560.651407234316,0.9823739565143095
14943,12,6851,1659091.5,1630393,1992756,67335.2212354888,1658136.0,1627070,1673201,15241.099140008098,0.9994240823969022
142501,10,16190,6652912.0,6620621,7056044,83795.71934734427,6418412.5,6354609,6484567,26213.200684303232,0.9647523520527552
1057,12,635,973085.5,966289,987149,4383.0858816084765,972317.5,965813,980991,3513.34805879267,0.9992107579447027
117952,13,107,7883813.0,7857676,8067897,53358.69214310095,7804320.5,7741201,7923887,45946.019879189625,0.9899169982849669
141870,10,7156,6391162.0,6337415,6508664,41601.154147237576,6395875.5,6343742,6479233,33271.86486380881,1.000737502820301
108129,12,158,5502639.5,5487374,5983026,90341.4719762315,5430740.5,5400273,5519338,25125.225056283354,0.98693372516953
130610,13,351,8655894.5,8600173,8976801,94841.60092551979,8513529.5,8466845,8754332,77786.12467731991,0.9835528263427887
42329,10,479,2588598.0,2572278,2678589,21707.034824887738,2621756.0,2600722,2968901,67812.1810689561,1.0128092504127717
41959,10,2667,2613271.5,2590803,2659308,15310.354711073447,2593972.5,2582923,2633418,18054.995133264983,0.9926150038371444
27478,9,605,2037868.5,2032312,2044963,3323.7963183016427,2030934.5,2024469,2039856,3842.0270559808514,0.9965974252018714
89483,13,2159,6127655.0,6108466,6368634,61391.80939104716,6184102.0,6130881,6480548,59436.51556043267,1.0092118436824526
149379,10,14555,6879061.0,6842900,7217762,82947.42600030857,6691810.5,6621719,6802330,37483.07040601426,0.9727796424541082
26304,11,6627,2394785.5,2381860,2450083,12499.665374187689,2395020.0,2381642,2417456,9450.611802888154,1.0000979210872958
74073,13,601,5263610.5,5235334,5356474,30094.41456979831,5278852.5,5248333,5748523,85662.40715379958,1.0028957309816142
43978,12,104,2952559.0,2935211,2979403,11633.129807961779,2862898.5,2829382,2884040,16326.143011916673,0.9696329522966349
153150,10,8368,6920810.0,6770756,7147375,89063.49769372412,6910745.0,6752030,7250321,85625.92610593411,0.9985456904610877
145571,10,11369,6736906.0,6525650,9037682,578182.8524428199,6738520.5,6475832,6795116,113356.89016661297,1.0002396500708188
37656,9,499,2382195.5,2367755,2418631,12058.76250445662,2398172.5,2389016,2418628,8220.025525507814,1.006706838292659
66639,12,1017,3820212.0,3711074,3873393,51812.45514975675,3815825.0,3730198,4088457,64466.76148266037,0.9988516344119123
48425,9,2152,2787735.0,2768471,3297146,92358.67597785397,2783286.5,2766205,2817265,14491.769714067208,0.998404260089284
64602,12,407,3584081.5,3573137,3597826,6361.2548263338385,3727004.5,3651993,3762326,33817.40315979662,1.039877162391536
17884,12,465,1742523.5,1727518,1749148,5024.888361943975,1766318.5,1749725,1774691,6366.753213111584,1.0136554829820086
47644,8,371,2281568.0,2266223,2298840,9454.89627441782,2220893.0,2212241,2284483,17646.99885926468,0.9734064467944852
146595,10,1116,6874688.5,6584185,7059489,140168.2796231571,6791689.5,6527168,7575124,276532.60056170996,0.987926871159326
39739,13,704,3302445.5,3283157,3344156,16548.402979710427,3285339.5,3267781,3338783,24305.330824990273,0.9948202021804751
123815,10,1546,5761435.5,5723941,5981416,65456.982258418306,5714309.5,5678238,5782741,25774.156765687258,0.9918204412771783
63456,13,816,4678700.5,4646622,4729325,19402.19401167473,4648281.5,4616726,4700761,20521.34612459805,0.9934984083721538
70073,9,602,3588949.0,3569346,3624706,14481.1539042992,3574089.0,3553397,3662945,20546.067061903166,0.9958595120744262
4080,11,3248,1214172.0,1203068,1280951,13718.502633264641,1209473.0,1201822,1225928,6388.476640187567,0.9961298728680945
50207,13,1903,3887528.0,3871099,4356046,84782.45558436932,3893036.5,3863779,3936883,21773.414053126548,1.001416967286152
160262,10,5537,7071611.5,7029515,7620260,134405.54397560723,7073553.5,7030642,7249198,53672.958153462474,1.0002746191585892
181240,10,9361,7876376.5,7812702,8362999,158776.76695194488,7857854.5,7817586,8173172,98930.07090650221,0.997648411042819
5980,11,5249,1324100.0,1318288,1348171,7908.117280083519,1320969.0,1313501,1338138,6227.432878981693,0.9976353749716789
195855,10,11047,8489981.0,8409996,9090321,174913.02826140003,8430726.0,8362692,8892299,167928.05884225806,0.9930205968658823
59185,11,1688,4074958.0,4064231,4307518,60357.920301638034,4072210.5,4050315,4144944,23380.600620457404,0.9993257599219427
197162,10,2972,8454900.5,8394426,9023712,177733.59638864006,8518877.0,8410547,8951120,176080.71786685407,1.0075667951385117
3525,10,282,1128742.0,1122118,1154573,6906.57497332956,1124138.5,1118112,1157813,8434.551728587727,0.9959215657785393
12194,12,649,1550225.5,1520255,1596142,17834.155982552133,1542628.0,1515504,1556935,12832.421763469105,0.9950991000986631
64947,12,114,3814238.5,3800280,4070268,50534.83259144682,3731620.0,3661752,3763702,31495.057010779045,0.9783394509808445
17718,12,269,1798944.5,1743752,1813483,22254.06402285509,1786529.0,1745457,2107685,62068.8239139604,0.9930984530095286
184722,13,1812,12163005.5,11588252,12501435,196982.21823791327,11864290.5,11641242,12523248,198750.6172796256,0.9754406918586035
31861,9,1568,2205926.0,2198313,2456406,45112.92401622104,2201497.5,2191482,2219900,5391.909563307687,0.9979924530559955
96737,13,662,6608384.5,6553340,6719051,38654.366441868144,6575560.0,6520417,6689623,44790.94299873084,0.9950329010062898
42127,8,1195,2121110.5,2113467,2170133,10306.995291009347,2104185.5,2094135,2117529,5389.396383537667,0.9920206891625872
22785,16,18428,2127851.5,2117350,2171793,17229.08675144707,2082460.0,2069815,2131913,22109.775826015666,0.9786679192603431
112967,17,11435,8237241.5,8199726,9010078,220549.9468833811,8039115.0,7994092,11138618,564736.4295155002,0.9759474697931341
249036,19,3249,21959035.0,21875294,22512493,173879.243931094,24268934.0,24117200,24835344,183334.07557984596,1.1051912800357575
240755,17,15250,18151071.5,17950852,21514146,622245.9705203616,17739159.0,17069209,20036791,662766.2376045017,0.977306436151717
29729,13,16650,2812358.0,2796330,2934445,24198.15713910646,2739951.0,2723501,2773120,14897.968276431371,0.9742539890014003
56387,16,17558,3690275.0,3670867,3949080,83285.3697775239,3531040.5,3511272,3734991,89159.73988502633,0.9568502347386035
46886,15,16053,4853823.5,4835084,5363471,92289.8325226927,4743524.0,4725375,4758721,9680.56942103901,0.9772757497259634
133235,15,15692,11852182.5,11808211,13118206,290011.3543914541,11638912.5,11508183,12506235,251612.67073209744,0.9820058457587875
33029,15,19772,3716608.0,3700322,4050689,60429.314300860824,3649821.5,3631731,3669575,8822.293684877093,0.9820302544685907
190097,17,1629,13109471.0,12977935,14016216,376070.0920364654,13328181.5,13046067,15594179,640908.7627546624,1.0166833963018034
100464,19,10418,9605511.0,9546753,11522161,415365.07052185095,9516756.5,9480756,10939043,327948.848792606,0.9907600438956345
84702,18,12628,6661829.0,6631538,7409828,162002.29096773773,6517675.0,6484741,6870303,95285.18475694716,0.9783611978031859
140194,19,6644,12879540.5,12532546,14396171,477524.5836373349,12907663.5,12828477,14736166,505041.9092101653,1.0021835406317485
175634,16,1087,8704210.0,8576091,10558125,846257.9429423631,9029645.5,8713339,11219433,664679.7526503388,1.0373882868175286
237665,18,14366,18593135.0,18399686,22501002,840120.1858725962,18063196.5,17760148,21581581,917804.0992762194,0.9714981631661364
136915,14,6008,9880190.5,9798377,10669081,245538.08252434758,9367877.5,8997789,10221496,370672.56828066224,0.9481474572782782
11097,18,4259,1718196.5,1698616,1813034,21122.366817086466,1741629.5,1725621,1753703,7320.935793932966,1.0136381374307304
197282,16,4683,10986154.5,10719036,11413413,154551.28371293316,10222304.5,9731618,12656392,861602.0378009205,0.9304715767468954
2982,15,10495,1230588.5,1225494,1316546,16630.406089416123,1228896.5,1221893,1242048,6074.047506856985,0.9986250480969064
150554,19,7224,13605566.0,13472798,15519568,614007.0076535871,13849286.0,13684707,15978794,663394.2250173589,1.0179132569714484
197010,18,2860,13925036.5,13734138,15058571,497815.0916818011,14556202.5,14160985,17203683,859835.8424293016,1.0453259853214747
151086,14,8670,10097754.0,9931048,11606349,433442.8094182464,10199550.5,10000746,11072248,280373.7781485458,1.0100811031839358
102000,13,4235,6852922.5,6806422,7505345,200381.99295544386,6846283.0,6800198,7129728,83758.2412779715,0.9990311432823004
219974,17,11986,16082695.0,15970194,19292701,982266.6331945274,15638337.5,15346744,18119395,781360.3207500656,0.9723704578119525
14533,16,8492,1690895.0,1670754,1967807,51953.250811399885,1684430.0,1669350,1716847,14728.244210209019,0.9961765810414012
88485,17,16966,6662703.5,6635291,8448044,347044.0255163105,6494526.0,6464323,7046724,147895.5847709082,0.9747583694816976
202842,17,763,15028687.5,14047987,15461527,471386.60238654306,14057522.5,13845091,16619741,780590.9725821734,0.9353792538436906
177125,18,10696,12930368.0,12764278,15564597,874256.7368779392,12951171.5,12513976,15160449,791622.7506085774,1.0016088869241773
236672,18,13085,18831211.5,18660333,21977444,819146.504086068,18107232.0,17956334,21743831,891449.1045963209,0.961554279181666
194712,16,11196,10743507.5,10638773,14723981,973922.0385617595,10335601.0,10160414,12416600,611919.2790644941,0.9620322785645191
207969,14,16466,13881813.0,13764923,16520454,881424.1822995587,13616781.0,13175362,15018557,481664.4876882616,0.9809079692976703
28305,18,2167,2770739.0,2756697,3125680,86470.62279428905,2846361.5,2834772,2879823,9397.969763021514,1.0272932600291835
145901,13,4854,9660064.5,9288670,10285968,313463.0878118329,9423009.0,9277523,10326605,326654.9261330016,0.975460257020023
204583,14,18151,13654900.5,13531186,16609021,888193.992683045,13287719.0,12940316,14707652,508663.8641977452,0.9731099102479729
15540,19,9411,2330818.5,2317928,2590128,47420.445097271426,2336771.0,2327989,2566512,41430.49606488223,1.0025538239034915
106463,16,3122,5821305.0,5686261,7362222,596750.3880516367,5864476.5,5809155,6763181,218266.63361493335,1.0074161206121308
5110,14,17625,1309830.5,1304877,1361588,12182.505763046725,1310963.5,1304693,1333010,7304.914024591026,1.0008649974176047
196210,15,13254,17007189.0,16858198,19606827,851271.8035749942,16758598.5,16326486,18348439,524439.5628926612,0.9853832105940611
124544,19,10380,11697585.0,11607000,13549265,534621.2619050819,11569307.0,11486306,13085357,434844.21413641534,0.9890338048409137
7567,16,2560,1367602.0,1349438,1439870,15711.209458394842,1370252.0,1353619,1389852,10335.662069907925,1.0019376982484671
217512,19,5197,20808718.5,19159265,21837120,870001.989685058,21845878.5,20493940,23894575,809680.5303203844,1.0498425695940863
244301,18,4815,16731619.5,16600215,17726022,298047.9385293674,19508125.0,18385728,20104722,558716.5830583876,1.1659436195043762
248451,19,4885,22280310.5,22072939,25641445,694896.3168814147,25003533.5,24504616,25621437,286330.52059574827,1.1222255407975577
249575,19,3583,22165185.5,21991516,23054833,251350.86689667936,24918151.0,24401077,25470385,272896.039156145,1.1242022314679028
233213,19,2659,20611027.0,20472194,21254979,174875.82024911276,22907982.0,22300008,23544236,340316.06351476174,1.1114430154305266
250208,18,2155,17177516.0,17011778,17899596,239053.57015427874,19219547.5,18791577,19777030,269286.84694743884,1.1188781602648485
240364,18,4324,16416063.5,16292998,16884116,152028.60610506826,18230294.5,17976939,18663799,186750.70257932693,1.110515593461246
216559,19,2179,19205699.0,18968753,21684925,1108864.4718235764,20665601.0,20325911,23798486,794748.0639061701,1.076013999802871
244498,18,2151,16782458.0,16652890,17243434,152514.0911650862,18427454.5,18300669,19358216,239179.6570077931,1.098018806303582
239656,19,7587,22739267.5,22629476,23300427,188480.80203393838,23251212.0,23132676,23752828,156596.44673774973,1.02251367595724
232246,18,5872,15992041.5,15788166,16692135,219057.9417333054,17343270.0,17223923,20953926,840795.2676437345,1.0844938089986822
247660,17,6294,16564340.5,16448642,17158842,166211.06654691265,17594685.5,17472888,18225390,188167.7288547788,1.0622025971996893
233945,19,689,20805224.0,20718976,21285087,159819.5903619001,22537525.0,22351560,23120528,200961.02124586803,1.0832627901530885
238349,17,2937,16025957.0,15729921,18343201,977444.4438610559,17203791.0,16602360,19837322,718685.6722223052,1.073495392506045
220660,18,2713,15285384.0,14979070,17488169,992763.2935740052,16581407.0,16074744,19418393,745918.7757117943,1.084788383464884
227583,17,4930,15503017.5,14885302,17524423,860641.9684781879,15937504.5,15675025,18850076,813141.7320503534,1.028025963332622
233305,19,3727,20757849.0,20495221,23685008,1108499.1268952654,22511638.5,22373731,25764502,601391.8035880593,1.0844880170387596
250533,18,5529,17326517.5,17132026,20261262,989201.0131781013,18986088.0,18794400,22138237,589098.9469550452,1.0957821154770426
234621,18,4198,16048797.5,15907000,18818175,1109373.4889400217,17544345.0,17436119,20633249,576827.3630461679,1.0931875114007763
246288,18,7285,17866824.5,17708415,20943499,579750.443731754,18729460.5,18537239,21888908,584283.3323786063,1.0482814391555701
208849,18,174,16641890.0,16519607,16955146,78901.92873449504,15126567.0,14976350,18104714,866111.253087254,0.9089452580205734
249145,19,1869,22207148.0,22029241,24699507,1076173.2171243113,24380036.0,24283820,27484709,581994.651847047,1.0978463330815826
248442,19,5160,22051585.0,21889894,25226476,1099903.7408259471,24270931.5,24169000,27647754,619625.1625118959,1.1006434004630505
206423,19,6506,18817759.0,18549825,21726193,918764.0832692436,19360036.0,19188575,22602841,928227.4920355348,1.0288172996582643
212683,18,5334,14961459.5,14609532,17035736,780954.1747543656,15491237.5,15330839,18536315,846896.9242923617,1.0354095133566348
225586,18,8186,16762146.0,16525431,19803822,880068.567972676,16784602.5,16523808,19983217,793821.1184214713,1.0013397150937595
219086,19,8012,20634688.0,20487021,23785454,763004.5661143735,20956410.0,20586550,24057521,800339.903446185,1.0155913188510532
242071,18,719,16702367.0,16567927,17712760,237629.97524876546,18307124.5,17944583,18944997,259968.53970748076,1.0960796454777937
211954,19,4041,19228280.5,18690727,21148900,778817.175617451,21135555.5,20310449,23072529,625939.3944124836,1.0991911367217677
206216,18,6952,15175228.5,14892159,17196672,504130.753619905,15976622.0,15799236,17875335,516532.51008009707,1.0528093201364315
250472,19,3745,22334212.5,22153645,25223003,1035547.177254477,24592409.0,24459549,28462372,893900.4290268383,1.1011092958840614
224011,18,834,17560594.5,17458743,18202464,217698.99892305175,17971767.0,17208278,19697051,545399.9010780132,1.0234144977267141
245037,17,410,16708845.0,16503990,18562214,811865.880257043,18664236.5,17660175,20282216,615422.0707172563,1.117027328938655
249310,18,3754,17171118.0,16942966,18142558,300930.3908703805,20077493.0,19010362,20723954,540700.6205735388,1.1692595089032642
196108,19,5559,17992350.5,17299739,19848575,651967.3058677687,18500173.0,18213255,21438984,878298.7847837405,1.0282243556782644
248836,17,1021,16674120.5,16524355,19323039,1189214.1446236784,17723104.0,17543607,21095753,743560.3514436777,1.0629108743696556
249742,18,3801,17188222.0,17065642,20245661,1119893.16022074,19015097.0,18911676,22298814,706187.7079333763,1.1062864442872566
213557,17,3882,16023095.5,15628978,17835234,449164.24354414304,14888055.0,14694246,17684504,807704.9594137673,0.9291622208704928
213853,18,4090,15088316.0,14721033,19600262,1081818.1761316557,15876752.5,15579176,18835089,861524.507555511,1.052254771175259
224102,17,6683,15546133.0,15064095,17494982,567869.6396219871,15749375.0,15480065,18594316,810220.2861223359,1.01307347621431
244575,16,3300,12914615.0,12681550,14518546,659911.9795433496,13358682.5,13154643,15685695,678383.3385679973,1.03438488100497
220580,17,2385,14809648.0,14728535,16978195,977947.2977905808,15568403.0,15240893,18359790,804049.1095686355,1.0512338308108335
246959,16,819,13046671.5,12947543,15031365,836933.5599898689,13533754.5,12675304,16155929,748802.643773322,1.0373338901036944
228813,17,167,15404939.5,15217966,17732420,1032759.4030668109,16107363.0,15973950,18906074,804051.1756005888,1.0455972904015625
201616,19,2456,17863613.5,17761408,20093909,959670.5453613924,18886476.0,18702763,21813232,825005.720510726,1.0572595516578995
226903,19,6585,20592685.5,20418284,23798287,641654.6630555895,21627437.0,21490044,25054035,642280.7670969657,1.0502484972151884
250647,18,3636,17183963.5,17056454,20190361,1178797.6627435568,18925214.0,18749721,22235466,628401.677619906,1.1013299696545562
232583,19,4784,20511056.5,20323084,23490332,1107029.2866355556,22245420.5,22118008,25659756,635480.660686302,1.0845575165764865
230362,18,1832,18039092.0,17901472,18538923,150387.22530670246,17516261.0,16994202,20052407,704980.9845259185,0.9710167784498244
244582,17,4760,16526402.5,16088521,18767663,907022.3314226099,17527220.5,17174295,20236315,704000.5357737395,1.0605587332149269
226330,18,3539,15799413.5,15298562,18093261,978666.7987625456,17178406.5,16567445,19934938,738058.6558039318,1.087281277877815
246740,19,2794,21849170.5,21676365,22320849,169526.4297190559,24356462.0,23964266,24978539,232032.04278701585,1.1147545395373248
247982,17,3789,16475764.0,16357976,17098644,189899.6575244586,18116365.0,17438771,18669973,345715.93717485585,1.0995766266134912
216392,19,735,19357055.5,19207695,21742978,1060275.309464609,20661528.5,20536283,23981659,912536.6052707781,1.0673900532030813
249681,17,2097,16573198.0,16482301,17035377,141452.93104221002,17853120.5,17760902,18474029,175177.05157953448,1.0772284564511931
222083,18,6668,16044739.5,15814052,18225737,546142.145120273,16426674.5,16290310,19576385,752246.909764506,1.0238043752595671
215701,19,3174,19621823.5,19041182,21427031,734400.0711099041,20343922.5,20205527,23739531,851520.2821985842,1.0368008100776158
239206,18,4922,16382162.5,16227905,16893347,178548.5909562903,17955159.0,17814576,18556140,177427.3265600595,1.0960188558744914
235362,19,5837,20985319.5,20899395,21522392,179632.85610131448,22578706.0,22453145,23555161,282145.99081654317,1.075928627152901
214977,15,251,18321073.0,18136305,19587764,456640.379575736,18550577.0,18352517,20182752,460358.151139692,1.0125267772253295
231752,17,2245,16092906.5,15852428,17709486,584479.0963359158,16647248.0,16466279,19166675,700915.3642430224,1.0344463257771366
247592,19,328,22327956.0,22189103,25126461,1217039.8496892022,24189398.0,24080229,27310972,570711.4253123426,1.0833682223307857
238380,18,3097,16348919.0,16196805,19428347,1170416.5224676991,17913267.0,17770542,20961770,566373.9028546474,1.0956851030945838
239303,19,2882,21160448.0,21018537,23924257,1093882.101000278,23195229.0,23111385,26355508,576427.0751481723,1.0961596370738464
249024,18,125,17319687.5,17237013,20719670,1327714.4798934183,18901547.5,18760039,21943907,567239.328293642,1.0913330566732222
223521,19,4170,19779568.5,19563536,22464050,1021742.8686043383,21313172.0,21164881,24663887,620018.4944980127,1.0775347298400366
250333,19,6935,23445869.5,23326227,26392546,544627.1654192242,24402944.5,24282061,27602812,591109.8935965423,1.0408206230099506
223975,19,2830,19754108.0,19612066,22610211,1115393.7712146428,21410026.5,21188906,24564276,581127.6172829281,1.0838265387634816
243641,15,1595,22564230.5,22361161,22833152,98704.22987649626,21153099.0,20549019,23130138,658368.0705805699,0.9374615721994154
214677,17,579,14800574.0,14743905,16235649,553760.3835773346,15198366.0,14688397,17688128,767564.2070085835,1.0268767954540141
234160,19,2004,20803315.5,20678343,23123935,1004971.8338560539,22591325.5,22484504,25714637,576398.3195207594,1.085948319151339
248507,18,4238,17105726.0,16976769,19923242,1093559.8891134306,18869332.5,18672160,21768017,541755.8907059946,1.1031003594936573
233583,17,3974,17265969.0,16957497,18140513,308409.21026374464,16264130.5,16118565,19223250,739424.7230770757,0.9419761207726018
230805,16,2973,11627553.5,11284775,13407128,765595.6738983225,11895205.5,11572020,14517517,752223.4388428074,1.0230187717476424
229261,18,5055,16277865.0,15927479,18136515,696091.9305590645,16985690.0,16830531,20034327,785705.6851187444,1.043483896690383
229386,16,3965,12360574.5,11991280,14958709,590914.4859014533,12650151.5,11548926,14857411,779054.0762516846,1.0234274709480535
207480,18,3252,14513636.0,14373135,16284629,735988.8191886131,15538456.5,14990881,17888495,752536.4740172059,1.0706108724236987
207957,19,1617,18628102.5,18488751,20488389,836089.2735191912,20056817.5,19423970,22807948,850608.6920168202,1.076696754272208
236622,17,5580,16378636.5,16011897,18054627,591450.397184677,16981615.0,16825765,19608538,648807.261124747,1.0368149387771075
242981,19,4560,21785160.0,21391437,22375386,249459.12897204002,23645735.5,23510304,24780111,368101.1445938089,1.0854056385172293
219111,18,2026,15403945.5,15174946,17214492,743799.6460062496,16736194.5,16147645,19043945,734862.5883752871,1.0864875171104702
225895,16,184,12528346.0,12475282,13777424,546740.1478048161,12380082.0,11802435,14631998,675660.1232516975,0.988165716368306
250304,18,3217,17222563.0,17074679,20194406,1156339.1239964722,19007426.5,18941234,22175129,582673.5739961946,1.1036351848444392
243451,18,4160,16705759.5,16548759,19850078,1233432.3939412308,18397801.0,18314432,21512672,567478.0407181702,1.101284919132231
246867,18,2778,16890607.0,16755669,19960402,1277794.930778401,18678109.5,18536375,21867697,591484.4379503197,1.105828197885369
244929,19,5942,22040538.5,21870298,25355658,801406.693425959,23961160.0,23822478,27210548,598179.1284288502,1.0871404072091977
249063,18,1630,17054782.5,16915684,20165966,1382118.1617639868,18902442.5,18776188,22088561,598385.3070826188,1.1083367671208941
250344,19,2687,22203049.0,22090467,25247674,1258002.640493051,24439825.5,24276127,27516011,569339.1401339325,1.100741862074889
229235,17,1190,17648750.5,17497604,17902508,106752.87380267047,16676831.5,16082147,19006242,761651.8180927993,0.9449298691145303
225456,19,1400,19975521.5,19836487,22743356,1168406.6782898195,21616457.0,21517494,24618427,781004.603010197,1.0821473171551492
243824,16,5860,13984430.0,13571762,14756911,297872.8477704017,13055345.0,12620822,15340099,692481.2267456594,0.9335628981660318
233445,16,775,12421303.0,12373924,13991087,690806.5807121765,12828176.0,12092495,14939921,678924.8067346952,1.0327560643195002
206552,18,1063,14544934.5,14474824,16142128,677243.8411909693,15857423.0,14959353,17982811,743989.0543327047,1.0902368106229698
240049,18,1352,16540706.5,16407340,18994957,1078427.4422259582,17977731.0,17743618,21015759,575401.3039229462,1.0868780604988064
240947,18,5854,16623102.5,16463143,19570826,885569.3154593508,18019421.0,17821622,21087601,568747.9258789835,1.0839986699233792
222475,17,3458,16594280.0,16245235,17749948,338555.0386516201,16225584.0,15334590,18811562,777598.0060318721,0.9777817416603793
209606,19,5019,19152067.5,18839493,20661167,534341.3871771295,19671199.0,19514972,22827545,798576.4999846114,1.0271057680848295
250572,17,2996,16772274.0,16490358,17276109,187049.95107236283,17692219.0,17572148,18956218,397313.57369779795,1.0548491516415723
236635,17,682,16245884.0,16109145,19082989,915012.1928068749,16649150.5,16491758,19605652,740721.0984291434,1.0248226873957735
248309,18,3058,16967136.0,16867928,17438158,147575.81231978888,18797176.5,18624747,19285672,159042.92019823875,1.107857949626855
239460,18,2493,16362971.0,16268692,16878686,157538.4524020194,17855908.0,17766915,18654913,226888.56810934012,1.0912387487577897
248994,18,1553,17104657.5,17028341,17551690,135432.2153907465,18718587.5,18583286,19738633,276175.4145899466,1.0943561717035257
224417,18,4260,15879449.0,15349542,17894543,793547.5014207865,16554878.0,16424686,19638797,764698.6449589552,1.0425347882032934
229996,18,2965,16187591.5,15800559,18344229,861136.8660178912,17086536.5,16947390,20341993,777324.5736788433,1.0555329679526444
246858,18,2744,17074297.0,16808099,17626512,182031.25206147064,18667296.5,18514070,19655186,316782.9484675588,1.0932981018193604
230256,16,1972,11843041.5,11647753,13488072,721552.8140838887,11925194.0,11759157,14610602,741340.8008664518,1.0069367738008854
245057,16,4640,12732702.5,12508184,14287732,672663.2124057072,12893535.0,12482340,15766342,814138.1584698154,1.0126314503931904
205237,19,3236,18322502.0,17941447,20381700,905490.5646752643,19294110.5,19126433,22178880,843829.7560679464,1.0530281563074737
240745,19,1518,21377154.5,21194966,24039787,1175826.509730396,23298601.0,23175643,26422061,582814.003994704,1.089883174114684
250661,18,830,17279967.5,17108697,20587542,1312794.5957885536,18947100.5,18797121,22218625,599391.9710746105,1.0964777856208352
227487,15,309,21239984.5,21150472,22125790,167629.34980302028,19664611.5,19148118,21576732,624535.810089845,0.9258298422957889
246778,16,1564,13477172.5,13385007,14223000,323821.6156349202,13270416.5,12982938,16082555,717092.5020034227,0.9846587999077699
243985,17,181,16497444.0,16289160,18891583,1038426.7847052655,17221334.5,17058801,20373890,776273.2463667883,1.0438789487632145
250115,18,4441,17064441.5,16919715,17595350,165385.56103629144,18836843.5,18743304,21237294,491443.83509919577,1.1038652217243676
238819,19,3938,21016599.0,20923943,21529964,166004.31521373842,23093411.0,22928633,23735660,175040.0773673434,1.0988177011894265
245571,19,3372,21705912.5,21559065,22195284,154092.91735667153,23923164.0,23832808,24549924,167434.11741173168,1.1021496562284585
228450,18,2441,15850921.5,15582088,18345942,1022603.1588272592,16907203.0,16734778,20166634,803136.8753165172,1.066638491648577
227551,19,3418,20078782.5,19944799,20581192,154937.9394416035,21776191.5,21632210,22582776,244253.73919343247,1.0845374464313262
226348,19,5897,20215689.0,20026833,20777552,188789.20112173317,21526467.0,21395422,22492486,277477.5857849283,1.0648396401428613
235584,18,3682,16103858.0,16026067,16637402,162017.30679771013,17391561.5,17278807,18853774,311730.7560807011,1.0799624226691518
245198,18,3271,16769031.5,16654249,17287547,184915.14906932015,18399132.5,18293369,19032427,170503.3747408896,1.0972090129355414
248263,19,4291,22079496.5,21798034,22642349,207968.0399313558,24298803.5,24122089,25192040,263432.854547087,1.1005143844652436
240855,18,3691,16431904.5,16325185,17381197,221527.111644241,17940451.5,17807087,18552443,184656.64245380458,1.0918059741644677
249420,18,4380,17007460.0,16918254,17554069,177175.982688575,18725702.5,18605539,19458171,225525.4442177103,1.1010287544406985
233337,18,947,15943248.5,15857069,16411004,134746.7320403603,17279259.0,17139608,18043678,222079.16468327737,1.083797884728448
241826,19,2171,21356228.5,21228477,21823065,160819.94033837967,23353668.5,23259786,24449287,275046.70860711194,1.0935296229856315
222529,17,4356,15172078.0,14725644,16955525,758749.578432276,15517599.5,15404817,18400449,812675.1118436335,1.0227735119737718
249149,18,6202,17582260.5,17350258,20441263,824940.1595541615,18999976.5,18793812,22088919,578638.3176410334,1.0806333178831016
218890,18,4965,16795997.5,16448262,17569639,294033.7865233555,16087026.0,15982163,19188699,892755.8385746886,0.9577892590184061
244589,17,5530,16891957.0,16458168,18989514,757117.5888094091,17286078.5,17206915,20242449,742365.5632788113,1.0233319028695136
240454,16,2525,11938838.0,11688403,14691250,1261684.0709582306,12535468.0,12261961,15747012,854643.2186745668,1.0499738751794772
243874,19,3379,21671745.5,21494633,24505865,1136772.8719477397,23688726.5,23581080,26801313,572699.560100028,1.0930696145356635
224848,19,5223,19904704.0,19731599,22880514,1057413.5798898472,21489162.0,21416370,24531866,553876.5626465883,1.079602188507802
231585,19,2469,20392258.0,20274692,23218336,1206015.2369309713,22363782.0,22256574,25551540,586550.4271456111,1.0966800243504178
234924,18,263,16478389.5,16373816,19358761,1254141.6181320813,17521964.0,17356834,21251546,893361.2000779783,1.0633298842705472
236907,17,1510,17969892.5,17825793,18189328,114664.75067418642,16651487.0,16522583,19711810,748423.887207537,0.92663253272105
238846,19,3395,21036089.0,20915379,21437456,124793.8908691536,23055446.0,22975453,23726117,192327.47037950373,1.0959948876428502
241088,17,3763,16375243.5,15844769,19144404,963346.3697204079,16968953.5,16893120,20190630,782429.9572043665,1.0362565600932896
241641,19,5177,21338183.0,21243488,21953316,157511.59956624004,23401047.0,23309689,23987611,187854.76925312102,1.0966747731050952
244715,18,5378,16775920.5,16714051,17624043,213847.15364649275,18395850.0,18267277,18934597,184938.6109150968,1.0965627787756862
237943,18,1820,16232351.5,16123693,16689406,142377.16762621113,17729501.5,17632154,18275001,176619.08149753307,1.0922324778390857
245844,18,3905,16844264.0,16731537,17314936,165375.76943884158,18496038.5,18368908,18995236,164234.83664346815,1.098061541899367
248589,15,368,21318196.0,21048998,23256175,845787.5386807132,21340014.5,21016678,23759847,651865.2602796379,1.0010234684022983
247387,19,1017,22124674.0,21957222,24765911,1163501.0771640833,24236312.0,24144095,27605773,619063.0419824113,1.0954426718332664
240269,16,262,14695044.5,14588934,14981324,131373.44382655458,12490702.0,12241537,15381130,863576.6623527191,0.849994159595774
250021,18,1999,17277513.5,17167269,19985062,1149778.1070539851,19026511.0,18777875,21958573,578992.9897630012,1.101229699516658
233729,18,4590,16033691.0,15931263,18938769,1076803.7600206481,17540124.0,17342050,20537861,560075.834948443,1.0939542242643943
249548,19,3294,22221399.5,22060570,25220567,1125347.4493903928,24428337.5,24310780,27733372,607415.8902356268,1.0993158869224235
241593,18,2843,16606242.5,16497836,19594073,1160152.9873714566,18379497.0,17989853,21708366,856468.1683318878,1.1067824042675518
242896,18,2577,16556714.5,16432424,19439126,1223473.7487460568,18124678.0,18027254,21602381,635935.9152037115,1.0947025751999286
248978,18,4932,17060082.5,16920119,20042639,1143365.7970309632,18765400.5,18633137,22069657,604147.0467985974,1.0999595400549793
250336,18,3552,17174262.5,17035745,20105816,1132370.9470240965,18907830.5,18761155,22217335,613415.4820109932,1.1009398802423103
243160,18,4599,16596286.5,16441378,19558405,1176672.5304281607,18161920.0,18111198,21612723,628574.2157191376,1.0943363745859653
238780,17,2262,18075485.0,17928909,18754744,158476.3708782129,16821200.5,16693659,19850090,759799.7433818327,0.93060852862316
230595,18,3469,16228039.0,15772636,18435035,917068.3606725559,17219498.0,17074512,20288584,767046.8769775677,1.0610954287206236
238909,19,208,21333411.0,21272959,21931287,171046.09743784147,23047490.5,22931636,23560702,145738.9331983736,1.080347184048533
220519,18,3340,15549221.0,15038561,17682954,840792.1899377198,16522851.5,16205664,19229149,695850.7488744863,1.0626160307323433
240942,15,2839,20373018.0,20049425,21970587,720100.4941200984,20712622.5,20295279,22780714,607019.1231205424,1.0166693270481575
230518,18,7224,16780545.5,16480368,19487751,750074.3839558817,17744127.0,17180073,20269370,673868.5921940114,1.0574225373066686
238677,18,4337,16260542.5,16164569,16844606,166629.8822117416,18146461.0,17795873,18721250,237750.77752282252,1.1159812779924163
74157,21,1559,7418996.0,7338570,7815084,115998.32070838593,7719347.0,7670547,8261070,126557.33373631713,1.0404840493241942
74179,21,13711,7755847.5,7700377,8115722,97611.25125835762,7710574.5,7677811,8048012,79697.35734679176,0.9941627268973506
104697,25,3232,9436203.0,9216311,10476005,419781.461804842,9902725.0,9822732,11660572,495751.91604356124,1.0494395892076507
145792,24,11833,12714391.5,12423582,15808442,782959.7570572867,12677734.5,12428630,15497924,853468.5175771082,0.9971168891566694
186476,22,12682,20531271.0,19725610,23574918,909461.4590849936,20280203.0,19509226,22965888,872443.6790326232,0.9877714341211511
37643,19,4803,4087747.0,4052255,4755273,156298.81031914122,4193641.0,4167208,4255897,18979.220947130576,1.0259052235864892
32091,22,18402,3998651.0,3974242,4107860,26349.537133695532,3988140.0,3960638,6166455,488594.5822772086,0.9973713634923378
173189,22,12086,18379146.0,18101567,21792405,951774.6076896334,18302000.5,17986880,20846109,770259.2861797331,0.9958025525233871
21900,24,17626,2649124.0,2634238,3361555,128047.92343847934,2654778.0,2639168,2703251,21514.033310583323,1.0021342904295911
35310,22,490,4071371.5,4058635,4467389,100670.6839568446,4265849.5,4243666,4293403,12726.045924664371,1.047767195894553
86055,21,14423,8822317.5,8785568,10991828,413094.7740306898,8738115.0,8710788,9204156,140190.4176287698,0.9904557390957648
218980,25,10824,23455384.5,23273013,26834101,634386.4980623896,23459875.0,23291069,26396145,543133.7182694322,1.0001914485776175
108758,20,10738,8582344.0,8502263,11309575,558530.9686529716,8408926.0,8342599,9792614,347660.85330896196,0.9797936321359293
44628,23,17392,6185559.5,6157528,6846730,120033.9125048556,6157056.0,6139114,6191833,12115.993982977854,0.9953919285716999
100699,20,12993,7982827.5,7955181,9206613,336815.5043850763,7873187.0,7806740,9058544,301969.0753266338,0.9862654554416965
115382,24,17358,9915270.5,9741387,13366791,834375.9798446054,9907206.5,9720776,11857539,552828.6728451943,0.999186709026244
205234,22,10596,22184434.5,22014653,25514920,621710.1271442442,22046020.5,21904375,25381227,615091.1470112024,0.9937607605007917
165843,25,11070,17092834.0,16513950,20474419,986496.1541688899,17009014.5,16392744,19674536,858436.6063187582,0.9950962198544724
203404,21,14071,21227866.0,21092388,24880237,916661.2631467944,20957958.5,20767685,24617101,669246.2044669901,0.9872852268805541
63089,22,19500,6831094.5,6806631,8682133,333871.84161768155,6803135.5,6765077,7104934,71069.94254141478,0.9959070980499538
246148,23,4722,30345175.0,30110780,33411699,711093.6894291278,33819243.0,33689610,36310830,466350.4351522564,1.114485021094787
235754,19,7521,22330276.5,22165090,25235279,554351.7774532662,22804532.5,22577766,25826095,564091.7710356169,1.0212382502294586
178834,25,17695,18253093.0,17916520,22150683,753285.8197234035,18186530.0,17909716,21450994,610044.5291120822,0.9963533303643388
185583,20,5588,15097591.5,14119642,17052567,609670.6891941875,15414505.5,14245471,17947544,947394.5285388933,1.0209910302580383
224009,24,14720,22019981.5,21364972,25440821,761611.7392734736,21801177.0,21158082,24497234,617250.1086436914,0.9900633658570512
162931,20,1915,14374961.0,13588180,14783898,402737.0619674289,13170103.0,12379767,16168722,964128.8031554135,0.9161835639067125
14251,25,12764,2236532.5,2226317,2745289,91400.21309032418,2228366.0,2212842,2287272,12693.126797208008,0.996348588719368
101440,25,13424,9605936.0,9544633,12521517,651156.0524313909,9572365.0,9523159,11060081,438695.39438600227,0.9965051817959228
148297,23,18482,18706063.0,18583976,23226120,1161517.8377049426,18634000.5,18551249,21294554,784107.6698949365,0.9961476394044005
138815,19,17830,12943449.0,12890203,16205841,738436.8329989114,12820262.0,12732691,14486576,483898.5289759092,0.9904826758308393
132030,19,13460,12344592.0,12282593,14005802,484919.81629787,12196964.0,12141998,13684139,423961.3758582208,0.9880410790409274
154159,23,1780,20349359.5,18529986,20626919,857755.8991890209,19584064.0,19316374,22509814,851120.7837329161,0.9623921578465405
214127,22,19901,23766432.0,23353907,27418552,702468.0560260066,23262676.0,23030150,26270224,568363.2480974783,0.9788038860860562
156614,22,18453,16164935.0,15996417,20421336,1100196.9888105516,16013829.0,15900674,18793438,809777.7847966029,0.9906522358425814
173149,19,1065,15318980.5,15254570,17077678,798594.0056953179,16026136.5,15912561,18633532,745383.6776713654,1.0461620797807007
49027,20,1565,4103858.0,4076778,5000646,264556.32268906373,4362274.0,4338040,4591962,105773.08070548427,1.062969040351786
249066,19,8328,24412684.5,24268337,27564758,754675.1684192942,24330221.0,24216236,27349937,558661.6320693402,0.996622104381843
69231,22,5252,7114736.0,7071728,8804538,402303.7926448412,7372603.5,7328264,7854763,111692.84209829899,1.03624414173625
84731,23,9103,10816748.0,10775958,11615973,227575.91349018755,10798647.0,10744831,11439066,183607.80868951505,0.998326576527437
61385,19,8253,6193447.5,6171973,6974432,166858.15235536307,6182632.0,6159491,6210228,13157.688768886763,0.9982537189505521
35482,22,785,4137521.0,4115154,4176648,13542.405319957012,4283480.5,4262997,4300787,10376.603618022398,1.03527704149417
5168,20,1774,1358713.5,1344312,1394463,16963.102458276906,1356698.5,1339918,1555296,38784.41773524803,0.9985169794809575
37589,20,198,3642503.0,3631130,3681193,12620.921739538502,3727192.0,3706331,4192318,84070.76354968276,1.0232502210705112
126795,20,1226,10069498.5,9716255,10285910,172047.0683642383,9705584.0,9611433,11696324,531065.2481438091,0.9638597195282367
184114,19,1983,18284680.0,16418824,18881020,887080.7899524373,17108993.5,16985840,20060963,821308.891495372,0.9357010076194935
60038,23,1329,7642214.0,7604109,8724477,336753.04720902763,7946156.0,7913339,8136470,54469.29764352474,1.0397714588992142
117872,19,298,11326130.0,10812722,11601813,225325.3424363585,10972110.0,10930761,11973264,295439.18906560674,0.9687430746424418
8972,22,501,1814963.0,1802971,1896954,18487.750495004944,1864734.0,1852174,1909126,9425.454322324322,1.0274225975956535
72201,20,394,5644187.5,5564785,6475023,263279.07551680255,5901580.5,5877780,6450083,168150.21047115384,1.045603197980223
24242,21,2515,3098855.0,3088809,3202100,28001.75394831942,3211524.0,3196523,3226791,8146.306464009045,1.0363582678118208
131028,19,2770,12087527.0,12023474,12252187,55700.24777463342,12117389.5,12046845,13556909,417441.2648518871,1.0024705218859076
69668,22,1214,7066500.0,7021182,7637414,172046.3474702739,7408496.0,7381184,7676764,81428.43851175228,1.0483968018113634
86096,22,103,8625809.0,8443435,9304483,204545.74429274304,8921504.5,8891027,11197839,449294.0899749653,1.0342803208371527
92556,22,2365,9159736.5,9088861,9513831,141336.1644616794,9524397.5,9488609,10403102,246097.00937453282,1.039811298065179
58412,22,3277,6072303.0,6044292,6540521,153781.07637988348,6384346.0,6354760,6443003,20168.444210504244,1.051387916577944
17984,21,438,2568372.5,2554530,2595158,7408.93593957099,2650271.0,2630254,2669726,8488.305595870645,1.0318873138534228
63255,22,3152,6513399.0,6470500,7099518,149796.0539953536,6821530.5,6790904,7045207,58597.25979823819,1.047307327556626
28431,22,6181,3569737.5,3555262,3746197,37644.13813384495,3631744.0,3606336,3640303,8410.582544231602,1.017370044716173
46919,20,2157,3960904.5,3940701,4235542,127131.3192050776,4186214.0,4166966,4415807,106023.18385803906,1.0568833457105569
87378,21,3606,8459006.0,8424878,9088098,196529.25662369514,8856272.5,8821198,9375952,150776.6177618363,1.0469637330910984
30493,20,2177,3116207.0,3094569,3285541,50130.38011302793,3212688.0,3201249,3240678,8340.345758620162,1.0309610369272644
59988,21,2916,6127305.5,6105739,6591132,95754.39056208105,6404940.0,6377940,6881481,87146.09162126677,1.0453110261925083
46413,21,274,5053776.0,5026462,5089891,16648.165966022272,5178362.5,5155211,5235830,15357.641260731849,1.0246521610771826
50474,20,3155,4175918.5,4150837,4481631,137844.53865736656,4451948.5,4432003,4872093,123462.14578144993,1.0661004279657278
41386,23,4108,5603730.0,5575675,6053476,82373.21751907932,5808020.5,5792846,5849267,13583.344597295945,1.0364561640193228
59844,20,2206,5099167.0,5078998,5148863,18925.585157810987,5338135.0,5315227,5374740,13677.221578189368,1.0468641250619954
55767,20,4461,4509152.0,4479046,5007729,165208.41732368106,4802527.5,4776902,5539778,164703.90513586966,1.065062233431031
55965,20,6380,4920148.5,4895787,4967074,15037.78534359365,5055455.0,5037527,5124358,16662.293094289274,1.0275004910929009
40875,21,2339,4511008.5,4487505,4533788,12211.83285069581,4706083.0,4682396,4749072,13930.035258629701,1.0432440994070395
58997,19,4363,5783574.0,5754438,6261254,88231.80678817966,6002508.0,5981016,6061962,17609.256065458554,1.037854447786092
44863,21,4971,4868916.0,4853824,4890302,10708.484217043357,5044604.5,5018144,5087871,13856.019789086458,1.0360836991231723
16190,20,4455,2048825.0,2040152,2158803,50481.47056698681,2132722.5,2123770,2217371,37743.774824186425,1.040949080570571
46551,20,1562,3946700.0,3926234,4236574,129102.38654506826,4169895.0,4154661,4824556,144304.39180484274,1.0565523095244127
88500,20,3755,6591732.5,6530435,7483942,412425.33154038386,7013254.0,6982677,7923085,239172.90645477246,1.063946997242379
55065,20,1128,4803540.0,4776458,5092749,98405.3487399045,4985054.5,4972076,5011618,9877.927364696616,1.037787652439659
14644,20,146,1978838.5,1967618,2034221,26392.263058117784,2005603.0,1995430,2099131,38680.46947636781,1.0135253584362747
77853,20,3808,6036495.5,5865668,6602660,231514.7154648394,6287407.0,6257063,6877217,187644.6126361361,1.0415657561576912
38019,19,746,4134023.0,4114150,4342340,54013.77764711724,4226169.0,4208162,4259541,13055.479130958347,1.0222896679578222
78038,20,2475,5959171.0,5865967,6662358,255073.8330680158,6298209.0,6261762,6922392,191945.63623705774,1.0568934840097726
51558,19,5549,5206018.5,5179926,7442750,420350.98091820045,5365470.0,5344795,5587367,41116.949759598334,1.0306283006869836
75532,19,2235,7137299.0,7102490,7605638,112613.62623545555,7394944.5,7364747,7577662,52582.05625872342,1.0360984596553962
81633,20,1725,6155656.5,6105337,6805593,246706.57046573682,6560323.0,6527575,7225615,203429.4575061149,1.0657389670784911
51894,19,1766,5229705.5,5200967,5577632,87645.96334464013,5399149.5,5377405,5458513,15038.515093105287,1.0324002948158362
79583,20,2013,6066702.5,5969599,6658966,235050.55761934613,6399274.0,6366450,7055106,192996.80285445147,1.0548191542275231
43155,20,2848,3734906.5,3714757,4124200,123360.84716693271,3957815.5,3933052,4626262,142046.34867100793,1.0596826185608663
81187,20,5327,6207002.0,6125695,6889696,234372.1160728644,6529305.0,6495546,7144421,194789.33396438832,1.051925712284288
50181,19,3217,5085510.0,5056909,5290850,57642.58138236197,5262667.5,5246974,5453245,35821.757066977545,1.0348357391884
90104,20,3134,6732451.0,6617862,7534133,280584.0097734723,7135756.5,7101914,8025006,240648.0608600313,1.0599047063246356
87258,20,216,6666240.0,6609549,7558036,353842.72110826144,6918741.0,6890942,7740222,234405.13472870475,1.0378775741647466
32151,20,3914,3039185.0,3024923,3375286,101930.36743684385,3208428.0,3191977,3365967,71586.46657235957,1.0556869687103614
90789,19,2324,8380222.5,8330826,8742364,123395.22795383494,8684618.5,8649072,9128305,131941.49620228994,1.0363231405848712
68366,20,2972,5353897.5,5294239,5996972,225957.01055151812,5660498.5,5627017,6138842,160176.36268108763,1.0572668789419297
63956,20,3362,5388372.5,5355668,5838467,116960.5092276116,5639140.5,5611148,7209232,387509.9042794032,1.046538727602815
45597,20,4981,4148684.5,4120259,4313321,36443.19959744052,4309945.0,4291578,4782519,85444.03506405036,1.0388702732155217
103686,20,2804,8255382.0,8091245,8442721,89044.83171212129,8057168.0,8010433,9297021,352120.58185963164,0.9759897240369979
37498,19,2373,4064477.0,4047782,4335039,92969.36414767083,4180192.5,4166861,4551664,71801.32762882746,1.0284699605877952
91640,20,2564,6835668.0,6733180,7744448,301770.81787450885,7242148.5,7213210,8099113,243925.81430647447,1.0594646346194696
108635,20,5675,7988436.5,7865962,9238723,410648.6318836525,8396342.0,8352769,9752521,357558.1197343712,1.0510619944215618
102499,21,4138,9857402.0,9723224,10435089,238767.18435214015,10236067.0,10187529,11194494,272533.60367440316,1.03841427994922
63746,21,1476,6472229.0,6435093,6931414,140616.7110015378,6747047.5,6720699,6926590,50218.93632358437,1.042461183002023
79416,19,3495,7469202.0,7413949,10549401,554152.088735354,7705936.5,7682853,8066159,97050.43916407018,1.0316947513268486
75163,19,1027,7123509.5,7104459,7329121,64746.99421207821,7367079.5,7342694,7542985,46640.60710077527,1.0341924159713691
70137,20,4413,5438209.5,5394607,5981164,206515.13568181064,5768110.5,5734874,6548624,199596.61114681614,1.0606635327307636
15590,20,2904,2015686.5,2004824,2115493,46211.45455158638,2089563.0,2078339,2212780,39591.387381895736,1.0366507887015168
90449,20,3785,6717737.5,6649649,7553544,314042.36058535514,7169081.0,7132707,8079694,240798.93788488768,1.0671868318760596
91292,20,2969,6753100.5,6710074,7661946,321926.46554593625,7223071.5,7196401,8121141,245866.1133809325,1.0695933667801922
77623,19,5055,7347592.5,7288736,7660014,87857.66679842016,7569360.0,7539776,7828195,72676.48409233439,1.030182335234296
66498,19,2843,6399198.5,6365200,6929537,155535.23091263138,6637673.0,6612049,6734600,25784.3324377852,1.0372663076477469
88626,19,1274,8175436.5,8135709,8815491,175905.56403581062,8482282.5,8459898,8935416,134619.37768185118,1.0375326748608469
97728,20,1658,7153611.0,7105138,8157112,402096.6565512769,7657355.5,7613869,8747465,285388.70933612436,1.070418212564256
92665,20,4207,6852316.0,6788905,7817455,326857.29361914535,7312209.0,7265577,8248105,255560.79592404014,1.0671149725144025
99065,20,1940,7442622.5,7201297,8277940,373077.84167752444,7752896.0,7700453,8902884,291302.5573667809,1.04168873270141
114965,20,3149,8264059.0,8167205,9910836,602697.1886995482,8835250.0,8790918,10400672,391470.65383738826,1.0691174881495884
117126,20,3929,8378966.5,8291995,9811122,632373.9065322746,8994674.0,8925132,10610462,435487.1973416593,1.0734825112381103
100941,21,3047,9671140.0,9603710,10488452,330114.0255618352,10099770.5,10051207,10952948,248291.6212609591,1.0443205764780574
89623,20,3973,6691342.0,6587778,7673831,315611.8467765535,7105511.5,7068170,7936202,233531.01134300965,1.0618963281207268
98693,20,399,7290836.0,7213235,8269208,319432.1022233833,7736384.0,7692334,8863072,322759.1888595996,1.0611106874437992
88324,20,1294,6563793.5,6519158,7541245,314506.6083477933,6995676.5,6957512,7846757,232600.90890025205,1.0657977738026037
132063,20,3205,9846692.5,9661882,12098046,572296.7272074561,10058349.0,9999825,12273090,565641.2554756916,1.0214951873433642
118033,20,2333,8436333.0,8383824,10161290,779938.048494626,9024113.5,8976230,10722627,444965.9064638498,1.069672510556423
93946,21,2266,9259032.5,8991472,9755426,238080.53605581078,9455960.0,9420476,10189086,196226.90672416292,1.0212686908702393
127151,20,5870,9610871.5,9195926,11033967,429156.64334433735,9739651.5,9616146,11689149,510652.44390409347,1.0133994092002998
101907,20,4801,7549603.5,7410956,8827286,493122.4046903218,7935566.5,7878019,9180432,321258.0433044786,1.0511236119883647
119766,20,2149,8702807.5,8615034,9933075,567249.158383729,9144524.0,9094165,10886943,449246.2880026747,1.0507556325932752
112196,21,2889,10717437.0,10531429,11557701,341794.0266725366,11096138.5,11047509,12232444,323731.72767903056,1.0353350805794332
113477,20,4088,8177257.5,8112472,9946807,653759.3788234501,8729587.5,8673544,10225353,381864.4370968737,1.0675446505139405
113105,20,3788,8139426.5,8072230,9544792,591458.9198102801,8704959.5,8644968,10125340,397141.78243961633,1.069480693756495
118316,20,4503,8541977.5,8453517,9933022,596189.803766199,9075634.5,9007401,10737041,420537.7384951386,1.0624746436056522
81756,20,1040,6187254.5,6139137,7289760,335741.9551221328,6577586.5,6547143,7295178,210539.36016111096,1.0630864626628822
106632,20,3598,7836022.5,7652826,8917565,474024.1499319547,8271819.5,8227966,9586556,336315.6377029521,1.055614567211873
112868,19,2526,10154517.5,10079289,10843626,291119.1789724022,10526702.0,10493790,11485386,264474.1645464008,1.0366521107477533
99023,19,3919,9294933.0,8987012,9890197,239755.6103941516,9385540.5,9341712,10005549,179848.30897518113,1.0097480530521306
128784,21,2768,12566702.0,12378306,12886784,130909.38353236309,12662329.0,12599072,14543374,649939.5168032381,1.0076095542012535
132843,20,4174,9480830.0,9355843,11335783,813114.620663669,10115865.0,10053428,12807735,627292.1793976862,1.0669809499801177
133209,21,4053,13995122.5,12414233,14560015,758810.4280379777,13051035.0,12967001,15457037,622106.5568732033,0.9325416765733919
117392,19,3838,10706791.5,10615422,12104936,545736.4771717502,10936673.0,10882389,11909427,292024.93750038993,1.0214706245096863
91483,20,5677,6921594.5,6796494,7915236,311693.0178600609,7220874.0,7195038,8129853,246761.10376436065,1.0432385196792444
94560,19,5010,8675107.5,8634006,9096446,122994.39734062414,8986270.5,8954128,9520752,163919.25083502414,1.0358684892377414
137287,20,4891,11394643.0,10182905,12463129,653024.6647363192,10927001.5,10373819,12776914,604501.3006151811,0.9589595303687882
89912,21,4865,8846836.0,8701929,9991646,365629.3724578605,9113720.0,9072418,9672632,164267.54531696826,1.0301671693699306
90162,21,1081,8841471.0,8677350,9415840,188629.2672718514,9126454.5,9095759,9749252,171394.007887233,1.0322325888983859
67763,20,1314,5301173.5,5239557,6048200,233702.55297449266,5617301.5,5581732,6151220,172980.65326736847,1.0596335886761676
149981,20,3623,12777491.5,11300836,13213314,730868.1371823846,11889113.5,11338956,15266873,855909.266212361,0.9304732075149492
78419,21,4673,7738309.0,7691449,8940884,360600.8730014468,8052216.5,8023854,8431898,108503.30508218017,1.0405653870890914
119893,20,3273,8999645.5,8488751,10111774,569095.851758407,9164786.0,9112388,10964980,468440.16280755174,1.0183496672174477
104927,21,1358,10029763.0,9939348,10835413,339124.5542379181,10458271.5,10415213,11355541,268402.0344694979,1.0427236914770568
37994,21,3179,4265855.5,4246372,4531831,64976.40600940382,4431568.0,4410914,4479703,14125.687125076627,1.0388462525277755
179468,20,4560,14990324.5,13436205,18319607,1036752.6712292404,14708103.5,13710393,17303384,909257.3920440204,0.9811731227032476
130557,19,6081,12126050.0,11729580,13960379,504320.6277451864,12064598.5,12006870,13470930,406047.2802055391,0.9949322739061772
108930,20,1941,7862517.0,7811435,9395189,693966.5682138875,8410683.0,8368168,9753865,357732.73105338326,1.069718895361371
102808,20,1209,7554799.5,7471977,8722581,513284.24215721514,7984956.5,7948632,9218636,323372.5436094292,1.05693824170979
179783,20,2797,15230501.5,13219040,15909944,988826.6321074151,14775330.5,13758380,17642782,948096.4257041117,0.97011451001794
133325,19,4000,13164339.0,12745815,13928621,299372.02719867724,12317768.5,12260536,14117062,468221.3924920334,0.9356921376758833
194594,20,4314,16502039.5,14046109,17216302,1181918.5483374663,16729566.5,15151059,19008630,1002429.9148138704,1.0137878108945262
47155,20,3759,3998165.5,3953014,4789848,276261.09504256415,4208245.0,4187343,4506942,112194.00049079668,1.0525439729796078
107739,19,1666,10969835.5,9689989,11305676,633454.1521581985,10133817.0,10082943,11780058,355901.2395969421,0.9237893312073823
69792,19,4243,6670321.0,6634140,7191368,157210.82318821648,6908700.5,6877552,7014814,28930.040842637372,1.035737335579502
117285,21,4836,11492777.0,11191468,12292765,243844.5191052874,11605267.5,11536549,12956424,399695.0325565801,1.0097879302800359
147619,20,2585,12940579.5,10521595,13337765,1152344.5290849723,11737203.5,11186158,14393610,739336.6684510108,0.9070075648466902
119480,21,3543,12482960.0,12087864,13660505,343639.67488157644,11796678.0,11721894,13560534,465671.27756035514,0.945022494664727
75236,20,6247,5890633.5,5844706,6779167,261521.49116788132,6126802.5,6100395,6721615,184084.07770178458,1.040092292280618
92659,20,4587,6962836.5,6811062,7798126,318626.8370341376,7299170.0,7268461,8238095,254370.47424569324,1.0483040927357694
98956,19,1069,9093136.0,9009267,9530202,148844.82192773416,9375992.5,9343251,9961834,172808.6290446715,1.0311065951284573
100860,19,2577,9205860.0,9123822,9745935,171548.60791423585,9525158.0,9486892,10171554,174690.2416769275,1.0346842120127833
108825,20,1923,7990783.0,7928864,9051341,482790.8220888548,8412690.5,8362072,9806228,358902.52741598553,1.0527992688576326
193659,21,4134,19822561.5,18622512,20729203,640282.2570543608,20513939.5,19612820,22917253,837334.6813833655,1.0348783379988504
141309,21,5040,13965930.0,13674239,15016880,366908.84271334874,13807235.5,13724944,16087855,668514.7189918101,0.9886370259624673
91484,19,468,8558209.0,8437760,10066751,426664.5596977001,8740077.0,8704769,9152976,119871.9931497716,1.02125070794602
208287,20,3366,17278671.0,15583389,18214449,865066.0670011466,18131326.0,16402893,20696928,1079184.657298144,1.0493472559318944
116728,20,5234,8525301.5,8345325,10519023,819698.8671778876,8961222.5,8899574,10624184,414873.9634645202,1.0511326197671718
118601,21,1165,11351436.5,11222334,12120530,333163.9763292144,11708316.0,11646250,13170691,411271.6372605404,1.0314391486927668
124483,20,3852,8958613.5,8816558,10560541,690150.7348063746,9586421.0,9443136,12530494,696823.5497531231,1.0700786455404065
131544,20,2309,10145013.0,10046100,11162369,432078.2417824346,10626374.5,10526468,12240570,468295.1147401022,1.0474480909980106
117719,24,4407,9970096.5,9237614,11740089,550105.1329811865,10007036.5,9901876,12016625,576678.3120548194,1.0037050794844362
124687,19,1793,11308451.0,11078728,12803382,680715.358028571,11555654.5,11507026,12799823,349515.1742786459,1.0218600673071847
35005,20,4901,3423356.5,3406735,3935635,124209.55390054878,3557908.0,3536990,4075271,93273.92908765498,1.0393039696566806
89748,20,1444,6720745.5,6612788,7554919,300888.8576941917,7109292.0,7066960,7965153,240732.4284406421,1.0578130060125026
31974,20,3091,3036515.0,3019648,3381706,110778.83097828554,3191949.0,3174478,3399325,74868.88918413754,1.0511882865719417
116813,20,6236,8729858.5,8481554,10182800,426020.8326577847,8952958.5,8909351,10663698,420188.83109539637,1.0255559697788916
128602,20,3968,9348323.0,9172974,10834984,645932.5935929478,9779100.0,9713759,11849899,542707.2925255381,1.0460806713674742
55484,21,4680,5759291.0,5735463,6340974,162235.99308709725,6003524.5,5978963,6032037,14841.983408523569,1.0424068691788624
111439,20,4054,8619435.0,8326900,9293825,223174.17774699852,8582197.5,8528551,10007728,372290.8431722644,0.9956798212411835
99732,20,4056,7325025.5,7244100,8455842,496900.71571483195,7797403.0,7757770,8966444,327610.5136802084,1.0644881714063656
250633,20,4665,19349366.5,19133708,20844446,427273.09156460915,21944987.5,20698418,23872747,713950.8229331805,1.1341450119310108
249611,20,5008,19288353.5,19115619,20985928,422024.1536924437,21831436.0,20670024,25337754,930259.6992854445,1.1318454942253107
242553,20,5952,19034274.0,18081649,20923399,543226.615075047,21047102.0,19842827,23103799,704212.886491944,1.1057475583255763
245891,22,5993,25571482.0,25446018,28403525,524138.0540342401,27520568.0,27410794,30392197,523918.1571672993,1.0762210809682442
243845,21,5515,23629720.0,23408646,26744886,677368.0607570491,26187385.0,26090496,29239192,557310.6285620694,1.1082393274232618
248360,21,6092,24725521.5,24603034,27793765,578286.1138355121,26748283.5,26605367,29744478,544135.4690694639,1.0818086688282793
239178,20,5898,18697338.5,17878907,20774959,516302.54820081027,20776765.5,19548125,22797225,701282.2255929563,1.1112151336405447
244366,20,5145,18848083.0,18700309,20618831,389392.99168872944,21293908.5,20149638,24817673,947387.7192719778,1.1297652127274693
249218,20,5612,19403417.0,18783949,21804561,515905.42349547945,21788000.5,20607380,23763541,679839.1369267161,1.122895029262114
247777,20,5500,19272527.5,18900894,21024006,379052.9685853138,21722738.0,20498788,23654977,704406.1652706594,1.1271348815042552
248200,20,5528,19291268.0,18787979,21039518,404547.22096042824,21746317.5,20492220,23781154,711588.3148412,1.1272622152157132
244173,20,5507,18913411.5,18602357,20787083,399583.5963102215,21268335.5,20109266,23179577,666683.6151190333,1.1245108001800732
244407,20,4955,18781134.5,18638763,20550126,467641.99612878606,21344856.5,20089770,23353373,699161.7848965089,1.136505172251442
244256,20,5288,18929078.5,18671632,20625554,362170.79041022283,21293666.5,20121426,23225210,690318.5071261019,1.1249182837928429
250471,20,5411,19486972.0,18977988,21810399,578374.5244532636,21910216.5,20687635,23844194,692291.9228780337,1.1243520286271258
247163,20,5511,19206152.0,18781612,21036311,441650.70610172866,21595788.5,20436681,23568876,682013.3498197662,1.124420368015415
248518,20,4946,19168986.0,19008801,20858243,454275.8706712879,21767855.5,20536914,23662805,682161.6185652529,1.1355767853343939
330200,4,14383,6926578.0,6892766,8747905,440310.3470858355,6881343.5,6862885,7088104,59416.402380534244,0.9934694303594069
338296,5,7869,10234771.0,10064946,10580397,118508.29410825594,10026518.0,9952424,10532359,203786.19793669376,0.9796524025794031
381362,3,16866,9912792.0,9897597,10352058,132065.47320525866,9939130.5,9919421,10174654,78468.78654627939,1.002657021351805
286874,7,2647,12586582.0,12264135,13185251,300210.51156126545,12444329.0,12236380,13043677,220000.22309965707,0.9886980436785777
278695,5,19594,8424248.5,8375533,8978319,188852.09742482784,8404597.5,8375445,8878830,111064.22960415995,0.9976673290205055
256828,2,6340,4923433.0,4907087,5070904,34015.74938709356,4910347.0,4899391,4944546,8396.591865751247,0.9973420984910326
278365,3,18194,7513170.5,7496330,7799645,56977.75650475855,7522656.0,7509064,7876426,68672.71754136104,1.0012625162705944
332702,6,16957,10259751.0,9999723,10982453,244630.9788651947,10218561.5,9997406,10793508,271088.556809314,0.9959853314178873
433987,7,13653,19485532.0,18790232,20586257,452516.13972427184,19121955.5,18801077,21012827,417690.94329579244,0.9813412074148142
280327,3,1417,7688227.5,7667264,8625227,208492.13106275472,7569500.5,7558462,7656931,19577.461774789226,0.9845572988052188
393962,5,1198,11966380.0,11573815,13160017,427012.0740293677,11616082.0,11457925,12334020,272824.49270687846,0.9707264853698445
359199,6,4410,11106546.5,10953011,11570632,194329.49669765923,11130251.5,11050513,11529762,131546.77979578215,1.00213432681347
289171,6,1341,9023490.0,8916588,9662251,244110.74206674905,8842592.0,8805878,9472511,224057.07243383816,0.9799525460769614
306841,4,13689,6498826.5,6470793,6983549,118260.65070172564,6461760.0,6448785,6557938,29329.647968035497,0.9942964318250379
484274,2,11142,8317827.0,8298323,8578066,77275.8005048943,8327581.5,8312578,8786934,94431.96869192246,1.0011727221544762
484587,3,19374,12292817.0,12272784,12826857,162772.8116416525,12323996.5,12304108,12783209,139461.33998121324,1.0025363999154953
355030,2,2716,6471810.5,6450724,7068003,124567.98893882096,6403039.5,6390081,6463942,15498.851953899324,0.9893737617935506
424514,5,13760,12609999.5,12480655,13375282,190116.29290999757,12715210.0,12597959,13278771,124771.35113331194,1.0083434182531095
283366,2,8680,5316230.0,5305908,5665479,74674.5670931915,5316215.5,5302099,5371120,13433.82438076862,0.9999972725032589
437817,4,2256,9056949.5,8908482,9811320,263853.48807924107,9022019.5,8734087,9535738,246734.8909632473,0.9961432930591034
484262,4,3450,9893388.5,9791906,10600345,265012.3033421153,9940365.5,9654301,10441664,241427.0260723011,1.004748322579266
297519,6,11006,9065817.0,9033193,9834866,222629.85255275678,9305842.0,9034854,9644686,163403.59031259242,1.0264758267236147
282466,3,813,7842174.5,7821040,8207400,109848.3917396862,7628586.0,7606163,8097974,85727.6418508445,0.9727641230120548
381610,5,19154,11505464.0,11223011,12075491,193854.94021474468,11457400.0,11083178,11978370,268138.7374317507,0.995822506593389
364327,4,15038,7519621.0,7482161,11022631,634348.8153241008,7468673.0,7452300,7832650,110063.4460826068,0.9932246585299978
476048,6,6021,15570429.0,14618592,16249343,486481.5852513319,15237786.0,14653651,15447822,277382.94430971943,0.9786362341076151
272128,2,18288,5126062.5,5112569,5617103,103361.62419405096,5144245.0,5130833,5633997,88293.4311578538,1.0035470695099797
300994,2,15699,5575221.0,5558722,5691157,29264.757140610083,5588708.5,5579146,5603272,6550.391304342054,1.0024191866116159
354967,3,12686,9304181.0,9292940,10007220,152987.52796284482,9323063.0,9307155,9775070,92095.7528625084,1.0020294102189113
279801,7,6186,12294507.0,11964891,12906792,271846.1583476315,12139673.5,11956451,12699606,196391.79265677914,0.9874062864009105
357639,7,8787,15608193.5,15433736,16242823,203548.88133166768,15583210.0,15378325,16141403,222513.42668581198,0.9983993342983607
353994,4,13095,7343385.5,7310644,8032499,222756.6162605477,7290609.5,7267315,7603943,93108.62564114144,0.9928131241373614
292279,6,15043,9107983.5,9008853,9395270,84878.04890230585,9151827.5,8899577,9607079,172030.37207050258,1.0048137987953096
419514,2,12907,7339658.0,7325259,7746791,109947.20429883101,7362402.0,7344234,7396385,10508.143792157904,1.0030987819868447
356493,3,9577,9348695.0,9334917,9835178,103371.89081168159,9355024.0,9343496,9512644,42786.331431960316,1.0006769928851031
495353,5,2884,14904673.5,14135961,15880482,604791.913926894,14500857.5,14153950,15657340,457750.7858058053,0.9729067530395752
256973,3,7986,7021528.5,7005145,7628324,149243.9787752666,7014158.5,7009728,7097566,16964.611408720473,0.9989503709911596
291694,4,11394,6237622.0,6203861,6790846,126755.96415431067,6272701.5,6190869,6396587,45947.621619368576,1.0056238579381693
395729,2,7093,7011712.5,6995881,7117653,28330.631566262924,7009068.5,6997661,7222723,39248.58103395445,0.9996229166555246
488732,7,4391,22433037.5,21666518,24630025,571571.2120861086,21768633.5,21291313,22475545,299759.5262638963,0.9703827892232606
270634,5,13576,8182328.0,8150574,9178979,241463.11255738192,8179095.5,8157665,8659391,97977.50211567279,0.9996049412832143
268004,6,11596,8253431.5,8233325,8749300,151269.95648423827,8244698.0,8224886,8632364,144267.69493774412,0.9989418340722886
296256,4,9725,6342979.5,6313329,6880239,160705.17033659978,6323733.5,6301408,6845985,103094.34096175642,0.9969657792524791
487342,4,12845,10244880.0,10044592,10979774,181516.00156913316,10002664.0,9606612,10738124,318957.0576647096,0.9763573609451746
300266,6,16476,9381968.0,9233431,10378764,219152.98206165634,9397073.0,9250535,9706068,111459.01270719305,1.0016100033596362
478109,5,12178,14175421.5,13603344,15000213,341124.3041257932,13983473.0,13576899,15041733,429346.57177285885,0.9864590622578665
307617,7,15430,13471603.5,13085697,14293017,314880.09032949706,13357056.0,13246686,13834440,161077.6838462182,0.9914971146530552
299559,5,15976,8945688.5,8914892,9535484,185989.7890302374,8944810.0,8923297,9511332,141370.50096276175,0.9999017962675539
264222,5,9411,7999463.5,7978752,8375214,92391.13208509545,7999302.5,7983888,8157301,47172.883081384796,0.9999798736502766
319042,5,11425,9456176.0,9435479,9976284,177288.83374346132,9456317.5,9431267,9930433,146998.6725016439,1.0000149637654798
266896,6,15859,8220340.0,8194677,8720760,152100.8035921536,8222020.5,8194289,8704385,160513.345318592,1.0002044319334724
266578,3,14196,7230162.0,7211456,7573288,99833.66774410324,7247328.5,7227688,7293232,14427.157646797777,1.0023742898153596
284312,3,12532,7656727.0,7641448,7803260,32718.67875225608,7671191.0,7656493,8029330,69819.77067657046,1.0018890578180468
299868,6,13526,9468456.0,9230256,9948619,137309.0622277431,9195725.5,9096416,11568205,477014.5747665672,0.9711958845243618
317772,6,10904,9782679.0,9580276,10444438,210335.15074362472,9848891.5,9648200,10236230,164748.35788566552,1.0067683402470837
323539,6,7944,9911056.5,9734393,10548816,268802.37897604046,9930236.0,9724356,10547442,264753.4027049427,1.0019351620082078
389917,5,11850,11515413.5,11298360,12227109,249125.45788464136,11514177.5,11309004,12164997,269147.1208268176,0.9998926655998935
307745,5,13642,9160152.5,9138457,9726926,170843.84916411244,9158317.0,9136495,9507961,125132.57642998308,0.9997996212399303
328174,6,9955,10181511.0,9877263,10740953,204465.46298217587,10045952.0,9859588,10656401,246983.43162576717,0.9866857679572315
293901,7,14055,12897924.0,12502871,13364546,236403.49357928985,12822644.5,12506611,13109426,173309.9803821048,0.9941634405660942
306085,6,11082,9494227.5,9369615,9958894,131034.25393832459,9577362.0,9389188,10038278,147355.79951570355,1.0087563206169223
276762,6,10488,8485768.5,8468825,9049453,167114.59432698335,8483101.5,8473824,8936840,127660.8471468271,0.9996857090786768
306940,6,11428,9510180.0,9364246,10078764,167419.13456121637,9526138.0,9377195,9845982,113952.94267457754,1.0016779913734546
329680,6,12095,10130968.5,9912531,10734736,217876.37424685483,10074099.5,9901306,10721173,268081.6705393588,0.9943866176269327
304079,7,11078,13147755.5,12893206,13789806,259938.24242145589,13003515.5,12903495,14048202,316178.86597783887,0.9890293061808154
273621,7,11201,11974149.5,11815693,12486648,197052.66838676235,11966468.0,11709864,12620351,175958.3552322064,0.9993584930604048
313325,6,12726,9815221.5,9552214,10132867,142619.377832841,9814637.0,9754916,9928825,44650.791637177805,0.9999404496373312
255244,6,12847,7944739.5,7882083,10085959,421751.93261297833,7900707.0,7885008,8184819,99269.96953211311,0.9944576533944254
286618,5,11358,8609823.0,8586561,8955404,92927.39246403913,8605510.5,8586796,9078886,109170.90121444144,0.9994991186229961
284254,6,14614,8819005.0,8674841,9269234,175569.37391194463,8721893.5,8669967,9238311,192075.62885361645,0.9889883836101692
285771,6,17472,8946662.0,8726866,9299358,155108.93142419474,8907784.0,8716361,9268344,146566.54677288706,0.9956544686722266
291847,6,7478,8995849.0,8886100,9492699,205052.63970172525,8950895.0,8883714,9489185,213730.32308674767,0.9950028062943254
293768,2,17666,5466585.5,5450913,5851677,103109.13584000313,5482921.0,5468167,5502922,7676.809613736396,1.0029882455876709
304220,4,11192,6480902.0,6432366,6839843,96472.18914646967,6423946.0,6408140,6607550,53767.97488738068,0.9912117171344359
265768,4,19025,5768198.0,5744177,6319157,139738.62769297385,5737539.5,5718820,5883698,42399.381231871244,0.9946849085277586
293097,6,10946,9010821.5,8925800,9714850,226614.7790690159,9088140.5,8931445,9436676,178448.56882121213,1.0085806826824835
288986,7,7851,12586518.5,12425474,13068178,186802.60403800287,12535155.5,12320649,13076968,230474.23514768895,0.9959192051400075
311551,5,10288,9265233.0,9237055,9911245,200272.0340962817,9269098.0,9240443,9674717,125252.13876468892,1.0004171508692765
294358,6,9767,9141751.0,8960519,9580890,190604.97507199427,9182973.5,8957207,9556955,190396.0420241888,1.004509256487078
342651,6,12807,10525153.0,10395873,11092035,176071.20634973227,10564676.5,10253380,11127233,271574.49402051524,1.0037551473123478
308537,6,8668,9664601.0,9506694,10104375,149722.71101599414,9672965.5,9454367,9906440,92930.58218709395,1.0008654780471538
309061,6,14786,9681623.0,9610758,10202942,111763.34706540524,9663725.5,9561290,9821116,70496.84787090366,0.9981513946576932
276819,6,13494,8495092.0,8483128,9101530,168532.88252986912,8499823.0,8479986,11557958,562500.820275475,1.0005569098015654
320436,5,13030,9498256.0,9479436,10025480,150805.96720719937,9495338.0,9474282,9977204,148673.65394678674,0.9996927857071867
289567,6,11193,9010321.5,8845920,9469170,160390.23624990048,8871747.5,8821257,9380933,179961.66681045038,0.9846205265816541
293503,5,12320,8823048.0,8764440,9260092,140345.45975625844,8790371.5,8766928,9531362,154071.84029197766,0.9962964612682601
297449,5,9252,8899915.0,8876081,9295300,134784.60491360116,8894121.0,8873239,9192745,91085.34151916114,0.9993489825464625
322236,7,10419,14053904.5,13934562,14542819,158170.2688901496,14038025.5,13917221,14436838,127980.85907737227,0.9988701360536497
262880,6,9536,8112610.5,8092183,9021546,251608.9760289344,8109280.5,8089386,8478043,112324.81249919311,0.9995895279330864
298157,6,5990,9224161.5,9080219,9648400,186787.52910521682,9166834.5,9057448,10045850,244168.91677619863,0.9937851261602477
283253,5,9348,8527186.0,8497595,9082747,161121.9476934026,8522985.5,8494828,8746955,70511.94869180369,0.9995073990411374
337427,6,13485,10521091.0,10405205,11007421,140169.02661428292,10537308.5,10368167,10708975,57093.12216177084,1.001541427595294
290005,5,13317,8707374.0,8685549,9141726,121372.7947101134,8707992.5,8686019,9181350,117104.9399703104,1.0000710317484927
319368,6,11123,9800637.5,9686341,10393587,175820.09567296025,9870049.5,9728829,10250421,144262.43077862187,1.0070823964257427
346193,6,11037,10538680.5,10340387,11653338,299386.87361485424,10443419.0,10344629,11260392,320155.0530347739,0.9909607754025753
305170,7,12356,13146228.0,12943267,14125115,320319.8583019115,13221025.5,12947035,13814927,242071.84357907742,1.005689654857652
270631,5,10993,8184253.5,8167573,8951081,167687.13963834225,8187486.0,8159267,8355444,50321.080553548,1.0003949657717714
295044,7,10043,12879251.0,12563123,13447767,211551.19357666653,12819758.5,12547781,13540394,258046.468367437,0.9953807484612265
291131,7,12130,12637615.0,12516164,13241914,218815.36017033228,12660261.5,12502445,13158324,159638.3069044102,1.0017919916060112
312580,7,13988,13523963.5,13304822,14197707,244221.1657829299,13490783.5,13393964,14110636,218472.59614025333,0.9975465772293751
305776,7,12437,13253963.5,12975838,13863783,278636.4883885673,13113555.5,12962197,14084783,305528.16177305527,0.9894063387152077
279406,7,13550,12104348.5,12031266,12802912,235603.3751825772,12145000.5,12050041,12642576,187256.26453168396,1.0033584624566947
306128,7,9542,13173961.0,12979266,13912466,242873.44615709505,13153589.0,12979053,13840959,263258.1823611862,0.9984536161903015
286658,6,12543,8885104.5,8735260,9476634,202363.89686827923,8850901.5,8735593,9285443,182208.29019156436,0.996150523609486
290339,6,10294,9033266.5,8862067,9467137,164348.80190144375,8986106.0,8856735,9453099,216253.45161545978,0.9947792418168998
317898,7,12696,13841434.5,13655269,14315215,166525.6558601373,13871378.0,13718895,14553457,177784.78609507685,1.0021633234618854
314439,6,10871,9752200.5,9495848,10223356,172207.9453287959,9801889.0,9571854,10106723,141987.5992957914,1.0050951064839162
304879,5,11845,9085936.0,9058185,9588899,155355.29978801278,9081965.5,9064837,9466170,113857.5347174656,0.9995630059467732
324603,5,10625,9607032.5,9582693,10134719,172534.89768212754,9610182.5,9579774,10092064,153856.87800688882,1.0003278848073014
311840,6,17599,9636442.5,9498229,11431603,426331.6406186216,9795667.5,9603750,10121886,118444.84959948895,1.0165232138312452
310339,5,19014,9233624.0,9210847,9756791,183611.8289814472,9239793.0,9213577,9633239,120729.93124881391,1.000668101711744
338357,6,9248,10526575.5,10416121,11253230,163943.21725798503,10562096.5,10477616,10738484,62726.03343412437,1.0033744117448262
320784,6,15817,9789576.0,9661114,10523823,299067.17540190974,9844164.5,9672647,10415219,238959.8472564981,1.0055761863435149
317142,6,10789,9802299.0,9697259,10242888,121977.15485051562,9864833.0,9742822,10369222,132138.47332016265,1.006379523823952
283426,7,10265,12287875.5,12110405,12880443,199784.4548234811,12287140.5,12094791,12825721,217867.61066138055,0.9999401849408386
316178,6,10876,9746367.0,9658432,10222027,141385.0649924996,9832298.5,9774087,10057575,77540.58394369292,1.0088167724445427
303384,6,12095,9445955.5,9197150,10158675,177881.33950393886,9455009.5,9377686,9726146,96601.21077465275,1.0009585054682928
334488,7,11530,14624574.5,14512325,15063430,139578.29042671915,14595020.0,14442694,15036441,131871.03612284324,0.9979791206916824
297099,4,11782,6321138.0,6303290,6969618,201729.6572233052,6312370.5,6247585,6521837,72091.78554219769,0.9986129870918813
312890,6,16903,9982365.5,9579192,10326083,211914.5485104367,9867074.0,9597517,10055735,112028.94370494419,0.9884504830042539
302908,7,13396,13318537.0,13204738,13704808,129393.15937970685,13223159.0,13170955,13506950,86011.9387854513,0.9928387029296085
312890,6,10775,9710395.5,9549350,10216692,175819.37745261946,9795884.5,9688448,9997907,86972.73007011387,1.0088038638590981
299104,5,10255,8937023.0,8914606,9456435,176216.82786970778,8934990.5,8919572,10641707,406426.5527081068,0.9997725752747867
340778,5,11450,10036735.5,10002420,10642557,181648.78439994826,10146260.5,10010635,10588905,192185.18537059223,1.0109124127063027
322852,6,13944,9998305.5,9724253,11019095,257733.5903694722,9968253.0,9711547,10507887,221283.74860848283,0.9969942406740823
299977,6,10896,9271911.0,9111449,9841558,173647.42976547818,9301731.5,9100251,9760200,212735.26565364967,1.0032162193964114
288692,6,8999,8881265.5,8798067,9473091,204687.76027248322,8856650.0,8789786,9375813,185478.9753452276,0.9972283792214072
316941,6,12102,9806604.0,9630834,10275511,156868.3585533637,9956935.5,9627965,10204322,186981.61928869432,1.0153296186936884
325748,5,12257,9641749.5,9622377,10206668,195783.4644226002,9638226.0,9608658,10109133,147557.86345424707,0.9996345580228982
309220,5,9023,9205318.0,9187637,9769456,148578.87075340003,9202466.0,9178287,10182138,204446.56271559626,0.9996901790899565
290806,7,11103,12738281.0,12647071,13036569,99035.9229708594,12689961.0,12510929,13082376,136163.66710561552,0.996206709523836
322598,6,12752,9763250.5,9703987,10551589,260835.1083896662,9920811.0,9707945,10476005,233749.31020718187,1.016138119164309
339034,5,12516,10043018.0,9972490,10631873,196439.6338730524,10001689.5,9971607,10542051,170776.32122433002,0.9958848525413376
316859,7,11640,13738721.5,13593914,14265372,201493.31826914812,13715167.0,13607056,14251762,174572.88188923334,0.9982855391602486
376259,5,10900,11241717.5,10948458,11878256,265995.33208302734,11111911.0,10954361,11785467,278087.8234397284,0.9884531433920128
319239,6,11731,9874733.0,9769601,10379749,141366.3166373447,9880864.5,9733753,12746278,532913.4293227174,1.0006209281810454
320137,6,8771,9919440.5,9838103,10456131,194480.99703411185,9930345.0,9815944,10303004,149235.4129370997,1.0010993059537985
273497,6,12259,8424595.5,8378266,9468890,242359.81583950753,8394075.5,8374775,8883851,151355.440380028,0.9963772741373755
331818,5,11403,9789493.5,9761828,10379126,173679.74153940796,9809133.0,9775893,10402919,171548.5979257967,1.0020061814229715
334907,5,10522,9945660.0,9850548,10493262,197765.60697096842,10104251.5,9851986,10467435,144961.82407049643,1.0159457994743435
344697,5,9684,10385575.5,10116523,10790606,193312.1864797544,10395728.0,10116169,10706867,191229.03422369962,1.0009775577675017
328533,6,12839,10066406.0,9871715,10728178,272144.5985675446,9995554.5,9881048,10675679,260148.5512266149,0.9929615892702917
324808,4,11188,6828414.5,6798355,7483602,168425.71842836894,6817627.0,6768044,7269015,107652.73043407782,0.9984202042802176
358080,5,11687,10765562.5,10645542,11162451,116962.59235674456,10696999.5,10468568,11134914,212188.3896739457,0.993631266364391
304457,6,12839,9519185.5,9230246,10211888,217111.74873275642,9506890.0,9345290,9764238,87707.48370642167,0.9987083453726162
330281,4,9264,6924716.0,6885706,7495270,145856.91111865995,6882827.5,6860953,7514924,133480.96352626052,0.9939508710537732
351431,6,8951,10978154.0,10760694,11387150,135875.90767533277,10968427.0,10912776,11186629,54684.68901528918,0.9991139676124056
425743,5,11957,12722371.0,12587125,13210805,155294.4663909897,12719698.5,12653590,13019621,95210.5486562924,0.9997899369543617
326054,6,10998,10066259.0,10013815,10696357,168142.40760425868,9991601.0,9797083,10610636,279558.2191885559,0.9925833420340168
318650,6,9833,9857944.0,9728199,10339479,159593.5962330012,9888352.5,9691934,12033430,432760.23399687756,1.003084669582217
294245,7,12931,12795193.0,12690575,13325573,189006.1192742623,12773519.5,12520665,13901673,255726.35961699372,0.998306121681791
326324,6,18944,10011843.5,9928825,10733462,201275.39820057494,10060285.5,9813243,10587458,237233.44052688315,1.0048384695585784
325601,7,13685,14098624.0,13888690,14873004,254520.71843010912,14119482.5,13942500,14675450,226522.12452907453,1.001479470620679
358931,5,13026,10542444.5,10487322,11349723,229693.1801971902,10578911.0,10481951,11191361,234083.4345925591,1.0034590174982663
333355,4,12138,6973594.0,6935527,7664160,176696.39273548665,6941464.0,6913831,7228042,104118.97964786355,0.9953926196449062
331474,5,9679,9786676.5,9764726,10351341,182521.30354285284,9779235.5,9754500,10321273,180459.63345175935,0.9992396806004572
351804,4,9729,7298595.5,7256027,7922386,168226.227318721,7257829.0,7232628,7653642,120189.4620815911,0.9944144733051722
300068,6,19747,9232166.5,9178866,9991021,229689.8596426543,9380987.5,9162882,9711344,164503.63293210953,1.0161198349271539
309373,6,19612,9582223.0,9500279,10176316,169223.73047476396,9651372.5,9520148,10196905,139165.3984190515,1.007216436102562
343129,6,11691,10575175.0,10466693,11065687,149849.47260025088,10543721.5,10254177,11098191,257525.08541198252,0.9970257229785795
331465,6,14519,10140560.0,9947123,10882231,272729.7957926062,10186213.5,9954642,10848758,266517.37149661034,1.0045020689192707
290528,6,19098,8987583.0,8885463,9578609,197942.9293343833,8936831.5,8843138,9433288,190814.55044770564,0.9943531536788033
308413,6,19717,9519835.0,9430315,10235074,189818.14626942284,9780834.0,9358498,10295145,225449.95325744076,1.0274163365226394
298357,6,18603,9307074.0,9105947,9823605,159366.7712106643,9240561.0,9067574,9726089,203149.45661578543,0.9928535004664194
313327,6,19134,9655334.0,9562281,10315056,191179.49116850607,9719643.5,9583047,10065017,129403.72521050372,1.006660515317233
337107,5,13838,10086547.5,9921154,10548571,171928.28703937386,9978282.0,9915392,10468732,185232.007558836,0.989266347082587
309819,6,19608,9577999.5,9487912,10230887,180264.98547096038,9607629.0,9469681,10271908,176139.03100707754,1.0030934956720345
310300,6,17991,9634139.5,9406905,10087827,161093.7568802059,9700654.0,9513335,9962391,98734.23995701796,1.0069040416116042
305944,7,18550,13102396.0,13080470,14315329,345764.7655470985,13056758.5,12956335,13854849,294971.2265527756,0.9965168584432954
343525,5,11670,10274183.0,10092494,11111755,259719.44855299577,10152850.0,10094234,10711501,202193.19752399903,0.9881904965095522
299776,5,11078,8958737.0,8933241,9488925,149706.8425304008,8956721.5,8933543,9440449,147958.60225800777,0.9997750240910075
318149,5,18328,9425156.5,9401756,9933241,156236.92891753287,9435541.0,9411248,9903934,141258.307030395,1.0011017854186295
308393,6,17765,9619841.0,9369402,10025239,168976.90830093718,9598657.5,9332293,9961404,153402.96657094202,0.9977979365771222
314834,6,18556,9747575.0,9536920,10352081,213444.0990620495,9810763.0,9606273,10167362,156385.40297071278,1.0064824328102118
319554,6,17735,9737133.5,9643054,10453318,237744.8177589764,9842156.5,9623626,10706032,261817.10020699564,1.0107858231583249
309774,7,19683,13290863.0,13265962,14536288,344734.736984727,13451688.5,13234610,14135033,231623.23721951756,1.0121004557792823
295474,6,19823,9130791.0,9039089,9889595,229443.20974809138,9075199.0,8987273,10733536,440626.7717438031,0.993911589915923
281109,6,11614,8628629.5,8585753,9262822,189169.78661698478,8671830.5,8589715,9132569,162242.48575213653,1.0050067047148101
327604,4,18575,6873590.5,6844841,7283504,148924.1012956451,6837548.0,6805873,7419736,125680.46862597846,0.9947563795079151
327798,7,19269,14029715.0,13979809,15454806,421346.2936330387,14152573.0,13945972,15123853,305757.42466675915,1.0087569847284852
317208,7,18844,13583345.5,13529171,14803445,360832.7903801242,13711544.5,13495574,14350949,229340.0548473356,1.009437954736556
317818,7,19546,13625410.0,13578827,14781258,331447.24616378493,13804692.0,13544592,14344871,214855.7522505868,1.0131579159819777
313038,7,19641,13427747.0,13397948,14568286,337599.4899344817,13510135.5,13274927,14193864,259956.41306205545,1.0061356905220213
316240,7,18773,13529609.0,13487285,14714257,351065.14310474566,13691573.5,13455410,14417251,272626.8620140091,1.011971114612403
318091,7,18312,13600402.0,13549453,14824041,353463.1520530048,13802617.5,13572083,14497018,242214.8407117601,1.0148683472738527
323861,7,19243,13855322.5,13803682,15126937,382693.30069306877,14011066.5,13764679,14871423,291702.054398443,1.0112407343820398
330951,7,19240,14149051.5,14100971,15620350,419438.25170458644,14331723.5,14064285,15255786,296829.6723222409,1.012910547396057
317179,7,18776,13571823.0,13519715,14828771,358186.3968215804,13716214.0,13496163,16200863,539805.924560522,1.0106390276383652
322568,7,17528,13849960.5,13736051,14979231,319502.27028889797,13970804.0,13783744,15069495,265477.22594747285,1.008725187338982
284342,6,19724,8823390.0,8733998,9569800,229373.60293629888,8713830.0,8681333,9233708,164397.52897974337,0.9875830038114602
317974,7,18901,13600254.0,13563871,14865296,365089.17031889467,13740667.0,13589571,14346955,203545.2944705592,1.010324292472773
338690,7,19793,14513951.5,14474262,16103668,435413.234263474,14716817.0,14423088,15392048,287115.14264425734,1.0139772755889394
318139,7,18503,13609050.0,13570469,14932168,375948.7616613451,13703195.5,13557042,14363375,259708.6366984463,1.0069178598065258
335479,7,17370,14396164.0,14243179,15585569,352549.52452131535,14530077.0,14310734,15204069,227106.76542503823,1.0093019918361585
336009,7,18819,14383788.5,14285827,15788466,410922.9519604159,14559553.0,14288173,15386031,294076.49403569964,1.0122196248922877
338402,7,19781,14503259.0,14435223,15916397,420466.64377327246,14623226.0,14401966,15932413,345269.8207457209,1.0082717270649306
288655,7,18691,12431310.0,12405266,13556061,309164.2543210468,12346715.5,12302062,13363989,289219.4673146425,0.9931950454135565
297657,7,19826,12819227.5,12791136,13870187,294046.7699421849,12947086.0,12709252,13720648,236810.10014984346,1.0099739629396545
344347,7,18811,14649745.5,14585039,16278867,459524.4135903796,14850378.5,14468285,15980699,433439.8680632785,1.0136953232395745
352532,7,17858,15074507.5,14869130,16537353,458305.38303102006,15225418.5,14851058,16094219,351297.05056180496,1.0100110069930974
263778,8,2611,7769913.0,7659431,8793384,420291.5082945751,7707132.0,7615179,8547924,372446.62382148433,0.9919199867488864
250833,11,6467,15477166.0,14305103,16069435,554059.6564839445,14824531.5,14552220,15401193,259526.6664432364,0.9578324287534294
261285,7,361,11711455.5,11602343,12829001,474959.4674116519,11258559.0,11210733,12211453,371073.796589994,0.9613287605456042
449554,10,17412,21257670.0,21144705,24219321,542327.9883348871,19084956.5,18890490,21670351,925288.987947826,0.8977915500616954
298438,12,13937,15180096.5,14532266,18490730,944326.5906069486,14486098.5,13977865,15568213,448109.2972468572,0.9542823723156174
473944,7,7638,20775837.0,20418696,21867355,429633.52498902933,20727762.0,20370074,21751621,353797.7926452654,0.9976860138053644
310118,10,3266,13575726.5,13290677,15137814,547390.8845230648,13389134.5,13234817,14426148,427243.5823917585,0.9862554685379085
382534,8,16413,11068814.5,10955122,13370991,666316.38848506,11095495.5,10767057,12627219,628251.6157182221,1.0024104659085216
424044,8,19380,12931914.5,12756582,15564903,763706.7058377289,12305597.5,11892234,14176384,770452.9082066094,0.951568114682478
486738,12,16465,27733514.0,26790191,29253914,576539.8894400822,23617869.0,23470012,25856227,620294.1403952205,0.851600305680701
485136,10,15903,23048895.0,22905335,25804653,513542.3944334575,20602224.5,20472938,23579267,1069973.5514389903,0.8938486855877472
322778,9,16322,13326585.5,13174321,16375140,743462.8189871022,13176102.5,12791780,14445561,546455.9532541473,0.9887080602904622
304706,10,17532,13205808.5,13136916,15800269,757768.7061615724,12884874.0,12608264,14345000,622762.0666277896,0.9756974743348732
410719,10,1643,18386910.5,18175063,18784362,125317.8513553259,18183355.0,18023766,18642692,152736.69496789784,0.9889293255655973
344219,12,19005,18871488.5,17523070,21782275,1059208.3086139723,16976493.0,16448963,17988118,391576.2872514187,0.8995842060895196
425099,8,1899,13194276.5,13108027,13978333,270344.0507607955,13139000.0,12948806,14512366,412256.1784695639,0.9958105698330636
317713,10,8302,14173917.0,14013697,14804821,244537.074213925,14075307.5,13931305,14730138,235464.36207399954,0.9930428899788252
387257,12,2224,18513649.0,18378127,20511344,781482.2647536723,18566915.5,18407156,20671306,628573.2894468622,1.0028771475574587
387734,13,4161,24477197.5,24330593,27389097,1168978.9416529776,24627918.0,24427751,27577575,896042.6594472368,1.0061575880980655
329376,10,7183,15797847.5,15455093,16099578,155724.38561477422,15249606.5,15105206,16135757,184165.44059798215,0.9652964747254333
477350,12,13372,26556235.5,25537371,27932480,545516.1696745161,23210689.0,23008871,25384805,631887.6888496141,0.8740203030659222
374725,12,13259,19857966.0,18967394,22163266,622591.7114685541,17949832.0,17777765,20013863,617455.9651788367,0.9039109040674156
344437,10,9028,16147380.5,15981662,16684665,192831.40001070593,15862422.5,15669786,15995713,99902.18213615534,0.982352679433051
432597,10,2619,18303484.5,18125670,20762459,1046253.801420238,18261531.5,18121262,20854957,967648.3665815921,0.9977079227728469
375136,12,13380,19939610.0,19035822,22058129,619036.8419116229,17918437.5,17803609,20053198,621253.653129938,0.8986353043013379
403727,10,4017,19054221.5,18955030,19554908,125578.8841306487,18740709.0,18560210,19213482,177333.47378646067,0.9835462970764772
431841,9,5867,18797205.0,18625220,19143787,128454.41564973761,18614773.5,18494511,19066274,137557.08047194645,0.9902947539275121
292392,12,5295,14753263.0,14407799,15216749,167704.9152134288,14489803.0,14309777,14783791,119326.33911441718,0.9821422555810196
253357,12,9050,12558370.5,12212336,13149915,228840.71971664534,12432328.5,12193788,12772018,127775.93267763691,0.9899635068100595
440238,7,564,19589509.0,19446816,20375994,272043.8765149148,19240396.5,18933583,19996041,260928.27345295277,0.9821785987591624
448015,8,16026,13289003.5,13046780,15710296,714367.5486585079,13118843.5,12697597,14990429,776587.2399272658,0.9871954281598315
285753,9,17937,11974657.5,11835046,16556718,999998.1655999335,11637428.0,11445891,12631991,443299.37001959025,0.9718380671848026
264346,8,17688,7948929.0,7887502,9310762,344099.5409467392,7750753.0,7626198,8377573,267430.7851341082,0.9750688426076016
462548,9,9680,20259118.5,19132314,21143354,584963.7574026095,19979737.5,19194078,20337789,356173.17973872705,0.9862096171657222
422178,7,9823,18499453.0,18249893,19503231,300509.2102855788,18486484.5,18174982,19091980,241788.24798327612,0.9992989792725223
399706,11,13092,24145776.0,23863034,27041701,554939.210530648,22623091.0,22483553,25439670,989556.2988711973,0.9369378312794752
416086,10,5732,19341696.5,19000288,20050583,279287.22026325035,18892856.5,18690160,19384651,154782.1770296029,0.9767941762502581
253387,12,1876,13174042.0,12910758,13332553,129502.44702287376,12932475.0,12488510,13265181,212271.28512804603,0.9816634105159221
381935,10,8867,17115275.5,16887947,17403583,141746.3933034747,17010608.0,16879571,17587660,132297.26149231344,0.9938845565179479
410588,12,1062,19812877.5,19710925,21616230,726041.7796107949,19828016.5,19609996,22747794,743918.9723105817,1.0007640990058106
380717,13,2286,23979138.5,23815461,26837842,1223193.595012878,24105544.5,23881152,27093681,903806.2206603318,1.0052714988071818
372960,13,2272,23450789.0,23255231,26408786,1239445.6224641856,23512808.5,23362680,26574775,942091.0242484924,1.0026446658148687
393995,13,2415,24779056.0,24613340,28003823,1332928.257113221,24972602.5,24785131,28109325,951675.5760211356,1.007810890778083
372213,13,1629,23349157.0,23169889,26490081,1324589.438215438,23529835.0,23292688,26517665,926487.6208518468,1.0077380952126023
369686,13,681,23309002.0,23149277,26222656,1230190.782280969,23352091.5,23161035,26318057,907751.3414013676,1.0018486205458303
375426,13,4120,23625227.5,23447739,26630762,1210903.4078541934,23702362.0,23547268,26748362,897689.5600614756,1.003264920940973
344299,13,3033,21613754.5,21408034,26691557,1436198.4033161781,21737335.5,21513312,24542465,879275.0221425104,1.0057177016607641
401106,13,4699,25322300.5,25209886,28226401,1201278.4030713378,25466411.5,25267305,28574922,946469.5479667139,1.0056910706039524
363329,12,4654,17285986.0,17106220,19401340,844424.0058100149,17317230.0,17100114,19392954,622824.9800765692,1.0018074757205055
334765,13,904,20889592.0,20710938,23815050,1185189.6756040845,21002255.0,20829319,23870734,896980.5840471092,1.0053932599545266
403701,13,3002,25521561.5,25358464,28351721,1266810.760876271,25669329.0,25456151,28710545,906604.6674380829,1.005789908270307
420306,13,2700,26671464.5,26463852,29632190,1339712.9879391666,26773936.0,26568440,29831721,894756.388803937,1.003841990003961
393747,13,611,24835798.0,24656337,27760514,1282617.8214503636,24901551.5,24744072,28038451,951361.4686803329,1.0026475291834793
401094,13,2815,25237261.5,25092937,28223607,1306846.407828974,25439693.0,25246127,28572030,949053.6799010802,1.008021135732179
379586,12,415,17089675.5,17010618,19829871,1129422.4468416392,18180503.0,17974634,20276479,673604.6064920059,1.0638296204044366
376874,13,6660,23758404.5,23542798,26704349,1039294.947185276,23871365.5,23653803,26816225,879395.345532542,1.0047545701143357
454325,13,3310,28841880.5,28666161,31783987,1298497.7206005903,29084972.0,28863367,32237066,987452.8513730494,1.0084284206087049
426478,13,4690,27085624.0,26874320,30075951,1198591.582981413,27209879.0,26998047,30325943,918389.46409607,1.0045874889203217
350778,12,1810,16590782.5,16427169,18759249,932933.9282775633,16630234.0,16459299,18876477,667557.2953005349,1.0023779167739677
353573,13,4861,22218395.5,22029570,25064102,1123130.9908713077,22303620.0,22141518,25165602,885326.4672479671,1.0038357630279828
439230,13,1640,27858816.0,27731580,30760737,1281064.7880496061,28014868.5,27870102,31233148,907060.5920851331,1.0056015481777834
437900,12,667,21356553.0,21158455,23386710,813252.6208399344,21159690.0,20962232,23325202,633032.5922351418,0.9907820798609214
397343,13,2267,25107691.0,24866794,28061774,1339058.0333922734,25177267.0,24964116,29799518,1194441.346354783,1.0027711030855047
428404,12,4755,20499552.0,20337650,22740572,826390.4815669762,20672796.5,20439962,22827292,641741.5660085399,1.0084511359077506
377018,12,168,17546766.0,17450589,20318541,1155886.0909551405,17966822.0,17826095,20151903,661045.4624540635,1.0239392261799125
423191,13,214,26239134.0,26122009,29264832,1256041.8439501857,26924993.5,26767676,30099316,893493.4920107981,1.0261388009223171
385301,12,543,18464948.5,18320007,20397430,780989.2864919865,18440619.0,18283455,20554756,676809.6339385741,0.9986823954586171
462680,13,2207,29479400.0,29243882,32631086,1307145.3514877716,29670166.5,29433849,32765346,872542.8406101897,1.00647117987476
436743,12,3089,20956686.0,20804415,23417832,960005.7800087971,21062710.5,20902490,24078931,800368.5775613278,1.0050592207183904
458943,13,4270,29198683.5,29021100,32235445,1282828.6533448517,29428229.5,29217283,32743415,917122.3417441075,1.007861518824984
423962,13,780,27207265.5,26990163,30390501,1322976.2827991913,27016765.0,26822487,30097522,924937.3700350629,0.9929981754322205
451975,13,3625,28620560.5,28429129,32018833,1375649.7800047097,28867557.0,28718576,32615535,973476.5756688465,1.0086300371371133
451883,13,675,28978806.0,28647426,31991637,1312919.590201531,28962502.5,28761380,32066039,899157.2077902333,0.9994373991806288
455047,13,3985,28915179.0,28741759,31897585,1288387.3347907888,29134520.0,28912882,32205482,884904.2750430384,1.007585669796476
459539,12,4758,22063779.5,21899238,24226061,853302.5256168627,22269403.5,22116419,24499888,590700.218647535,1.0093195275088749
371114,12,122,17857295.0,17710358,20564504,792033.2093622927,17804438.5,17548835,19806186,607177.1004477469,0.9970400612186784
437438,13,239,27451662.5,27303437,30351809,1164386.5328094044,27944252.5,27759947,31051645,869596.7546497892,1.0179439041260252
459582,12,293,22774550.0,22543517,24720937,735717.9533225456,22257704.0,22076991,24518960,623332.3878680397,0.9773059840918921
478264,13,827,30732915.0,30535184,33667910,1279333.9133280152,30822565.5,30573335,33904410,939792.1168725329,1.0029170841750612
453857,12,1938,21927988.0,21771714,24039372,919688.1614504029,21987325.5,21761753,24147489,624865.050357741,1.002706016621315
457567,12,4475,21997172.0,21835802,24114650,866863.3689883348,22152283.0,21984963,24395023,594824.0210495164,1.0070514064262444
471415,12,2311,22763807.5,22573596,25283443,946768.7092070212,22830244.5,22663210,24986083,615161.3053524488,1.0029185363652369
437738,13,3174,27673352.0,27573258,30940494,1377492.7405298061,27915154.0,27770039,31057697,932215.8008453455,1.008737719955284
374255,12,1336,17711254.5,17554448,19974676,915311.0367477671,17913757.0,17694421,20041012,635694.4677348668,1.011433549215839
382407,12,3212,18129295.0,17965307,20171800,852549.2822351379,18255666.0,18103331,20408015,643029.6244067912,1.0069705413255177
428419,12,4333,20528892.5,20324301,22732400,872858.2104228492,20592019.0,20446396,22886180,640900.1509239919,1.0030750075777346
439508,13,3914,27888986.5,27667277,30840666,1285236.5339119406,28012535.0,27857737,31231114,889857.729055544,1.004430010391378
463169,12,7149,22302018.5,22160641,24540482,723199.2447301274,22494949.0,22283433,24573339,590315.1380712809,1.0086508088942712
387366,11,227,21840024.0,21692104,24692618,1166445.043925652,21862210.5,21723956,24645009,1046213.7498433971,1.001015864268281
340747,12,498,18308686.0,17494919,18798468,380246.8695628743,17964986.5,16939381,18642677,523843.20356916916,0.9812275168190661
443201,12,6540,21363220.5,21127353,23470914,786613.2036329757,21409654.5,21177127,23615469,631950.2117565038,1.002173548693185
478296,12,3835,23130352.0,22951357,25206127,916106.9120851561,23291961.0,23039815,25418881,600484.3216789862,1.0069868802688346
463220,13,5439,29575343.0,29398476,32619343,1157122.6405230556,29693133.5,29488734,32809527,908793.7166430266,1.0039827264218035
453072,13,8646,29186640.5,28980408,32323842,763273.5169449059,28991209.0,28830127,32134581,887599.5584248089,0.9933040769114897
466540,13,458,28920297.0,28761782,32501073,1319923.844454074,29932492.0,29664135,33061392,877704.2051906585,1.0349994676748997
444601,13,2580,28217187.0,28034174,31156709,1319795.0596611835,28478654.0,28229784,31598347,891264.5012617928,1.0092662319599752
479074,13,2779,30551749.5,30299162,33540884,1353014.7113659827,30766607.5,30563450,33933592,887046.8493916854,1.0070325923561267
453834,12,7673,21931244.5,21720835,24096349,714903.47229014,21973643.0,21790314,24154877,622625.783121541,1.0019332464238406
369220,12,1131,17669277.5,17512858,19780678,870260.4175961586,17648025.5,17480060,19746335,651702.2700662976,0.998797234352112
469750,13,3813,29919481.5,29739251,32836871,1307443.2589612363,30135282.5,29901347,33195756,864440.8025349258,1.00721272526063
407468,12,111,20086306.5,19924263,22835507,640215.5366304903,19660951.0,19389044,21703670,603488.5568608757,0.9788236080137481
438294,13,428,26880295.5,26750823,29964510,1269318.100312045,27933532.0,27830327,31079069,889919.0214875988,1.0391824747611127
462601,13,329,29957940.0,29741471,33023892,1267060.5943909306,29687933.5,29487528,32754788,866253.9857626976,0.9909871473138674
428391,13,1919,27183909.0,26994721,30387952,1378758.1433211109,27292406.5,27133708,30530518,940289.3271262019,1.0039912398176436
473285,12,639,23203011.0,23006164,25245485,809862.4367301865,22981131.5,22828436,25111791,595733.7522916956,0.9904374695163486
426418,12,2213,20415035.0,20229208,22598796,978367.8260676634,20453793.0,20303981,22797354,674863.6335999616,1.001898502745648
451845,13,1735,28628146.5,28403646,31635903,1365419.840579741,28940376.5,28733422,33526908,1131711.234352547,1.0109063994066119
441424,13,509,27602891.0,27459763,30611800,1271071.5757875321,28210412.5,28016658,31338385,888188.5288013626,1.0220093431517734
357300,13,1033,22455102.0,22255048,25301322,1252558.7131536703,22577520.0,22367692,25526148,902936.8475055434,1.0054516786430094
446671,13,2328,28475990.0,28288755,31323046,1275506.5879425774,28612959.5,28380558,31643679,876515.0552424203,1.004809999582104
416201,13,210,25807598.0,25630159,28946636,1285202.581543515,26500728.5,26286496,29668944,933534.9205520804,1.0268576137926513
496897,13,928,31698191.5,31429703,34581145,1252678.5977188107,31990236.0,31782183,37311353,1164905.6660391404,1.0092132858746847
426440,12,274,20825170.5,20664648,22897670,810103.8351863852,20540237.0,20327777,22747619,658263.8305491542,0.9863178311073132
441103,13,188,27395109.5,27282733,30447887,1252699.4811743675,28231969.5,27984517,31307072,907665.9334594547,1.0305477881006462
438028,12,1543,21168763.0,20983342,23384149,881721.2284401214,21157101.5,20958543,23399162,637191.261262921,0.9994491175511767
439741,13,499,27430138.5,27243460,30358585,1259150.112029398,28059445.5,27853576,31241137,917455.7513743156,1.022942173624096
451944,13,1572,28806069.5,28614766,31812580,1325727.865494809,28932448.5,28700313,32042995,970876.2191003524,1.0043872351276526
373646,11,1176,23574120.0,23474746,23832114,90264.01748739947,22928642.0,22528751,23476172,242537.11626983795,0.9726192112367291
423415,12,1178,20461130.0,20259669,22874013,940646.6051661397,20322689.0,20154561,22543392,675898.4084816371,0.9932339513995562
411499,13,1683,26014205.0,25792978,28959915,1336107.2963312762,26169020.0,25958189,29258941,942428.879237231,1.0059511716771663
438591,13,442,27019254.0,26872670,29980503,1239622.0583471865,27976646.0,27803133,31105221,911146.243055597,1.0354336948014924
440105,13,204,27334263.5,27212175,30293909,1249079.8778062058,28117156.0,27928904,31205661,870486.1481562025,1.02864143385462
440992,13,123,28148579.0,27973398,31256073,1230475.8054419328,28168172.0,27992841,31582321,951490.5406527522,1.00069605645102
384967,11,1704,21687091.0,21572134,24560906,1202122.7230614445,21719382.5,21552605,24546889,1078313.0213295396,1.0014889733251915
437568,13,844,27848843.0,27710689,30770262,1269089.7080029643,27940419.5,27767402,30995837,873385.9233207843,1.0032883412786664
481661,13,113,31128854.5,30985932,34238777,1305299.652745829,30964656.5,30790158,34069879,847243.815735946,0.9947252154749221
395671,11,1041,22394974.5,22261885,25178955,1162162.5282436328,22365016.0,22201986,25138846,1029025.2025751276,0.9986622668402682
448549,12,816,21761889.5,21577590,23877722,905936.9460626821,21737634.5,21488940,23861417,682526.7108049074,0.998885436855104
396795,12,2737,18917448.5,18779554,21058244,917562.0687261943,19058813.5,18885012,21176521,650177.2632134759,1.0074727307966505
417650,13,263,26433446.0,26293425,29462377,1250275.0224810916,26593255.5,26359645,30099518,972782.7292655054,1.0060457308517399
473359,13,1832,30115283.0,29925505,33492918,1400400.2645325249,30392935.5,30143580,34074938,943252.3927613323,1.0092196543529077
479197,12,1545,23304473.0,23106267,25468911,900650.0676690692,23294478.0,23117563,25464275,613680.5985772883,0.9995711123782975
396743,12,964,18778527.0,18618234,21422089,1024080.0939687524,19010108.0,18890284,21167079,640008.8752889022,1.0123322239278938
410947,13,909,25962547.0,25784664,30139399,1467023.9275339476,26123597.5,25903260,29316546,935567.9524769286,1.006203185688985
392759,12,1113,18847500.5,18680481,20981852,876846.1180619982,18814858.0,18611257,21465429,667544.0252963937,0.9982680727346314
378118,12,1782,17952647.0,17792562,20015811,859672.5596826224,18022746.0,17878479,20124820,618986.6177308091,1.0039046609672657
444598,13,777,28694539.5,28455580,31552444,1248249.598285181,28488276.0,28258251,31495725,866354.7512002747,0.9928117508210926
400221,11,102,24049478.5,23910290,26745321,523725.8930131762,22697488.5,22500120,25404706,959188.446738404,0.9437829805748179
370084,12,2322,17595099.5,17441470,19679281,863533.3863858962,17669605.5,17480054,19759615,631062.89914023,1.0042344744910365
385375,13,1580,24366816.5,24228250,27168861,1201315.7902648898,24399629.5,24261635,27469743,872174.6306759113,1.0013466264663666
403697,13,531,25237290.0,25072955,28287732,1269436.08594619,25675599.5,25449030,28736406,908388.8981858114,1.0173675343113306
351459,12,3020,16590122.0,16430017,18743669,894246.1873455928,16691478.0,16477549,18858788,688782.0813307468,1.006109418604637
443052,12,112,21846732.0,21650100,24560537,780079.3667071953,21475596.0,21227095,23644946,635150.2027858048,0.9830118298700236
361061,13,187,22212910.5,22115707,25173777,1225220.1448408999,22788806.0,22633298,25744698,856916.4887195673,1.0259261612745434
397665,11,2416,22499118.0,22318491,25716873,1217275.7230856377,22469431.5,22307853,25239790,1063140.1477957356,0.9986805482774925
414086,12,2959,19886922.5,19635259,21801988,857653.8752999117,19923490.5,19720578,22077808,618134.6460773197,1.0018387963245696
428754,13,153,27055808.5,26876819,30013501,1228618.86218731,27342044.0,27140751,30442614,892853.3503771949,1.0105794472931755
460093,13,974,29228080.0,28946593,32107451,1303370.59266429,29484581.0,29291100,32629667,894635.9837663765,1.0087758415879524
400584,13,543,25072885.0,24935138,28076339,1296054.718592579,25420735.5,25261074,28516849,932754.1104135318,1.0138735729853185
379579,13,581,23856481.0,23703927,26709370,1208501.2311283096,24076610.5,23835516,26969940,888412.7694426504,1.0092272410168122
399756,13,1185,25413375.0,25231489,28333471,1261417.6448826648,25431866.0,25185915,29952963,1159235.0611962571,1.000727608985426
338644,13,1742,21135092.5,20925721,23931606,1210922.4893634792,21283612.5,21093743,24191706,911150.2015230979,1.0070271753009834
435105,13,2379,27571756.0,27391606,30608073,1309025.8313056165,27748194.0,27563669,30860617,909532.1646227977,1.0063992297044846
364293,13,1769,22815199.5,22661364,26033387,1272914.5942221838,23034823.5,22858760,26253056,930111.5171293776,1.0096262143138393
357054,11,179,22510342.5,22389129,23006414,129984.00502666985,21931033.5,21656180,22270719,145743.1951800495,0.9742647629639576
429355,13,1416,27203390.0,27002927,30109839,1288413.0742536453,27440405.5,27193584,30537206,851959.1210663448,1.0087127192603569
421591,13,1299,26647842.5,26456325,32395188,1550273.1975716997,26870491.5,26689660,29973181,889718.4643773688,1.0083552355129688
393628,10,877,18863465.5,18787982,19174100,89253.71378905691,18351651.0,18092355,18852085,175980.94173266477,0.9728674192979015
440507,11,1493,25142717.0,24995144,28301262,1151020.2131799466,25033698.5,24918968,27837477,1043208.3932760105,0.9956640127636166
371249,10,641,17837234.0,17709049,18247186,129695.3897634376,17272489.5,17061058,17668093,156099.01664570684,0.9683390092880992
404669,13,114,25966053.5,25745839,28894611,981072.5785591156,25743680.5,25543512,28805798,901938.1383274089,0.9914360108670345
482715,13,2052,30766993.5,30542383,33732188,1319546.1618728093,31241937.0,30824070,34193534,859142.1279699685,1.015436786178019
408616,10,842,19562046.0,19446096,19911876,108600.92044926077,18999160.5,18792332,19484301,185561.60352085833,0.9712256325335294
356320,13,218,21964720.5,21891409,24620678,1112419.0637497704,22574761.0,22341259,25353398,842216.045722938,1.027773651843191
469411,13,1009,29836409.0,29626010,32747924,1254273.5379454114,30054352.5,29878668,33250660,927227.458399167,1.0073046156459378
477440,13,4470,30454743.5,30267450,33521824,1249606.550113204,30660121.0,30463281,33754575,899248.7220359498,1.0067436949518225
487278,13,1986,31135664.5,30869146,34133395,1362223.3712498841,31397029.0,31126799,34520173,898059.3757074819,1.0083943768086272
356448,13,161,22142439.0,22013168,25052897,1218520.2011090447,22525637.0,22331039,25444731,892967.6297410313,1.017306042934114
485759,13,3783,31051137.5,30855152,33945742,1295386.2716530475,31256559.5,31033152,34355342,845446.5576382966,1.006615603051579
454933,12,1340,21721290.0,21586796,23961826,959517.8849178837,22015012.5,21816712,24206348,618520.4977081106,1.0135223322371738
354053,13,307,22550448.5,22394886,25339284,1171132.4507982216,22356902.5,22196190,25213157,885929.6890925255,0.9914171995293132
420936,11,385,23434572.0,23312024,26279838,1198067.6032973584,23899075.5,23724787,26738442,994670.5569424533,1.0198212922343963
421242,10,1163,17927548.5,17783840,20635050,1115609.8496176125,17724777.5,17562382,23262192,1250770.6248919165,0.9886894184110002
363462,13,2646,22883838.5,22718665,25597959,1160839.724487054,22982508.0,22804697,25852631,882308.9430123644,1.0043117547783778
334673,13,213,20523438.0,20412684,23368717,1188245.3750199839,21026230.5,20810577,23834158,858395.6610163074,1.024498453914008
316405,13,828,22245960.0,22177793,22506194,75393.8698951417,21248009.0,20846801,22359182,377116.45846402086,0.9551401243192023
419067,11,466,23284843.5,23158639,26189194,1112864.6181972818,23774413.5,23621444,26499684,992826.5994253892,1.0210252647822178
430912,11,1530,24595948.0,24420318,27542306,1170659.4570383749,24516383.0,24329419,27284123,1037064.3747339807,0.9967651175713983
424735,11,276,24215257.0,24054944,27001850,1135392.228786554,24221627.5,23958563,26931733,1093489.1054672166,1.000263077942968
448376,10,887,19080926.5,18918445,21725623,1101540.2233300344,19025004.0,18833759,21611221,945019.3682815235,0.997069193678829
488994,12,794,24011282.0,23749060,26567957,899845.8935078804,23792282.0,23624405,26006949,606025.3183826967,0.9908792874949367
436610,11,274,24912984.0,24754900,27850816,1196334.422747512,24769483.5,24610329,27716830,1105842.3615218126,0.9942399312743909
320959,13,2065,22429640.0,22330903,22882796,131474.2131168652,21613467.0,21222531,22618703,326017.5146361856,0.963611854670873
360904,12,359,17668365.5,17541909,19555373,732106.9235402778,17178175.5,17032169,19259926,633466.3094415572,0.9722560640937612
413108,11,471,22870414.5,22759417,25656699,1142376.4368577965,23410664.5,23252894,28107654,1186123.6817818338,1.02362222162611
419255,11,1129,23896220.0,23738521,26554836,1121622.9906199002,23780968.5,23623097,26549797,999585.6487224988,0.9951769987052346
415580,11,470,23038763.5,22910099,25873656,1162643.7830903253,23533983.5,23408442,26335568,1045461.0690710375,1.021495077198913
408689,11,945,23162258.0,22999249,26370165,1152437.6848800036,23153379.0,23028302,25944008,1029779.5762660323,0.9996166608626844
415980,11,174,23759386.0,23622172,26767467,1144543.2145006943,23578399.5,23404652,26311949,1024896.9842701049,0.9923825262151135
290093,13,337,20655726.5,20564752,20997700,87351.27239918527,19591763.0,19203394,20501834,335320.415220759,0.9484906280105907
351993,12,985,16574810.0,16430386,18805305,816150.8788921193,16952075.0,16572029,19201011,713853.4583226487,1.0227613468872343
348830,13,1402,21718566.5,21579271,24616058,1235939.7218649013,21883260.5,21632536,24950765,965051.5312455721,1.007583097162513
428475,10,238,18037515.5,17896647,20952985,1135959.6866970847,18000379.5,17824195,20722946,1045919.4092764424,0.9979411798703652
401495,11,1594,22777261.5,22611980,25490267,1134296.9755576383,22728643.0,22551061,25531659,1047525.8796008091,0.9978654808875949
315251,13,164,21684270.0,21555164,22088543,119413.05979738286,21119635.0,20768511,22059770,355044.3070992079,0.9739610786989832
448020,11,907,25531515.0,25301621,28455025,1228522.5357445606,25440863.5,25260086,28556212,1111373.68420646,0.9964494273058219
312907,12,1087,17126049.5,16462827,17417383,299345.22669490933,16445198.5,15847361,17129769,376136.49403968,0.9602447137619216
340191,12,1275,17629670.0,17028033,20583780,623491.1335875648,17211585.0,16796889,17786549,239265.05769525885,0.9762851488428315
443558,13,1382,28133582.5,27938522,30972207,1274761.4294138057,28433086.0,28164091,31463605,884095.1922156152,1.010645764719086
417541,12,285,20509711.5,20297741,22496244,783198.6411277255,20116981.5,19891426,22427773,674544.5019574189,0.980851510271122
391943,18,11560,33843121.5,33681149,35881981,387509.39042847574,32196893.5,32076680,34267448,385591.6699612644,0.951357087436512
388663,18,5628,27887001.5,27699526,31074590,865356.4427499874,31857803.0,31739753,34103993,427052.59450787393,1.142388972869672
385365,16,14705,25404589.5,24974420,27905659,526175.0786076616,22872969.0,22068047,24780302,685390.2704055138,0.9003479076093711
400741,18,8353,33025404.0,32887544,34769262,322755.63366006827,33240707.0,33001570,34968106,345081.26825753995,1.0065193146463856
466306,18,14874,40759788.5,40390743,41384881,247261.51882878086,38484383.5,38261770,38908528,139425.98992385014,0.9441752500752059
314926,15,15642,29459537.5,29237022,32511137,572878.7445380703,27137154.0,26960941,30103281,632631.5479157061,0.9211670074589596
270505,17,18171,20922121.5,20632122,24783085,722918.9036341712,19592037.5,19431745,22631557,566263.1671148672,0.9364269058470003
379501,16,4547,20237190.0,20078509,23191767,1079425.1107715117,22332839.5,21628328,24406196,521585.6378662461,1.103554371926142
394264,17,15646,32870703.0,32551383,34999453,453686.41645536036,30467351.0,30304619,33045293,475338.6293213807,0.926884679040786
348802,13,16551,24319406.5,24166112,27699914,624697.3911189178,21853837.0,21684860,24924081,1007272.9684822729,0.8986172010406586
426290,18,696,30711738.0,30487535,33757107,1350864.696414163,35410711.0,35249235,37235828,351559.17159860715,1.1530025099849446
430285,18,8550,36024269.0,35906622,37870233,349495.0389775082,35867939.0,35528544,37472071,357643.43541116326,0.9956604254759479
409679,19,2027,37293520.0,37089414,40386692,1348205.3829769578,42468145.5,42317180,44679351,444064.5763461048,1.1387540114207508
367853,14,6934,23952670.5,23749677,27083004,1075654.080317233,24156622.0,23920602,27246268,766090.3926154907,1.0085147708269104
356471,14,17556,26443578.0,26288478,29491459,571234.6598143757,23462162.5,23194642,26499901,763051.3959135648,0.8872537029595616
316921,15,13885,29551982.5,29395794,33229358,674100.2541683981,27304552.5,27131534,30306191,609112.4105130568,0.9239499414294794
471417,13,15224,34673197.0,34581299,37003311,429671.57110469724,30252278.5,29997231,34966971,1207524.790622798,0.8724975230867809
449416,14,14057,34446368.5,34248667,36490898,406571.2843119054,30050100.0,29783538,33073283,723176.6878305005,0.8723735275606774
268068,17,4711,17828251.5,17693191,20859315,1122528.8646357008,19342228.0,19108018,22396024,580715.4593089995,1.084920077552193
357555,18,3432,25286367.0,25073717,28635417,1199936.3772698285,29259109.0,29115823,31895087,485836.60004228674,1.1571100348262762
380243,16,11483,24743714.5,24230276,26566313,418268.91655062325,22535546.5,21684823,24445924,536151.7352497072,0.9107584271553085
498055,18,7402,39884030.5,39747920,40277727,125183.45565192177,41546976.0,41232149,44592201,572197.0211219296,1.0416945198153933
304416,14,16625,21658918.5,21521087,25356519,684025.3083406101,19710172.5,19450695,22599701,759001.3885168979,0.9100257014217954
356869,17,19228,29565355.5,29391360,32744685,595702.8509375197,27310693.5,27112524,29825883,478148.98810722755,0.9237397297658064
338822,13,12715,23069646.5,22907420,26309361,596248.3595348353,21193085.0,20987770,24203580,966093.2069899081,0.9186566859617896
292802,13,6789,20166652.0,19950123,21143499,271088.16385891056,19509735.0,19109329,20184429,277752.0432022878,0.9674255796152976
487630,17,18786,41435821.0,41213861,43680387,455306.6066282282,38237615.0,38083887,40020804,364974.94404608867,0.9228154306391081
429154,13,4312,27204500.5,27018252,30306262,1245369.4354503402,27342783.0,27155285,30720722,959570.8559064429,1.005083074397929
416723,19,1528,38054154.0,37883528,41243982,1372829.183306987,43528701.5,43446839,45277426,341233.64958550845,1.143862020950459
465345,19,10935,49523933.5,49197085,50155047,221915.39901126485,48745823.0,48410824,49490831,208010.20505053483,0.9842881926977791
352018,18,9221,29396757.5,29304721,31516891,387773.64877042494,28846771.5,28713288,32021298,687924.1666958397,0.981290929790471
444684,19,6200,42474238.5,42210828,43064897,229553.31687335734,46515217.0,46003917,47003803,293666.39629125653,1.0951395161563637
264055,17,12961,20078764.0,19890769,23328737,598537.5375803639,19027025.0,18786497,22016868,569632.620680144,0.9476193355328048
433304,15,650,37015785.0,36775305,40327968,1321973.5211192882,38376445.5,38276009,41218008,538202.2434529699,1.036758925955508
369271,17,9698,29685597.0,29599208,31823195,403875.24972579366,28463063.0,28320993,31491951,688259.6201827202,0.9588172675119183
405441,18,2445,28745140.0,28648920,32145936,1426160.0568731502,33483516.5,33376261,35528531,382314.16813723004,1.1648409609415713
252312,17,12876,18912392.0,18758699,22268209,617143.2029595446,17841588.5,17772956,21014673,586902.5583183682,0.9433808531464449
386477,17,7427,28419407.5,28307667,31251378,693158.5138526148,29705549.5,29571246,32088688,445379.355793544,1.045255764040823
390772,15,1649,33084519.0,32892431,36445342,1427996.3981354781,34290974.5,34158245,37205022,570432.0152373249,1.0364658618733433
287762,16,13487,17482633.5,17064286,20848438,653400.4479737309,16031449.0,15428444,18692531,562279.6176484604,0.9169927974523976
433132,18,395,30913650.0,30757725,34043163,1298237.1644481628,35954777.5,35797183,37720624,337309.09741690924,1.1630712484614403
442422,18,1812,31624870.0,31482770,35103066,1375469.0323163501,36361968.0,36247492,38639830,428374.36118206626,1.1497902758177345
435246,18,3284,31157983.5,30953939,34381206,1117056.7369365827,36261967.5,36031173,37916068,326794.87096088106,1.163809830632974
360272,19,2290,32642788.0,32443236,35725007,1365354.164184702,37472687.5,37355002,39517570,390549.9060735374,1.1479622236924125
433855,17,4532,29937821.0,29799179,36047009,1416062.401403507,33980644.5,33742695,35755708,343981.60809211875,1.1350406731338263
475785,19,1487,43704437.5,43572877,44193538,188173.33382973145,49427997.5,49275880,50327066,265740.8824616043,1.1309606146973061
418135,18,309,30547735.0,30357538,33608111,1301435.0199787759,34667733.5,34534628,36443395,330895.0517249372,1.134870834122399
413059,18,2840,29334540.0,29172295,32577596,1325573.7203060086,34182878.5,34103904,36055344,345526.09027182497,1.1652774681314246
423611,18,3753,30238420.0,30113344,33469386,1128952.819435388,35047115.0,34997687,36929110,350855.5688788147,1.1590260006971265
410450,18,4255,29260784.0,29086983,32552345,1198843.1822950866,33833970.5,33658361,35853721,394048.5351806706,1.1562906345913355
446557,18,4624,32107605.0,31899791,35184014,1070655.7010621943,36767004.0,36653715,38840045,404541.0137291136,1.1451182360067031
369651,18,3722,26124133.5,26002971,29382312,1172215.801955143,30227519.0,30116139,32445478,409645.30287112884,1.1570725972595417
426864,19,3885,39152581.0,38935242,44152438,1293889.3209140543,44230321.5,44015568,46501505,467649.6512362884,1.129691079625121
402594,18,2384,28528801.0,28399959,31891569,1410335.2839409441,33345439.5,33206698,35199208,345902.6569527842,1.1688342422802838
469722,18,3802,33756740.0,33612329,34398909,211403.5841305046,38792079.5,38223137,39038487,242636.47531179,1.1491654555505064
397929,18,2564,28223489.5,28040517,31708434,1390829.6767943788,32851049.0,32773869,34756318,356852.47101907997,1.1639612812582938
379823,18,835,27093455.0,26857679,32910947,1604029.474237345,31240245.5,31166627,33366906,408806.0094590492,1.1530550644057762
395572,18,2565,28059574.5,27891692,31172453,1370574.1835351426,32367493.5,32238521,34619435,433441.76524029404,1.1535275953667794
401807,17,3809,27623625.0,27458495,30851276,1201102.4141669113,31189246.5,31103351,33299572,396135.18704936106,1.129078696224699
416520,19,5847,39026174.5,38829062,42017320,634096.2732537009,43114931.5,42960592,45435839,473566.17759956454,1.1047696078948246
438571,17,2808,30205310.0,30031786,33837811,1400042.497545446,34010671.5,33849979,36191453,419557.50349378673,1.1259831963320357
403620,19,4191,36852916.0,36685040,40074888,1069127.1470152442,41719895.5,41501469,43982686,572657.7753153177,1.1320649768935516
427097,18,2890,30445039.5,30291051,33652119,1266737.1417517774,35440071.5,35299565,37220400,337947.42678528494,1.1640671873656134
422571,17,494,29389708.5,29162599,32634017,1356736.2561133082,32840425.5,32764348,34932774,387063.5614135917,1.1174124268704468
464740,18,2254,33257804.5,33138080,36528878,602814.547428186,38743337.0,37862286,39055515,382208.923668753,1.1649397061071785
476198,18,2504,33983016.0,33860569,34519784,147704.26725822783,39708676.5,39470804,40331651,200096.35285849718,1.1684859430958099
487632,19,4068,44885736.0,44680523,45819334,215441.82092445644,50576412.5,50367400,51114015,147332.58030829058,1.12678140111148
495688,18,1997,35513986.5,35426730,36176184,207458.46732637836,41464453.5,40689587,43724782,528999.1358411594,1.1675527752988248
486112,17,2738,33733206.5,33552343,36794806,1322130.1627089188,38329522.5,37914635,39997255,366467.70068134554,1.136254939179885
495883,18,1827,35599353.5,35471889,36500132,196464.0470699721,41074893.5,40906994,41640730,217157.34194290248,1.1538100965794225
469193,19,5083,43244890.0,43081284,44150053,211928.64853476826,49343293.5,48531480,49640168,316487.2666172299,1.1410202107116008
497388,18,304,36468923.0,36355565,37117891,229060.11092449803,41308473.5,40875440,41609776,179703.85735160377,1.1327034116143215
454194,18,468,32827983.5,32605193,35972419,1343305.1097012905,37489808.5,37337278,39410564,370366.0960460369,1.1420076563642723
366339,18,2279,25834073.5,25685389,29214179,1451185.6803205654,29775315.5,29631312,32373518,491864.7965111235,1.1525598353662654
459705,18,2713,33004154.0,32800952,36425905,1316993.124761945,38012022.5,37782440,40025165,399699.12290410674,1.1517344907553153
415171,17,3042,28657192.0,28418054,31769422,1287310.7246091792,32412614.5,32191156,34288149,373577.1310031779,1.1310464228316577
493267,18,3724,35477297.0,35342935,35958473,157772.38916856353,41202390.5,40772210,41781852,246061.63606631616,1.1613734411615406
397911,19,686,36515319.5,36345558,39977364,1422500.345207502,41484092.0,41299290,43424157,383694.0991001686,1.136073641639641
489982,18,5217,35356843.0,35187489,35945073,203446.34609473546,40806656.5,40523780,43583002,528099.2977438198,1.1541374466040422
482102,18,910,34604772.5,34463551,35017162,149356.8214611684,40250823.0,40097463,40570674,101463.11409661258,1.1631581453107371
417841,18,1655,29734339.0,29530265,32861223,1386535.4897486602,34392470.0,34287913,36474817,402133.9546837927,1.1566583000213995
401156,18,1331,28505518.5,28321268,31737168,1370826.1648547892,33373264.5,33006869,34987404,347665.26702294167,1.1707650397588805
401041,17,530,27782118.5,27570056,30889908,1362029.2276744023,31002254.5,30857898,33144354,401266.1814508945,1.1159067837105368
404726,17,1794,27793843.5,27633955,30946320,1377341.2751870032,31429619.0,31296114,33471230,383304.7482938116,1.1308122606360649
434921,19,2095,39698645.0,39523902,42825638,1347504.9805594224,45578246.0,45490990,47303343,355940.843612732,1.1481058358540952
456694,17,2489,31491100.5,31309598,34875913,1423980.4615073313,35923559.5,35530858,37598476,374625.10999261943,1.1407527501301518
404700,18,912,28838092.0,28625291,31961231,1381942.0833480866,33311452.5,33199338,35385891,389542.01089180645,1.1551198498153068
408263,18,2945,29020422.0,28923019,32250980,1317166.5972346787,33576734.5,33478389,35727001,407402.85983350134,1.1570036610770167
418987,18,5902,30544915.5,30315086,33570389,703949.1879347708,34848000.0,34621939,36476348,348369.6781338739,1.140877276285148
487486,17,1525,33936386.0,33734602,37112608,1361175.089651177,38447672.5,38022813,40029950,343263.8097767129,1.1329336158540866
432631,18,5049,31092850.0,30809192,34276768,1021914.9056615151,35980093.5,35790703,37709550,345646.09015018045,1.157182229998215
471216,17,2002,32598243.5,32421897,35926241,1436072.9744123342,37130039.0,36718614,38528438,341078.0494652556,1.1390196223302644
485585,18,2755,34864531.5,34682262,35289871,153893.08105621036,40126988.0,40009178,40529057,124036.14536553,1.1509401180394465
458097,18,3816,32957443.5,32786620,36086998,1056506.801162294,38262197.5,37959231,39705411,300049.9755527328,1.1609576907869084
375464,17,2611,25626874.0,25413952,29073630,1407435.3272052559,28760196.0,28551041,31217527,466089.68280495476,1.1222670388905023
425903,17,1509,29450004.5,29217675,32660722,1432234.6009933879,33359342.0,33103501,35157341,370790.4769106971,1.1327448863377934
464340,18,4814,33271843.0,33126339,33888596,191862.29885149113,38710488.5,38560538,39231674,137531.7781699157,1.1634609029623035
394240,18,355,28645712.0,28400930,31616796,1297526.7321115495,32665629.0,32480459,34575077,382587.0838297849,1.140332242396349
475733,17,3477,33140793.5,32878121,36209439,1134835.2271017346,37176419.5,37020811,39145546,378212.6676429266,1.1217721597402308
432591,18,2774,30954569.5,30703624,33938295,1266370.1158749938,36079646.0,35737007,37609606,364488.7973213519,1.165567687833617
395747,18,3501,28196720.5,27997242,31435375,1177777.1806030942,32796561.0,32602181,34809940,384190.2163708044,1.1631338828925157
432324,18,2605,30823132.5,30675459,34500102,1396897.9212801838,35710260.5,35543229,37706155,389851.645503815,1.1585539042795212
430961,19,1142,39468730.5,39310210,42536450,1346157.2597330867,45130153.0,44975378,46830130,344399.37493114005,1.1434407042810764
407725,18,2170,29010483.0,28823591,32128354,1371436.0870273926,33503287.5,33406568,35827199,432501.5180719973,1.1548683108792088
437213,19,3619,40167900.5,39903274,43293973,1002137.3310612234,45272386.0,45157824,47578236,481840.7180706734,1.1270787229718418
455060,19,3288,41712987.0,41578045,42664558,265418.3423600248,47666264.5,47406967,48294519,184735.70162921946,1.1427199998887636
436410,18,3625,31232217.5,30992002,34411307,1152757.049054192,36028540.0,35905299,39050930,652762.4960763847,1.1535697073062456
398462,19,1810,36359011.0,36101364,39417066,1360709.332363047,41154809.0,41023948,43473737,471048.92842923326,1.1319012225057496
466987,18,2084,33358536.5,33260873,33892641,162094.77742669565,38570931.5,38340929,39172447,194015.610672157,1.156253707353139
380431,17,1530,26068500.0,25883001,29081804,1367888.234335728,29422546.0,29202021,31518263,414919.1540615058,1.1286627922588566
420721,18,2446,29863473.0,29703668,33035517,1396339.2359113314,35054557.5,34724212,38082251,633989.1333855494,1.173827220296849
424892,19,2807,38877665.0,38641561,41898024,1149834.6189204995,44578933.5,44332531,46301387,339740.23507433664,1.1466463713805857
386905,19,973,35303376.0,35045941,38351490,1347419.865637269,40443559.0,40338439,42355781,358564.52620389446,1.145600324456222
479765,18,1774,34394450.0,34238089,34805712,147277.74061896343,40121518.5,39441636,40960379,363585.97808207467,1.166511413905441
396383,18,4900,28188912.5,27997211,33299309,1364446.4462219384,32562516.0,32408060,34679409,412261.1444110059,1.155153324910991
477965,18,1971,34214127.0,34133717,34770946,180626.80547008765,40018061.0,39354000,40303581,278732.13972499955,1.1696356011071098
457747,17,1528,31738742.0,31549520,35214800,1379701.3551543378,35914538.0,35623260,37629528,368361.1955327799,1.1315677855158845
488905,19,3119,45000784.0,44896994,45560236,169750.27076555399,51144819.0,50978949,52726387,396084.27749078855,1.1365317324249284
418925,18,2555,29831213.0,29667999,32914829,1332094.737932469,34959401.0,34586906,36478752,357019.7161368309,1.1719067876991793
467176,17,768,32652192.0,32463379,35680118,1305902.9401732823,36919055.5,36372960,38644503,403839.76688600564,1.1306761732872328
396285,19,2785,36096994.5,35872160,39154909,1182939.2746806857,41005654.0,40876966,43250038,437444.78469354153,1.135985268801257
423721,18,2308,30204005.5,30097766,33848027,1419887.5148999123,34869005.5,34678760,36981212,572273.1338732891,1.1544497136315248
485610,18,1897,34879747.0,34750090,35457274,168420.71393090446,40084480.5,39940292,40604790,127998.1357892068,1.1492193593032656
408386,18,5204,29162507.0,28949162,32451158,1051568.9967433342,33895341.0,33696501,35677414,359685.4374517715,1.162291739869964
494100,17,757,34606185.5,34479321,35098025,178778.0491743759,39033828.5,38959314,39601187,136523.7381192329,1.1279436879860683
395961,18,1470,28158662.5,27993474,31277395,1405291.5446768333,32437662.5,32326952,34820106,601761.1925184608,1.1519603425766405
476623,19,506,43972506.0,43888680,44662155,176809.38965987889,49476932.0,49308781,50684184,412760.1568699619,1.1251788105958755
385907,18,4452,27351553.5,27168969,30538466,1182084.1701134865,31726313.5,31549762,33811604,399183.3738066031,1.1599455767658682
494188,19,1244,45323081.0,45172001,45812851,153623.10700383657,51978432.0,51251938,52716280,382517.60835781577,1.1468424222969307
409674,19,3190,37540226.0,37270100,40634698,1176726.4123952158,42418469.0,42263647,44692436,450688.59994596045,1.1299470866264896
453011,17,3824,31386860.5,31166422,35117560,1189002.5805712866,35283779.5,35120576,37323805,389402.48258294404,1.124157655079902
424434,18,3101,30316273.5,30128603,33519511,1240846.2399111204,35221083.0,35013993,36999815,336152.0763985584,1.1617880080149032
381612,18,2986,27057896.0,26838661,30392108,1288075.3603507245,31472914.0,31324311,33362078,355870.1686820381,1.1631693018555471
444779,18,689,32209675.5,31912122,35155221,1330848.9290722518,37053096.5,36814895,38666283,330817.77318108734,1.150371617373171
383717,18,1503,27246219.0,27060080,30637506,1448198.8804865798,31414876.5,31278648,33613763,422836.33773994504,1.1529994859103203
447288,18,3516,32163086.5,31916161,35310406,1126940.7511931136,37204476.5,36961348,38958756,364887.167430434,1.1567445960138185
478260,18,3373,34345441.5,34164153,34977437,213474.13057739183,39904021.0,39574692,40516805,214508.60505703624,1.1618432973121047
482014,19,2319,44282191.5,44142454,47427602,579511.213827451,49999915.5,49867931,50805812,208309.5279553856,1.1291201678670306
419225,17,2099,28700332.0,28577878,32323032,1427472.5965891716,32573051.5,32467846,34636551,386485.92766472395,1.1349364007357128
387250,19,3318,35300448.5,35039950,38489505,1185698.11559362,40018603.0,39920994,42363503,471683.2766301051,1.1336570695411987
403245,18,100,29354293.5,29191121,32533498,1380493.6066175383,33165430.0,32980475,35304661,407410.157984349,1.1298323361112403
382556,17,3463,26308935.0,26137144,29352279,1157368.775844665,29463774.5,29373339,31789991,431108.47132284084,1.1199151352952903
469868,18,416,33609021.0,33501556,34087276,168477.91656913573,39036069.0,38900745,39669710,198449.00840456615,1.1614759323099593
469126,18,1271,33532005.0,33418279,34035201,159600.5566948694,39184415.0,39029594,39590250,124219.55437469935,1.1685676117488353
432705,18,1244,30922617.0,30685452,34025102,1338245.5344428539,35981341.0,35771738,38443990,582902.2203571339,1.1635930102552445
470988,18,1283,33678309.0,33603865,34214483,169879.80422476816,39065769.5,38769980,39703512,220460.40395582505,1.159968260282902
476452,18,2113,34061704.0,33957140,34739034,182766.50606041943,39480037.0,39253320,39964106,141369.2352735441,1.159074043976191
462452,18,953,33285254.0,32995863,36319053,1289538.3836970883,38135991.0,38020942,40124037,405161.9340329438,1.1457323113712756
479413,17,607,33352647.5,33216395,37057439,1356547.2518424941,37684007.5,37320339,39315341,523355.3306825063,1.1298655526521546
446159,19,2266,40754576.0,40638528,41409476,185486.23991767032,46779754.5,46694494,47328735,165389.83816782365,1.1478405394280142
416508,18,2701,29691259.0,29517282,32985887,1368771.078796893,34291775.0,34137590,36336113,386457.5506616607,1.1549451304843623
478627,18,1503,34382594.5,34280320,35313452,236980.51500615687,40000734.0,39914328,40509668,138070.2092121734,1.1634006851926197
446327,18,2681,31987545.0,31722279,37673295,1542834.01266979,37150548.5,36905558,38851537,340030.836629634,1.1614066818819637
464774,19,2026,42479154.0,42343665,43450470,218334.8240896282,48197199.5,48023065,48718100,156391.59010495275,1.1346082716242418
499284,18,1109,36020138.0,35934945,36624998,207311.64827725483,41142158.5,41074068,41721561,145772.85592583186,1.1421988027919272
441155,17,798,30798650.5,30563413,33803391,1294083.12665179,34655636.5,34307379,37417933,617747.0015049707,1.1252323052271398
498447,18,2647,35838382.5,35674989,36292901,168163.554298057,41698949.5,41085688,42279610,335693.6403140369,1.163527664787885
453905,18,1709,32336567.0,32143978,35595570,1420808.5199791396,37712468.0,37566803,39410330,321549.2613907946,1.1662483528322596
445346,17,1914,30826268.5,30632571,33951488,1357968.6447804784,34583231.0,34460118,36784915,416186.02291599393,1.121875357700203
468711,18,3019,33644983.0,33483911,34402237,200712.3992620757,38723548.0,38490727,41913390,588672.4657712178,1.1509456848291468
451076,18,1561,32393868.0,32183494,35490598,1340589.9676069608,37190623.5,37018534,39246133,412504.5531873544,1.148076034019772
469322,19,1024,43074100.0,42954068,43625785,195031.65103172357,48706059.0,48481337,50046779,369822.3371729623,1.1307504741828616
460629,18,1747,32947899.5,32717655,36017480,1361542.4075160592,37883070.0,37762871,39970806,425204.42821712245,1.1497871055482611
404789,18,3708,29021375.0,28658553,32070722,1109530.0620484357,33530335.5,33410567,35391970,366473.8563912832,1.1553668804458783
392113,19,4149,35722863.0,35496755,38967228,1100189.9168588405,40956321.0,40847818,42832569,354970.2468877012,1.1465016395802319
438093,18,5808,31843996.0,31661608,35033744,732816.3698323226,36278253.0,36190186,38207036,360694.2860528598,1.1392493894296432
439057,18,4313,31401212.0,31128969,34550591,1218966.47937207,36341353.0,36246864,38243282,374700.19544453576,1.1573232587328157
432737,19,4544,39666333.0,39460568,42846739,1022200.4418619825,45257828.5,45149437,47058054,351339.4297322447,1.140963257178323
438196,18,3016,31289825.0,31084739,34518315,1285906.3537065296,36117698.0,35920437,38264653,403197.257155823,1.1542953020670457
408165,19,1062,37299912.0,37113796,40461703,1358500.0106342027,42598873.0,42480042,44787240,413510.88800148765,1.1420636327506617
391101,18,977,27836951.0,27628317,30966603,1390689.474736536,32330251.5,32148028,35336158,657632.1726237084,1.1614149660284274
416461,17,3761,28721651.0,28462568,31875102,1138423.0597713278,32170821.5,32012434,34310616,405291.1759545845,1.120089562400156
492615,19,427,45469140.5,45338802,45947577,182224.8571249543,51044577.5,50829084,52310507,433763.73685970897,1.1226202417439581
429480,18,1718,30600691.5,30389877,33769438,1345611.574203294,35600128.5,35513860,37530567,364759.2690678013,1.1633766021267853
401866,18,2703,28585415.0,28414435,31918309,1319545.7427167778,33012724.0,32800587,36101788,682652.5693064998,1.1548799973692878
421419,18,923,30125953.5,29897537,33246370,1398543.9866636205,34669886.5,34529969,36744919,405813.7336197264,1.1508311761816934
405412,18,1477,28814250.5,28667651,32239907,1443339.1712999316,33511822.5,33440200,35438746,363522.61140878464,1.1630294704351238
463664,19,175,42886139.5,42764872,43571418,209070.7358763775,48503644.0,48229473,48927542,168245.22328512694,1.1309864810750803
468134,17,4502,32502931.0,32254875,36312674,1227666.8997261324,36815289.5,36566868,38496071,342200.5767553439,1.132675988513159
414305,18,2104,29469512.5,29264725,32553180,1394573.0451580675,34309592.5,34200079,36123945,367247.13561313023,1.1642402465938315
487563,18,1363,34935825.0,34871661,35522309,182033.64405107155,40635889.5,40490405,41076701,145036.6464548759,1.16315814783249
413217,18,831,29535926.0,29359111,32736474,1335134.8552415122,33787795.5,33657678,36197660,494370.36462454946,1.1439558556586307
416065,18,4722,29634499.0,29493598,32853805,1135994.4391947621,34188313.0,33939709,36344630,429792.54935937666,1.1536659688425979
416515,19,2333,38012002.0,37796304,41109674,1357073.7948833476,42951095.0,42804212,45371152,520571.53633379616,1.1299350926057512
409969,17,2505,28085858.0,27943267,31202125,1383363.2716301645,31893217.5,31733528,33999606,395682.22751567396,1.1355614451942326
471019,17,2769,32567255.5,32386905,35761896,1361034.3570438365,36977233.0,36786059,38793937,356313.320299106,1.135411395043712
443765,19,4234,40678210.5,40582751,44007515,611563.0462903549,46305960.0,45977059,47113439,239574.3930797117,1.1383480106628585
411535,18,3591,29303246.5,29053456,32474046,1212760.2377118648,33855311.0,33734695,35919820,397447.5842676351,1.1553433507785562
476459,18,2693,34187589.0,34054288,34722957,155085.57383897947,39240032.5,39107248,39872352,157368.4433037323,1.1477858968060017
425817,17,2801,29240772.0,29066805,32374643,1364754.7769630675,33132571.5,33046065,35172087,382307.86896049127,1.1330949641138066
482719,19,991,44413022.0,44253827,45098410,221467.5733581179,50126875.0,49869697,50854468,303239.4945333913,1.1286526505672143
499497,18,3061,35938965.5,35835982,36454710,168010.52043408868,41125329.0,40737229,41914071,330976.65095358144,1.144310316889895
498205,18,2370,35737674.5,35641844,36271217,165913.0780743037,41525095.5,41416406,41951499,125799.44146371327,1.1619417346251784
413906,19,333,38365471.0,38121976,43986361,1583974.704924408,42590380.5,42403120,45071569,535261.5006994918,1.1101227064304775
431494,18,963,30821752.0,30661851,33989357,1378470.571436128,35094510.5,34973420,37503417,514436.0030989979,1.1386280215349212
403886,19,2504,36791762.0,36564867,39805052,1312389.4645147414,41868939.5,41743170,44047812,411205.84843325394,1.1379976718701321
498891,19,2279,45844430.5,45705958,46343180,181593.00046117784,51749995.5,51566772,54670527,546149.1634947319,1.1288175016155997
398364,18,1947,28298663.0,28116730,31417336,1385863.7513987366,32562996.0,32455587,34745058,422136.4011340884,1.1506902640594716
382980,18,2143,27001909.5,26866044,30455580,1436739.1633731883,31269104.0,31173250,33362155,407153.9520596342,1.1580330642912495
491356,18,3046,35297877.5,35208143,35819444,182859.89749775344,40905021.0,40802007,41523155,160354.87644319466,1.1588521434468688
325374,21,11725,37060885.5,36871281,39462857,454127.50774405134,35869823.0,35682987,39594961,846203.0360089607,0.9678620064272344
493577,23,2843,61468731.0,61322236,61970456,171951.15354827436,70042606.5,69908099,70843065,222024.11024024693,1.1394835286253102
466533,25,2911,43640802.5,43537290,44095804,150158.74389718,53416826.0,53060025,53948153,178391.41893860503,1.224011084580766
321813,20,3439,25245547.5,25002909,26692075,405093.34954690794,29272083.5,28234734,32292502,772042.1451783892,1.1594948970704637
483259,20,9045,45420709.5,45231892,45907330,169597.9306291501,45394384.0,45141620,45899851,167445.34326668773,0.9994204075566014
473407,21,17735,56424655.0,56200087,57124212,233372.167013428,53661020.5,53515415,54325226,172993.49740386842,0.9510207993296548
368816,24,6242,36568968.0,36177510,37094598,201579.99855879936,37643751.0,37464099,41637416,767976.6348111851,1.0293905750908803
366036,21,19783,42838473.5,42427348,45501541,548972.6454420809,40754338.5,40624073,43140551,511509.13981924765,0.9513489900614689
268638,25,9011,29638084.5,29454303,32212849,516669.2414338651,29382104.5,29170398,32163294,567923.7962141125,0.9913631395443251
293517,19,13448,30694052.0,30464942,33276958,497895.26645709557,29720067.5,29628628,32106803,450464.4772372981,0.9682679725700601
299005,24,15411,31133059.5,30897344,33719536,502002.2345492984,29769172.5,29590974,32730612,679757.3380877391,0.9561916810649465
421419,21,7959,47139742.0,46666023,47716203,260513.1475161645,47510121.5,47422892,48380332,282357.04091318295,1.0078570540330916
305282,24,15606,31850879.0,31537523,34254129,488043.74139255745,30804774.0,30730980,32806524,374152.2440776705,0.9671561654546489
329288,22,11373,38281300.5,38025430,40840774,584892.3736517874,37796108.5,37569369,40257391,502883.07857858634,0.9873256134545377
412541,20,10547,38802715.0,37778503,39721500,500438.52612864453,37764080.0,36817233,38661419,443429.3086349729,0.9732329297060786
274723,24,8701,27371086.0,27254689,29401669,376943.88220276684,27251788.5,27138009,29611100,441414.7853949579,0.9956414772873827
335620,19,4928,30460595.5,30235862,33432955,1000860.6035375533,34416537.0,34227469,36694114,461324.57234248734,1.1298707866692888
337723,20,4354,26477095.5,26332592,27686832,311698.39584281185,30868068.5,29867209,31810528,515993.1356857333,1.1658404336684136
323149,21,11466,36499645.0,36237428,38894536,505255.80622564733,35980562.0,35743274,38913836,676630.5950051788,0.9857784096256279
305753,24,6378,29422666.5,29232829,31023325,338996.34457595885,30561900.0,30394001,32816310,441552.60456073127,1.038719587159104
458459,20,17556,45161948.5,44906121,45767130,230914.03148829844,42938188.0,42833485,43517121,218233.47775345002,0.9507603065443467
336880,25,3301,31008378.0,30876429,31496320,162399.8633056896,37759612.5,37627908,38310121,152163.82207855963,1.2177229166904506
490228,22,3458,49230975.5,49098330,49735635,157473.61343322112,56968688.5,56788892,57766171,238840.6870715778,1.1571716367879
487677,25,685,45479785.0,45335865,45895646,151463.9690709752,55620945.5,55473092,56211198,173974.9840275767,1.2229817159425886
460291,24,7749,47430978.5,47270460,48161222,179112.74908168876,47598203.0,47273570,48210000,280444.3237037414,1.0035256388396034
446244,19,10502,47654928.0,47199552,50298095,529100.3216895261,45870187.0,45719070,46722604,249717.24148937376,0.9625486581366779
490061,24,14537,52924237.0,52735755,53456832,170144.37994011308,50944674.5,50711646,51841905,216373.5305866121,0.9625962959088101
371541,25,1544,34361179.0,34146661,34782394,179792.9509099255,42179650.0,41712897,42935326,232992.0396445171,1.2275379142258187
442117,23,9005,62678178.5,62477748,65872765,603245.9786094963,62813122.5,62589592,63250966,152055.89676855312,1.0021529662033812
359858,20,11528,33748646.5,33045361,34987172,472345.068967941,32969468.5,31991521,33872203,504496.4497804871,0.976912318542908
252904,24,17318,26513324.0,25442229,28264111,628684.8702574782,25258061.5,24811608,26829928,394487.01966855925,0.9526554082769856
313736,22,19968,37412917.5,37219464,40023138,511862.19244271854,35882553.0,35445278,38259039,659026.8223854391,0.9590952910849575
417474,19,15774,45148096.5,44923434,47656280,485713.12948552944,43347722.0,43051571,45431428,436442.9605811356,0.9601229145950816
389896,19,16957,42008791.0,41824782,44832155,552621.4544048717,40155590.5,39876831,42470770,512931.7892498432,0.9558854121747993
383393,23,183,47408528.0,47314606,47892635,163635.6249184823,54011171.0,53578227,54834299,351724.3159149633,1.139271208758053
364200,24,9254,38086652.5,37535683,41943747,757134.9971827782,37322882.0,37155168,37916815,164932.46830560346,0.9799465048812048
302072,22,15173,35579463.5,35299589,38154264,489222.7967402537,34578016.0,34231332,36925445,493332.5545233819,0.971853215268409
357514,24,13622,37908478.0,37689455,38563810,207329.06489260014,36495951.0,36220416,37455017,333067.07133790635,0.962738493484228
352031,25,12015,40881357.0,40667873,42139385,299773.1440662737,39826970.5,39676384,43048790,597094.7728302099,0.9742086227714994
284702,24,5283,25691089.5,24857779,27346701,523282.4131987844,28387878.0,28215502,30483369,401216.7022696006,1.1049697989647345
499739,25,3026,46885372.5,46768836,47440654,184451.36179755715,57206245.0,56426069,57837161,354541.98665112833,1.2201299029884
497171,25,2321,46709593.5,46538049,47188624,166239.22581383534,56881481.0,56748853,59805399,545502.8293978155,1.2177687009843063
483615,25,1631,45079891.5,44885276,45801648,201773.42259796974,54743361.0,54569565,55347119,169802.66732100793,1.2143631933985466
451487,25,2352,42231154.0,42029378,42749718,190773.3558894224,51450989.0,50876573,52014510,286502.19072741835,1.2183183296388254
444176,25,3822,41928691.0,41759827,42469744,194999.49521471985,50333039.0,50185090,53749096,651471.3009365468,1.2004438440494123
460218,24,1350,39068747.0,38916873,39586253,188612.32974846405,47868195.5,47684676,48575819,198466.04420713047,1.2252298621197142
473601,24,1747,40216573.5,40084298,41469043,252233.40495043254,49120226.5,48829426,49563116,219316.97475512215,1.2213926305780376
469191,24,1221,39861486.0,39746082,40796986,205755.58060386166,48843384.5,48605734,51803439,548032.6317694554,1.2253277386598183
446929,25,206,41987875.0,41885629,42572805,204881.65676558262,50430209.0,50246554,50890304,148800.4568944785,1.201065998219724
494489,23,772,61822952.0,61618571,62486241,222073.66185058706,70362995.0,70129304,70917580,199467.6338170069,1.1381370951034495
416332,25,2344,38798424.5,38632630,40989587,419760.1521403225,47252784.0,47002233,47817541,243793.893184571,1.2179047115688937
462868,24,1916,39307491.5,39144094,40024010,200174.7665678641,47718467.5,47521065,48113830,120610.41786909068,1.2139789561488552
474300,24,338,41123607.5,40930443,41787703,210449.73525250365,49014985.0,48856600,50303104,343393.39038320497,1.191894096353293
455667,23,1590,56354324.0,56187428,59240757,545257.6433172609,64774631.5,64484521,65439859,171140.59256289518,1.1494172390391906
469488,25,4504,46212518.5,46065403,46770036,187780.61353429314,53496665.0,52927604,54130633,318089.69814165455,1.1576227986795395
478245,24,4143,41537889.0,41390842,42179169,212919.02848281706,49802143.5,49104395,52768130,636329.7151609341,1.1989570172908883
435301,24,1013,36981810.0,36850054,37600707,194915.91791414117,45252024.5,45130095,45736454,153480.04313467673,1.223629251786216
415260,24,1389,35084338.5,34954793,35679060,168292.978094301,43239052.0,42924328,43620514,167463.1752536957,1.2324317301863907
419701,24,868,35525384.0,35397454,36067190,163316.3419699497,43755435.5,43442646,44179096,183355.32546476222,1.231666785079649
428389,23,2798,53079418.5,52925682,56263692,587200.5932813467,60931022.0,60686133,61383369,142008.32404979723,1.147921807018289
405153,24,1446,34112873.0,34011717,35098279,217544.29616408906,41627308.5,41509746,42380134,180132.67979068466,1.2202815195307648
420865,24,4768,37723978.0,37621000,38707107,203623.7191357873,43319329.0,43211628,43738488,129737.85566916167,1.1483234615395015
410657,25,793,38330937.0,38236876,41743878,620788.8285906184,47067044.0,46736155,47669109,189818.26011620517,1.2279126909942222
495790,24,626,42577370.5,42453250,43277414,219480.530239432,51604643.5,51462633,52216505,147675.83056381374,1.2120204440525513
377938,25,1287,34821323.0,34695053,35733950,195945.67766445427,42826448.0,42587246,44120373,336447.464566172,1.2298914662145375
377739,25,3109,34994346.5,34849440,37966315,554081.5697384727,43102497.5,42527615,43596496,300220.4479134846,1.2316988831324511
346748,25,1152,31874751.0,31776514,32397922,160886.21586472914,39572562.5,39350148,40069355,165355.24236276542,1.2415018551831196
375427,25,2146,34728287.5,34600101,35311926,195225.8117795789,42903201.5,42688742,43220808,136685.1411483462,1.235396404156122
354829,25,3277,32754546.0,32568010,33190510,165628.23046476374,40328053.5,39936775,40955613,220407.44706071826,1.2312200419447121
352725,24,2220,29548958.5,29411681,30095995,170922.98496288384,36616615.5,36455906,37081104,152127.51444108764,1.2391846399594761
368247,25,3412,34130481.0,33984663,34822629,181624.70216276258,41973954.0,41548980,42239059,195854.89117076504,1.2298084518644785
346394,24,1758,29126199.0,28876607,30830993,684759.8414117016,35505355.0,35261775,37350649,382146.69149066595,1.2190177990612507
397857,24,3204,33605971.0,33485588,34129478,186368.71493555157,41346257.0,41169363,44585006,610439.5075269666,1.2303247241390525
352413,25,2842,32523444.0,32410506,33063841,166672.6220542301,39980593.5,39729364,40682776,256517.5482003695,1.2292853579713146
389255,24,3640,32996313.0,32878245,33542998,184691.60948476306,39942496.0,39784729,41273886,401735.6564215122,1.2105139140848857
411709,24,2854,34930180.0,34753816,35471807,203263.79899114405,42924047.0,42791844,43440190,142703.702289359,1.2288527285001107
351464,25,657,32307412.0,32213224,32869692,173107.18989729712,40028087.0,39849532,40379769,122030.33064090618,1.2389753472051552
337124,25,806,31079322.5,30956275,31971884,196856.609594409,38307007.5,37892972,38841020,246815.3076193794,1.232556066819024
337230,25,1760,30902989.5,30788972,31865102,207745.19507346544,38334001.0,38080552,38892705,176536.4439522018,1.240462544893917
333812,25,1596,30727700.5,30500006,33735127,1354776.35771465,37849106.5,37616373,39843324,387851.7977250016,1.2317585072791242
350028,25,546,32257825.0,32147053,35152837,538299.7607989034,39852989.5,39572830,40216941,184013.10192156304,1.2354518477299694
323028,25,148,29698404.0,29531077,32796959,1346027.0466978857,36153127.0,36004617,38450334,477915.21690321347,1.2173424201516014
339189,25,204,31453223.0,31371050,31979189,174625.80615875637,38316538.5,38052229,39212762,226871.94292938817,1.2182070657751036
317782,25,1534,29076507.0,28941769,32389529,1408846.2719112954,35612484.5,35402944,37838468,460428.9463847924,1.2247855115471744
319787,25,2630,29448839.5,29170463,34380116,1350998.9238514379,35950666.5,35751563,38283848,450157.45068775536,1.2207838105131443
343312,24,569,29102024.0,28912297,31011519,765105.0208648455,35157148.5,34934547,36878946,344542.8285172251,1.2080654080967015
331233,24,2541,27772956.0,27579328,29751826,594281.2203797878,33906118.0,33568682,35567165,392922.31162193994,1.2208321649305174
362498,24,2546,30481797.5,30376800,31160380,180247.8650892339,37203617.5,37105675,37894796,150094.7990787785,1.2205191475338684
352133,24,4092,30018415.0,29929225,33050094,566028.8790983577,36476921.5,36151906,37100557,208173.19091290844,1.2151514828481118
312572,24,618,26234521.0,26119555,28163565,810393.0338728403,31828629.5,31632990,33665745,357533.46267588716,1.2132346346251186
304823,25,522,27894925.5,27731591,31220899,1349015.526992573,34225781.0,34030766,36450079,427552.5717693946,1.22695366223509
338457,25,2045,31135950.5,31018910,32038222,218730.949339058,38003006.5,37857791,38632630,175624.11937990054,1.2205507103436588
347938,25,1012,31964371.5,31859524,32395267,147513.3938867323,39270893.5,39136640,42317199,571191.5131064001,1.2285833150199748
360371,25,141,33265729.0,33166665,33735179,170647.66183293835,41058013.0,40623195,41628421,249296.6980225437,1.2342435964652991
359002,25,5723,38163220.0,38016447,38581571,131916.6216751913,40923489.0,40748684,41463374,159175.7626824162,1.0723279901433893
362238,25,607,33375871.0,33288627,34312396,204230.17071849757,40885342.0,40674980,41876663,331383.17577659583,1.224997004572555
362002,24,342,30903931.0,30824038,33889917,552228.9857746864,37276015.5,37114586,38274420,324667.5960986851,1.2061900960107632
337319,24,5015,30422876.5,29459208,32595455,608155.3653999765,34867388.0,34281366,36307263,421658.0480792147,1.1460911002284744
319854,25,3839,29746604.0,29591606,32870263,944910.0059033047,36012077.0,35751357,38267326,454480.6924725907,1.2106281779257895
363025,25,2352,33556250.5,33399065,34059762,162409.27556681883,41227077.0,40847198,41913471,239567.395071329,1.2285960554502358
365599,24,4037,31234424.0,31154299,32101923,206827.44369505762,37953784.0,37547997,38439093,236349.04130864496,1.2151267460542894
331287,25,1082,30426394.5,30243733,33493758,1345710.031630564,37243253.5,37022644,39460532,463613.6563952025,1.2240442586781026
387882,25,2520,35988953.5,35889389,36493576,173425.32739734606,44297631.0,44125455,44743206,135963.0990510497,1.230867438254352
349900,24,2732,29347066.0,29203138,29934191,186127.1490420251,36278847.5,35805422,38031707,412087.7988102643,1.2362001537053142
340361,25,4796,33800086.0,33716329,34376008,184875.0318385789,38747301.0,38615192,39148365,140857.70720853563,1.1463669352793955
357978,23,2348,44052174.0,43894824,47283497,1163925.8341314995,50380328.5,50022056,52225475,383501.9662835367,1.143651355322441
347828,25,1794,31946591.0,31828984,32443106,160884.2956042392,39288798.5,39023704,40007846,272707.5836196896,1.2298275737777467
432759,24,2287,36724887.5,36581544,39704076,551238.847076881,44677970.5,44405980,45349565,215228.84173959016,1.2165584033443262
307552,25,3865,28637294.0,28426356,31789518,958852.7162489237,34684478.5,34527581,36730069,401547.43813759065,1.2111646617169904
342271,24,2947,28754415.5,28573061,30635460,552948.9732225861,35220685.0,34770043,36692617,380460.72751786973,1.2248791842073785
351179,25,241,32813445.0,32668326,33406713,182583.35312572232,40201606.5,39970650,40513422,124062.98703345098,1.2251565326347174
394930,25,4198,37572173.5,37432477,40689366,585290.3734922768,45121362.0,44918210,45661943,139644.7027214304,1.2009249877439216
373705,24,3027,31416891.5,31317595,32217155,201285.0998504609,38678316.0,38253081,39020100,208315.40559155325,1.2311312212412868
379319,25,3600,35257775.5,35087113,35939180,220817.1954531143,43309425.0,43116224,43792366,135748.31446986736,1.2283652154969333
360841,24,1587,30204032.5,30094697,30745245,162047.41167600715,37598935.0,37483138,38231175,178900.30237438268,1.2448316296838842
369797,23,2115,45437222.0,45285349,46055664,179773.19498556136,52526837.5,52022791,52934442,199156.36796252168,1.1560310069132307
360533,25,1551,33268721.0,33176250,33964067,194683.83387922126,41161102.5,41011570,41750349,169810.41183482308,1.2372312870098012
321630,24,2121,26900488.5,26671983,28819011,652065.5804642318,33115254.0,32527729,34641847,416934.0929433239,1.2310279792874392
360571,25,1561,33262562.5,33163585,35356079,407255.7164470241,40838670.0,40627647,41791030,306408.7948440213,1.2277668023923292
391429,24,2184,33049253.5,32944408,33790344,221770.78317609578,40581512.0,40292272,40925767,160538.93636210708,1.2279100948528232
369977,24,1676,30991333.5,30946786,31500283,166574.69602087094,38010104.0,37885802,38779119,191013.82934872078,1.2264752660610747
309636,25,2925,28385385.5,28180556,31484414,1164887.957686263,34771992.5,34615211,37007407,434120.1820531947,1.2249963101610863
354709,23,1281,43508798.5,43296130,46936898,1411178.3984175562,50016013.5,49833721,52477700,462054.50887788355,1.149560898584685
379699,24,888,31969701.5,31863148,32904376,212189.19656550745,39029540.5,38828589,40037445,327482.77858857455,1.2208290559109536
332146,25,3940,31128074.5,30866767,34163834,833455.329580672,37541086.0,37389858,39537416,377757.02706117707,1.206020179629164
364174,23,3066,44943117.5,44804206,45525192,193253.04921378774,51052494.5,50890666,52191624,398100.71477147035,1.135935763690625
327162,25,2275,30143284.5,29894413,33221192,1211992.254169383,37293728.5,37086100,39073129,345157.80375188286,1.237215158155708
360301,24,1176,30277143.0,30166240,31418673,241783.73364620475,37538307.0,37289091,38117009,188667.42791333175,1.2398232884787048
328498,25,2427,30297382.0,30094548,33376982,1028673.3039463967,37422637.0,37198171,39023416,315224.4128026466,1.2351772506284537
324874,24,3316,27195502.0,26987590,30826979,811421.739629101,33137571.5,32912551,34917109,374027.84963328455,1.2184945694328422
389423,25,5241,40271925.0,40197516,40915217,142348.06227265226,44053271.0,43783430,44856082,331928.47017787164,1.0938953377570106
343483,25,4063,32169310.0,32066882,32783487,196896.64968033074,39155014.5,39059148,39512498,126004.23009828766,1.2171543157127087
331535,24,730,27845524.0,27694835,29733229,780403.5898910975,34002607.5,33604280,35602427,391139.5711984392,1.221115734794576
357874,23,3917,44273252.0,44042735,47414245,1024971.1470177402,50526352.0,50271449,52419867,381313.0513170991,1.1412387777613444
361797,24,1188,30386568.5,30284073,30923255,160657.52768958226,37193782.0,37007792,37683638,129614.19859355259,1.2240204747041443
353861,24,776,29878292.5,29818672,30450187,185532.6321212315,36737249.5,36389356,37089128,158040.91982025484,1.2295632188486005
347327,23,320,42889665.5,42728176,45942153,1320175.004304187,48933143.5,48474785,50944024,516284.52314165875,1.1409075573228706
354465,24,2454,29801406.0,29655220,30229482,154958.0023887512,36553765.0,36343878,37206449,182202.37000838443,1.2265785379387806
372018,25,615,34330991.0,34247810,34894440,189787.31077159915,42313879.5,42137296,42973989,199323.12662984917,1.2325271793057182
344736,25,3130,31785616.5,31711605,32395496,180449.871512654,38912978.5,38686995,39610332,183813.96975270647,1.2242323033124118
320930,25,887,29409403.0,29223651,35064618,1609987.1209022957,36482382.0,36306467,38283170,360002.71685740404,1.2405005977169954
306311,25,1350,27869344.5,27717436,30990203,1370334.7896860992,34431806.0,34201940,36629693,435121.35603658383,1.2354724023021064
295866,25,2148,26989409.5,26870984,30165184,1308558.1587221613,33249144.5,33069886,35448916,437194.53086124285,1.231933010612922
282812,25,1639,25693059.0,25527470,28760303,1366421.570263038,31369852.5,31170870,33956517,512747.0187781581,1.2209465793855063
335244,24,3930,28392384.5,28240440,30292106,435797.99740833545,34797138.0,34051837,37753657,708973.9099887449,1.2255799790257138
328338,25,2175,30257385.0,30034994,33327497,1253604.9756859122,37125461.5,36886039,39815342,506944.68485824193,1.2269884360462744
359716,23,105,43975445.0,43795118,47149974,1364571.4631343053,50862749.5,50407131,52686798,385957.0035576156,1.1566170507200098
309114,25,2011,28274859.5,28120813,31365896,1263412.9384724114,34992583.0,34868016,36929585,372869.15542885376,1.2375864502527414
356350,24,3425,29945587.0,29838761,33401708,644207.7758213563,36516991.0,36373148,37284777,199357.98317273098,1.2194448217027771
293234,25,377,27038873.5,26902153,30126226,1351304.4668647244,32888094.0,32640931,35145663,458129.4215583979,1.216326338447495
338208,23,2263,41702008.0,41437977,44675579,1088522.863491551,47971140.5,47459434,49565615,352214.2058360209,1.150331669880261
377034,24,2311,31776579.5,31669030,32387071,191464.93428313592,39182661.5,38994881,39682098,140706.36652682858,1.2330673129875416
311357,24,2116,26039090.0,25790819,28924318,809308.6252794926,32112552.5,31493011,33590231,420367.7654272651,1.2332440380981056
298419,24,2899,24758895.0,24623118,26875326,682486.1933236419,30378514.0,30020613,32186778,405227.85810169677,1.2269737401447036
373971,25,2381,34655858.5,34542182,35229664,173572.17247521435,42622511.0,42446685,43484552,176170.95218780157,1.2298789539436745
354948,24,1481,29748627.5,29629556,30344530,174000.92980424943,36497483.0,36165964,36777449,137300.19056173958,1.226862751903428
307426,25,5766,32707689.5,32622682,34565633,338403.3526908729,34722085.5,34634531,36734108,385036.4998293308,1.0615878415991444
387288,25,762,35916041.0,35795002,36382346,162966.60327987108,43652679.0,43543271,44232238,177148.70381132406,1.2154089867533007
318022,25,737,29135022.0,28951918,32154894,1322978.5807793445,36171832.5,35854472,37793844,328238.414810881,1.2415241182930976
333324,25,3008,30774790.5,30567159,33831655,1050612.8806959277,37906585.5,37767742,39700428,366115.9084655751,1.2317414638452209
302726,25,1685,27561973.0,27453478,30687161,1378715.2224190386,34118529.5,33885323,36156398,419319.6794034037,1.2378841492951176
298603,24,710,24912299.5,24817874,27509691,886639.2977338072,30228851.0,30058495,32301043,388164.70236420265,1.2134107090355108
288231,25,2831,26314931.5,26144497,29455650,1144990.0533290931,32244582.5,32052874,34538619,443599.2842716148,1.2253340845671592
321520,25,909,29450343.5,29307644,32551561,1344810.8789780054,36443040.5,36346821,38347649,364059.3823977744,1.2374402526069008
307192,25,1918,28138851.5,27979571,31463298,1377296.6630969367,34840149.0,34507004,36650135,392201.15901925747,1.238151066684438
289375,25,3964,26834266.0,26700679,29990504,933838.4322835128,32308590.0,32111450,34649377,462333.29088610236,1.2040049837770856
311474,25,1099,28417136.0,28309906,31426824,1331109.251352213,35291439.0,35109411,37375444,394172.26648301317,1.2419069606451545
372150,23,642,45710014.5,45574553,46269644,201433.9977065579,52682589.0,52117862,53273818,259581.0491013998,1.1525393193651252
318948,24,1408,26622191.0,26483084,31177228,1058972.5554850774,32980350.5,32340649,34326170,391648.15238401166,1.238829309728865
300676,24,1600,24954056.5,24813623,27148421,831737.0507287083,30578920.5,30283569,32474400,383458.1974198665,1.2254088027732084
341607,24,1252,28552363.5,28331927,30330504,755602.8855393818,35006732.5,34652391,36615990,374151.8003928114,1.2260537555848923
314800,25,1038,28806179.0,28635745,31843509,1352839.38981159,35585830.0,35374616,37524109,383657.7688790261,1.2353540537257648
330644,24,1636,27492470.0,27372143,29815490,828833.3866550054,33928310.0,33439300,35967938,600320.2468283593,1.2340946448245647
308507,25,1527,28147843.5,28012063,31136433,1334710.7912110768,34908580.5,34783444,36785749,362848.98811484315,1.2401866771783068
307640,23,1568,37562583.5,37390055,40838770,1343331.431146647,43135427.0,42943535,45034430,378153.8401133768,1.1483615603809574
347819,23,3333,42814271.0,42626330,45955508,1025952.3906598359,49211080.0,48918749,50791603,360211.20882166555,1.1494083362998286
325466,25,1516,29756739.5,29585982,34824472,1559569.6341469535,36915095.0,36742609,38870076,386510.35512809426,1.2405624950945986
315143,25,366,28951360.0,28807651,32043692,1352895.3774111306,35566834.5,35395555,37597284,398403.76338637504,1.2285030651409812
306429,25,2071,28034403.5,27885924,31217589,1287106.2140388591,34616151.0,34443415,36543694,376022.927146484,1.23477394480678
323004,25,1028,29662189.0,29457800,32688086,1339111.5930042558,36559147.0,36432612,38552281,378470.43141236575,1.232516824702317
301099,25,2823,27614003.5,27422462,30899879,1171248.3165784373,33876208.5,33670235,35961086,403304.9224813804,1.2267764252293225
315890,25,2136,28973837.5,28751691,32139833,1260128.877575722,35561578.5,35339656,37753750,427044.71708331147,1.227368604521234
313753,25,3407,28846591.0,28657299,31904067,1109702.3746537548,35583218.5,35481126,37473087,358497.72288933716,1.2335328808870345
299263,25,1147,27321497.5,27113695,30314063,1337870.1541901862,33711868.0,33503470,35746488,391712.1319349992,1.2338953236366346
289624,25,908,26359658.5,26191733,29493037,1388234.9017258554,32413993.5,32125542,37601317,946241.4640260821,1.2296818450815665
322014,24,1049,26812022.5,26721521,29027772,838471.9998168395,33168452.0,32587220,35169514,469313.8588004123,1.2370738537161827
317398,24,1461,26398926.5,26271783,28340009,812001.261161063,32444999.5,32116203,34171128,368948.74466124247,1.229027229573142
328694,23,2400,40305046.5,40135018,43384378,1185332.7171099468,46216679.0,46031065,48063901,388653.66281479393,1.1466722659655038
356563,25,1155,32968075.0,32824071,33446507,154596.25077673566,40517625.5,40339334,43390778,527024.8600356492,1.2289957936579554
365323,25,1913,33682676.0,33585063,34243715,162921.52771721798,41231272.5,41063934,41686144,129978.10023008577,1.2241091681670424
333237,23,1042,40821410.5,40589986,43870535,1371005.141824157,46964148.5,46859535,49391572,444401.955824259,1.150478337832055
319306,23,2365,39175031.0,38949104,42152643,1127212.2773491587,44993887.0,44776657,46798741,365161.2819693679,1.1485348154542623
278389,25,303,25600622.0,25407598,28600815,1330267.5495737588,31061615.0,30895335,33346472,444836.35557250964,1.2133148561781038
364143,24,1970,30564815.5,30448217,31078625,175406.55217061366,37584096.0,37229589,37926168,179794.57506389217,1.2296523105137016
341474,25,1359,31262703.5,31180146,31892957,181415.84490533528,38744610.5,38644124,39347846,162589.52094373186,1.2393237360294191
326534,23,1788,40019293.5,39759248,43033547,1337072.4127463375,46045692.0,45849149,49353295,687518.2748615851,1.1505873285843988
320800,25,1850,29382405.5,29178688,32405241,1345188.7282612636,36115022.0,35875025,38282508,426618.34882814036,1.2291376892201695
316608,24,2836,26489903.5,26328032,28394819,564095.7097780767,32558882.5,32014295,34039659,369806.67020579666,1.2291053646156167
314263,23,146,38710226.5,38475480,41701938,1320030.8690741223,44182815.0,43978156,46070248,377726.2352392698,1.1413731975967643
324970,24,185,28032227.0,27847530,30276873,802399.1829352742,33322867.0,32864849,35562154,577116.026539917,1.1887342022451517
636838,4,3005,14281421.0,14010682,15272490,309280.3284036812,13803076.5,13709625,14384315,257907.31775493178,0.9665058189937822
619531,6,10827,19387375.0,19013496,21141822,539364.1478659282,19308219.5,19038827,20395139,419011.95598548127,0.995917162586477
536592,4,12717,11574396.5,11420587,12474975,221149.1211984549,11393930.0,11292973,11729712,139042.20977212477,0.9844081287521125
619895,5,15643,18841879.5,18338445,19827026,325903.5915826113,18854380.0,18510105,19276996,200440.7566902389,1.000663442306804
528500,7,538,24153899.0,23744821,24337529,175347.33821379274,23322821.5,23037380,23956784,260689.2806457186,0.9655924080828524
570416,4,4249,12386236.5,11813681,13047878,298882.8195587863,11836335.5,11771486,12678283,353928.67839534656,0.955603867244098
665089,3,8506,17061864.5,16905303,17975055,317288.38816239225,17049348.0,16939633,17998878,329601.31049587775,0.9992664049113741
714480,7,6632,30968209.0,30797481,33322650,966730.4554117105,31047238.0,30950036,35703384,1135440.148168788,1.0025519396359022
577865,5,7885,18208861.5,18003218,19186218,294780.84695388353,17847949.5,17700471,18073214,98411.17183755105,0.9801793209311851
559423,6,5033,17959027.5,17763897,18452240,141347.03063399985,17798803.5,17667632,18214029,126681.79166550425,0.9910783587808416
698796,6,19814,21710669.0,21453767,24263979,689977.2553793318,21513063.5,20998550,23776273,846514.2967183071,0.9908982307270218
644137,5,13079,18988743.0,18618716,20827207,513414.4623778781,19210674.0,18889747,20422314,404463.14000558684,1.0116875034856179
639563,7,16947,27875169.5,27751516,30623232,564408.5169118642,27538020.0,27343323,30241538,910795.153665482,0.9879050242187765
553671,7,18690,24298214.5,24045510,26641615,673901.9007370237,24187445.0,23546889,25969876,652477.6433278861,0.9954412493971522
642109,2,4197,11515057.5,10742432,12479993,448100.1963000189,10948797.0,10686390,13174970,580052.2915431984,0.9508243445592869
517649,7,5946,23440873.0,22832780,23866410,268593.5578302094,22900550.5,22565964,23475596,254276.46283614653,0.9769495572967781
667777,3,11145,16847979.5,16573124,18377017,589114.8804748292,16871551.0,16604138,18152940,482470.47093972034,1.001399069840986
747287,3,4870,19054818.0,18809097,20192186,417318.2176356831,18992381.0,18908447,19970511,363714.05057329335,0.9967232959139258
521770,3,8916,13233417.0,13170925,14297272,410922.19935049204,13225623.0,13173840,14063128,327613.8283039279,0.9994110364692657
522797,3,3065,13339197.0,13281685,14226170,338286.8268324907,13231441.0,13195498,13953591,239952.86903177234,0.9919218525672873
745484,7,4031,32356383.0,32233386,35257594,1099748.2304424269,32451024.5,32293031,35193393,943435.5750681064,1.002924971558162
712255,4,15905,14935811.5,14656580,16990217,541057.1905438761,15043526.5,14830422,15646337,195210.6093024318,1.0072118612370007
540835,6,6120,17081743.5,16936677,18774410,347659.84035650745,17000212.0,16865324,17726237,195863.967881271,0.9952269801967228
633649,3,6406,15992083.5,15828101,17552292,565834.390715984,15907034.5,15806190,17394953,486339.08325808257,0.9946818061574029
656925,7,17250,28842902.5,28704453,31360968,501465.67730865366,28355904.0,28243462,30956208,916119.7397219572,0.983115482223053
592211,2,11019,9943146.0,9916233,11623961,356262.5554371834,9977586.0,9942431,10498841,131543.50668944308,1.00346369247721
610693,4,17295,12762275.5,12340917,14177263,413529.72411029093,12924416.0,12790239,13160712,88853.50517208398,1.0127046701036975
721247,6,11488,22081867.0,21897715,24681518,729379.9892978366,21990139.0,21881321,24485955,845285.493337967,0.9958460034199101
655275,7,14747,28348575.0,28167203,30981421,745777.2282634488,28347514.5,28147143,30959999,886292.0395660094,0.9999625907122316
638824,6,6144,20924400.5,20730761,22094621,361743.2781131162,20566597.0,20447620,23642071,562931.7155739663,0.982900179147307
543697,5,4272,17028970.0,16944349,17154888,49437.66496126432,16812135.0,16621867,17172397,119060.82572183663,0.9872666990428663
551606,3,11602,14097954.5,13853679,15220835,383383.58999345114,13979313.5,13886543,14729719,270475.4862214237,0.9915845238399655
586164,7,9285,25902897.0,25588223,27299040,400674.62915683293,25941052.0,25371743,26962538,425059.8510844077,1.0014730012631405
746652,4,11697,15972687.0,15662257,16819559,270561.3704778764,15847451.5,15670720,16911607,235961.58898559219,0.9921593968503859
663405,6,17304,20749692.5,20380965,22044346,431438.6345272394,20583984.0,20302175,21921231,533485.1689107112,0.9920139298449845
714436,4,12182,15182655.0,15040252,16116431,243436.94166771174,15154723.5,15072346,15717519,161577.32045233535,0.9981603020025154
533686,7,16322,23270284.5,22858612,25016571,559224.4752008943,23269275.5,22833773,24728791,512329.67814918316,0.999956639980057
530702,7,18119,23035950.5,22879766,26505279,893105.4897625004,23068592.0,22555163,24758811,649656.8438323155,1.0014169808187425
505261,2,1478,8835931.5,8812556,10205404,277131.35626663076,8638786.0,8618408,8874517,54916.88627840762,0.9776882041242624
656191,2,14015,10885194.5,10867833,11926700,250328.57462123435,10917999.0,10884751,11490005,152722.51469849565,1.0030136806466803
583329,4,16186,12098819.0,11906220,13482577,359906.35380585695,12242627.5,12124554,12583061,112260.70094767012,1.0118861601285216
599469,4,17425,12351762.0,12197266,13078390,225435.04183158837,12708274.5,12596054,12941077,77256.44591431982,1.0288632909215705
569261,4,19387,11876312.0,11640278,12454494,195186.27464103504,12001659.5,11910357,12480232,143236.68762537758,1.010554412851397
571282,4,18711,11714430.0,11583102,12442918,219330.8571346773,11798379.0,11663139,12735926,264443.9568053945,1.007166289781065
595945,3,17368,15149123.5,14874861,15977672,362720.31129374634,15025684.0,14922808,16092780,354652.19976579247,0.9918517068000667
605549,4,17892,12432031.5,12183003,13363746,287465.9526762083,12558789.0,12391500,13296128,264577.078139904,1.010196040767754
542529,4,18915,10911753.5,10770302,12040330,375112.8018897027,10848183.5,10574704,12043165,516820.52182810253,0.9941741719147157
633650,3,19685,15810409.0,15756703,16930331,335996.6998954404,16021017.0,15786832,18053055,517716.8601416114,1.013320844514522
617833,3,19393,15425747.5,15385207,16540889,328130.54450858256,15546624.0,15435336,16496804,326241.9923035387,1.0078360222089724
563212,3,18648,14159557.0,14108826,15013962,280316.51723987533,14276570.5,14150991,15291456,303438.99161658506,1.008263923793661
570608,5,17267,17698087.0,16687060,18722926,561442.7585363978,17544328.0,16810477,18154581,348417.1920906012,0.9913121118683618
584444,4,15103,12147148.5,11936922,13218954,325264.62998416985,12213577.5,12089559,12710422,187156.21522009952,1.0054686908618924
594167,5,18543,18160530.5,17532816,19076876,375327.93770781305,18066962.0,17692132,18495221,181042.40911100237,0.9948477000713167
597647,2,19859,9996052.0,9974699,11261884,306537.9598786784,10048013.0,10035744,10359070,85217.84226805637,1.0051981522305007
556997,4,15163,11565398.5,11416213,12786670,304914.7404752297,11606462.5,11489399,12028358,164252.47532228817,1.003550591015087
624400,5,18327,19171577.5,18417292,20242125,455764.1518100843,18985704.0,18682289,19449238,172135.68828850295,0.9903047362690942
651677,4,15047,13542592.0,13353219,14861124,348842.16964289965,13848642.0,13712460,14193620,108466.67535414839,1.022599071137933
621764,4,15301,12872882.0,12676586,13636184,251899.60964674666,12965209.5,12823309,15341317,460029.0909931059,1.0071722478307499
640722,4,16328,13059369.0,12863287,14167442,312292.52963127196,13368679.0,13221866,14002569,217847.347873597,1.0236849115757432
610309,3,14270,15382543.5,15227091,16485656,449003.7696958259,15292839.5,15253328,16328539,404547.67641012627,0.9941684546512091
641783,4,16544,13184456.5,12899047,14290374,342304.59928003047,13404431.5,13224067,13987755,204387.72172123144,1.0166844192629405
638653,4,17225,13155337.5,12970341,14048311,261240.43322716255,13363488.5,13295678,13891920,155167.44064331136,1.0158225511128087
644440,3,17675,16399269.0,16010963,17405867,442110.40511229396,16186926.0,16052797,17264861,403511.6656863411,0.9870516789498361
639913,4,17267,13220811.5,12832743,14186470,321731.2062052974,13519350.0,13377844,13932346,141085.81841473887,1.0225809512525006
635272,4,14505,13227316.0,12936701,14012071,245815.45942196602,13310916.5,13196982,13833217,170271.08966071004,1.0063202920380825
629436,4,19381,13159722.0,12925754,13856996,210506.84564022033,13245819.0,13156382,13651646,114647.61616201281,1.0065424634350177
646381,4,15414,13237049.0,12993274,14280479,330803.37428736524,13546400.0,13384201,14124620,198419.05198343622,1.023370088000732
662036,4,15620,13591260.0,13244517,14764096,367032.0197941576,13693114.0,13474656,17243704,679717.6546596846,1.007494080754838
639596,5,17152,19424190.5,19042642,20480837,341954.720381432,19455173.5,19208296,20028923,192201.02140444575,1.0015950729066418
643624,4,17419,13425873.5,13312540,14393008,261981.75521573168,13436767.0,13333309,14313477,225814.20346224902,1.0008113810993378
633437,4,16332,13028931.5,12902381,13953203,275242.3700402893,13246456.5,13066363,13930705,235520.2234002776,1.0166955363914532
654829,4,13094,13714972.5,13508493,14400945,216748.04516540244,13651627.5,13551228,14578232,233730.2262311165,0.9953813250445818
648512,5,14875,19477480.5,19244986,20889610,394459.7843036811,19587158.0,19451980,20142472,186819.223986529,1.0056309901067544
632750,3,16672,16137323.0,15735925,17383145,491088.212361753,15856836.5,15783317,16996259,428102.4934965419,0.9826187714034106
617233,4,14014,12814946.0,12428230,13738092,312410.4859008772,12829071.5,12735641,13478624,239022.65409291693,1.001102267617827
611253,3,16740,15325510.0,15238701,16525163,423687.22731066606,15404405.5,15271417,16335488,384490.5334686755,1.005147985287276
681793,3,17928,17378882.5,17031643,18273020,299556.1186217015,17524940.5,17332572,19299204,474796.5063198713,1.0084043378508372
632713,4,16090,12939549.0,12721725,13995938,322565.717984303,13198317.5,13024612,13822873,248878.71612801464,1.0199982626906086
624815,4,16620,12887397.0,12571580,13789102,262504.03683276736,13095215.0,12838762,13608317,228497.58554382046,1.0161256768919278
668590,4,16856,13649982.0,13394025,14785261,330281.63270050636,13768957.5,13647854,14635379,308919.01964295685,1.0087161653399983
623009,3,15811,15653098.5,15522078,16829065,423077.30198524665,15676891.5,15558067,16836883,409929.2459338711,1.0015200185445712
658233,3,19936,16526365.0,16323941,17609741,356460.11171975784,16639046.5,16377618,17689042,378105.3478518638,1.0068182870219797
680017,4,14684,14061036.0,13631021,15106200,352131.0229898477,14065416.0,13895577,14924998,283927.4873291575,1.0003114990957993
644080,3,14644,16778006.5,16118895,17356098,298259.46103204985,16163656.5,16048784,17298569,432725.9605171948,0.9633836117538755
654551,5,16409,20107794.5,19258435,21316771,508530.96915542474,20117792.0,19393733,20707633,376023.0249440718,1.000497195254308
657141,4,19140,13784713.0,13697410,14727818,248579.44435960287,13966503.5,13862792,14719571,182881.13780031799,1.0131878335080318
672603,4,13268,14027782.0,13845489,14728676,209369.2462771614,14008156.0,13918795,14630161,211461.91035616005,0.9986009192329907
640571,4,13267,13386708.0,13215170,14041330,206876.22293338165,13305346.5,13210505,13978891,247674.91141127358,0.9939222174712409
658652,4,18106,13572231.0,13397839,14484472,260304.03124317704,13867184.5,13754897,14526914,177208.4468411299,1.0217321308486425
656268,4,17432,13533315.5,13324037,14471619,289343.74920751655,13775336.5,13639883,14297688,168757.6110156418,1.0178833486886492
687965,4,17407,14293032.5,13884061,15707169,374615.4630516768,14453734.0,14257842,14838511,158432.5113745983,1.0112433453152787
656152,5,17848,19832697.5,19541161,20483570,238585.8719519033,19889058.5,19707893,20341032,153353.959539727,1.0028418221979134
645305,4,18652,13658172.0,13470331,14687444,259704.59951307287,13765330.0,13683254,13967159,69664.17293448301,1.007845705852877
669135,4,18626,13915294.0,13697865,14645081,249089.57974618068,13865214.0,13771747,14491500,221138.05431732006,0.9964010821474559
645306,4,15471,13243814.0,12991210,14244293,345929.3990009217,13476187.5,13364695,14046085,192074.8555374527,1.0175458142193783
632570,4,15384,12968530.5,12682903,14037561,333623.96332209616,13215491.0,13014562,16113771,559879.5227791274,1.0190430596589182
636034,5,15524,19236967.5,18715425,20462766,447700.2520515807,19294314.5,19123049,19751403,161161.36298984115,1.0029810831670845
656974,4,18097,13722174.0,13570919,14700496,270422.0495658263,13742023.0,13664790,14265200,196074.49223996478,1.0014464909131746
654348,4,16506,13488666.0,13308309,14422680,276900.54745090334,13572018.5,13460259,14182476,227906.38852645914,1.006179447248527
647182,4,15216,13252501.5,13008033,14266049,310323.4463492728,13436285.5,13201621,17063388,718564.631794763,1.0138678724163888
640477,5,18645,19445333.5,18997915,20646922,375364.37800475064,19413596.5,19181644,19976350,215929.1948414495,0.9983678860534843
670164,3,17025,16956248.0,16610983,18413029,499017.5197938501,16969612.5,16658853,18059842,436422.90525804984,1.0007881755444954
681934,4,19078,14594824.0,13710567,16065385,604631.7097219514,14668293.0,13918677,14990356,335748.63010288746,1.0050339079114623
630346,5,13970,18806970.5,18560190,20007921,366208.5325179024,19029447.5,18754406,19994997,274274.863795905,1.011829496941041
605286,4,15962,12513353.0,12349552,13908188,349317.6693080129,12598992.0,12503769,13091984,184130.90523688728,1.006843809169293
639207,4,15658,13082533.0,12834253,14077350,306365.3166104515,13320243.5,13215412,14088985,224796.80888344973,1.018170066912883
632568,3,18168,16057426.0,15725447,17063849,420327.41783946904,15980455.5,15774706,17140302,416041.47287957434,0.9952065480482364
621960,5,17215,19154664.5,18208696,20314039,505448.69414317963,19018806.0,18436583,19559013,295943.17264330026,0.9929072889791414
624698,4,17931,13057596.5,12766038,14001258,310674.78482540586,12918058.5,12824885,13575495,251887.60099448237,0.9893136535502532
651803,3,16469,16428681.0,16192453,17571103,464959.98491385137,16385670.0,16233016,17458981,412652.5297767832,0.9973819565916461
664563,5,15238,20162720.5,19487429,21694739,514987.1551198589,20183987.5,19847352,20818431,256866.92789327493,1.0010547683781066
598372,4,13443,12766504.5,12607556,13648535,254728.95529532954,12645986.5,12561563,13346965,159105.91595663564,0.9905598278683097
636098,4,15288,13053187.5,12838486,14072533,310439.4887806353,13230516.0,13064512,14082611,264471.1271736776,1.0135850726115747
611082,5,16496,18576713.0,18020827,21557258,633811.976280176,18610544.5,18250402,19093623,186076.31946147498,1.0018211779446666
661201,4,14150,13946720.5,13754483,14785643,256362.7077462364,13970769.5,13879084,14388969,137810.0061438896,1.001724348028628
615899,4,18401,12771897.0,12607345,13440533,220795.77853477836,12727702.0,12621703,13424412,251029.25871257184,0.9965396683045596
652819,3,15491,16787272.5,16218210,17633909,446143.2095158148,16358723.5,16251929,17537043,428967.6117299676,0.9744717910548006
655877,3,17918,16554606.5,16285881,17631066,433513.1257439182,16506248.0,16322494,17562365,400798.4655051242,0.9970788493220905
650090,4,13884,13370972.0,13034911,14427693,352827.0975196145,13366972.5,13250068,14216776,299464.9344629332,0.9997008818805394
630511,5,16614,19169456.0,18623264,20897452,451086.6171017184,19202094.5,18871308,19797183,202104.6996385344,1.0017026304763161
635815,4,18221,13251385.0,13138457,14162711,231645.14792764865,13259516.0,13180725,13706925,158861.00288137636,1.0006135962391856
641138,4,16145,13146641.0,12972934,14159503,288821.92344323517,13358334.0,13182337,14525586,284682.22577246645,1.0161024401594294
630668,4,15924,12935302.0,12737656,13982909,305610.1406340801,13309824.0,13054425,16426316,592198.351795939,1.0289534794007902
674973,5,16941,20693894.0,19902636,21797390,485771.19988638913,20600888.0,20113701,21152447,271193.99081003293,0.9955056307913822
591025,4,17253,12347126.5,12210784,13399499,327613.42846667464,12403316.5,12324517,12801162,145759.86983641583,1.004550856428012
580272,4,17912,12045804.0,11907438,12630635,188735.57973848845,12146870.0,12027168,12431938,105333.46866331497,1.0083901414965741
680523,4,16619,14173534.5,13757866,15566954,463133.8411874297,14263866.5,14126705,14716176,138672.31300946686,1.006373286776139
674884,3,15028,17099738.5,16732130,18447285,553859.0465928994,16980164.5,16772523,18073714,417148.27206613903,0.9930072614853145
627083,4,14574,12930804.0,12556230,13965651,339709.67622234265,12857191.0,12745533,13784441,332182.7106111669,0.9943071598641507
637438,3,13903,16090069.0,15850624,17195702,460252.395840828,16018452.0,15882847,17107520,432344.08416803734,0.9955489936059317
613704,4,16593,12485996.0,12287596,13603594,330236.77273769124,12635196.0,12519373,13394648,269114.1180977237,1.0119493871373977
650439,5,15616,19695425.5,19195335,21012060,393069.40304398607,19731680.0,19386986,23231957,676011.9450279427,1.0018407573880543
658785,4,14945,13722486.5,13588787,14936787,313609.40043133096,13756982.5,13616831,14355330,222554.9859955737,1.002513830128381
619943,4,17373,12799009.0,12610804,13524309,230517.33918682413,12821078.0,12697622,13354993,207456.51974293045,1.0017242741215355
609728,4,14607,12709670.5,12485040,13416155,218020.10328513794,12543467.0,12477475,13317120,279460.9235548088,0.9869230677538021
623625,3,14589,15739149.5,15533076,16785224,425154.5342321607,15809012.5,15567172,16736466,365131.9578807229,1.0044388040154266
588023,3,16390,14927794.5,14698502,15755851,363385.9507130493,14794033.0,14737909,15687987,310449.9769591874,0.991039433186195
652641,4,17285,13454443.0,13147584,14378914,319589.4527440618,13537867.5,13381546,14188662,223884.85669805066,1.0062005168106922
646776,5,19598,19669625.0,19092986,20809699,404106.18825639406,19547063.0,19422001,20175377,192869.10407021013,0.9937689711928926
642803,5,16352,19342744.5,19050755,20154348,284026.7581894041,19407082.5,19164801,20564997,276085.24987835827,1.003326208439552
640468,3,15756,16361317.0,15923381,17717558,517335.20508323447,16063475.5,15940141,19015445,655566.0724935605,0.9817959947845274
647341,4,16767,13350080.0,12999818,14523338,360997.1761652006,13537491.5,13402859,14080169,175215.0616898527,1.014038230482514
672635,4,15676,13695499.5,13433649,15196960,441733.6856456941,13864296.5,13728085,14742211,280248.66766823747,1.0123249977118396
566816,4,16178,11663886.5,11495722,12735779,303478.3220376796,11661707.5,11514102,12334601,266087.6984009011,0.9998131840531884
623662,4,16585,12821548.5,12470064,13791246,320830.16510429455,12838983.0,12694249,13649675,313138.5259064198,1.0013597811527992
601752,4,16839,12396863.5,12207353,13175466,227169.72263481523,12515743.0,12428949,12960165,145363.5041060704,1.0095894820492297
612014,5,17822,18707884.5,18052980,19731321,417369.21790158673,18667706.0,18210345,19071871,213229.83017998052,0.997852322639687
632771,4,16718,13085219.5,12913461,14100851,310409.04359158996,13068109.0,12945897,13760799,271433.5453248773,0.9986923795966892
628364,4,15702,12947891.0,12691164,13890927,296659.5651555949,13123104.0,12971045,13664271,188599.42540809137,1.0135321651997224
659367,5,13772,19596918.0,19353874,21350454,485990.87717452296,19898897.5,19647605,20562031,246929.72640743357,1.0154095404185495
654674,4,15629,13504043.5,13378558,14899685,425505.28023234394,13650376.0,13492609,14346465,230373.34642238644,1.0108361988022327
647526,4,15856,13237494.5,12958546,14216338,306330.99743512005,13449596.0,13280360,14340802,259483.80703465015,1.016022782861213
644421,4,14594,13355997.0,13151353,14110158,220624.1053515156,13502059.5,13341220,14291812,221708.97394673846,1.010936098593014
637510,4,16179,13039075.0,12871205,14003459,275127.208521844,13263581.5,13074855,14340252,316289.86386552476,1.0172179775022385
650736,4,19878,13500119.5,13375637,14206013,188963.26419304067,13531537.5,13442011,14102058,191380.7075200894,1.0023272386588875
633370,4,16129,13003700.0,12773670,14016136,296048.2772913998,13106349.5,12954129,13905562,261179.1738422857,1.0078938686681482
639681,3,19017,16093471.0,15901385,17231880,376833.304809912,16046128.5,15950073,17169026,405541.1425426265,0.9970582790996423
661726,4,16991,13594203.0,13191483,14645289,366701.09845776757,13794310.0,13634845,14312656,166528.07875284043,1.0147200244104049
657250,3,14552,16579399.0,16322376,17685126,469929.97176272504,16400665.5,16347810,17660208,467655.33257896604,0.9892195428796906
632144,4,17474,13005964.0,12639410,13987675,312149.15245475556,13084636.0,12948893,13587605,159259.84853752548,1.0060489172505782
649385,4,18145,13410369.5,13164152,15025774,463702.54473059793,13599896.5,13491433,13908394,97448.7296851529,1.0141328693441296
639831,4,15792,13093867.0,12849240,14116412,337446.408652686,13249743.5,13075292,13875178,218412.67054749565,1.0119045427909112
611439,4,15368,12553236.0,12259515,13476900,317022.923826436,12653852.0,12531229,13326153,237771.29190303863,1.0080151444615555
620453,5,14710,18656267.5,18289265,20023830,393032.0528164211,18796888.0,18534567,19337487,192018.9202500513,1.0075374401658852
662244,3,16301,16745501.0,16422479,18168045,519312.3839302688,16591746.0,16457936,18058945,521108.10016467044,0.9908181307922648
612987,4,13130,12514790.5,12193047,13552256,382357.56374975183,12577897.5,12447962,13589609,303261.30206198967,1.0050425934017833
573744,4,17129,11742114.5,11596240,12602571,247772.18081312114,11882222.5,11757298,12632101,212507.53408065325,1.0119320928100302
667524,4,17762,13690605.0,13448317,14700038,313323.68665249716,13941075.0,13762674,14604038,227587.49631543664,1.0182950278676508
690482,4,18152,14398026.5,14165803,15608675,335913.78153470176,14707412.0,14322206,15138404,226802.50072176356,1.0214880490739477
678569,4,18144,14086663.0,13931531,14916572,281666.50243281206,14229493.5,14058448,16492108,443108.1058733849,1.010139413429568
693841,4,19800,14392985.5,14275121,15314942,266761.74693989265,14519925.5,14363602,14956910,158030.53360018754,1.0088195739514918
667885,4,17859,13922676.5,13808996,15001801,282272.1930512797,14165411.0,14103905,14434941,75484.52871040675,1.0174344710228669
653787,4,18625,13617588.0,13408332,14335224,223190.67870635985,13612886.5,13473301,14133628,171526.94498328504,0.9996547479627083
674347,5,19327,20408924.5,20005170,21584569,360767.9562447247,20396548.5,20237894,20982698,191197.2881128693,0.9993935986190747
594330,4,15958,12333990.5,12182719,13780484,357956.5615930079,12323925.5,12252887,12671509,123623.66529611373,0.9991839624004899
626125,4,18652,13016936.5,12856778,13647737,187454.51212976978,13041575.5,12888395,13564769,182717.066578081,1.001892841683602
663681,4,19675,13809471.5,13616128,14851001,269282.7247103786,13941242.5,13794468,14252271,117878.53634542164,1.009542074075753
716817,4,18805,14958790.5,14663420,16226625,363231.8704821191,15058797.5,14918102,15619039,183830.13489127217,1.006685500408606
704241,4,17765,14676072.0,14478924,15485699,292398.17427116784,14678125.0,14419420,15370663,239360.3095336401,1.0001398875666458
700749,4,15370,14351307.5,14193265,16346972,484901.45801678096,14670502.0,14335543,15925514,317239.53086573596,1.0222414926305494
669337,4,17596,13944174.0,13788187,15133535,298044.27165771683,14139685.5,14011872,14559758,116608.48567570982,1.0140210169494444
601020,3,15363,15158736.5,15009429,16312611,434415.2861142089,15331104.5,15042722,16075008,342249.7366404051,1.011370868541715
652185,4,14500,13519165.0,13158326,14417564,304124.509245709,13727100.5,13599118,14080358,114703.91823715334,1.0153807945978912
707905,4,14198,14923845.0,14446673,16062909,395046.17678076436,14976173.5,14890452,15418183,138145.98542777132,1.003506368499539
699121,4,16374,14514218.5,14182932,15645572,370072.55522461026,14491475.5,14189217,15356172,323581.5932750948,0.9984330537672421
714296,4,15008,14649204.0,14421782,16452270,439042.9585968769,14948890.0,14689976,15733029,260845.62863677097,1.020457493799663
690299,4,14948,14209212.5,14035616,15395663,385134.21148970333,14343050.5,14151555,15058359,226793.92058690396,1.0094191004603528
663747,4,18296,13878991.0,13775408,14789648,241534.44793777462,14051602.0,13971154,14498560,113503.31297475661,1.0124368550999132
716722,5,14133,21454865.0,21201017,24259502,651121.6896313588,21649618.5,21261754,22537596,334160.8726530381,1.0090773584452757
681082,4,13405,14422018.5,14236986,15375110,295354.1721010444,14233871.5,14121219,14908348,182350.84993611142,0.9869541839791705
642980,4,17948,13505850.5,13404111,14626182,282276.6930192116,13770860.0,13643690,13993682,81486.8829826208,1.0196218298136797
708509,4,15269,14544212.0,14347155,16040080,438090.84037925914,14739877.5,14478145,15480153,239222.98242481498,1.0134531523605403
723002,4,14284,15095320.5,14755339,16175022,329572.7546344762,15137020.0,14940671,15937487,238903.29743349203,1.002762412364812
628594,4,13734,13360842.0,13197217,14153019,193002.2212369473,13281944.0,13232079,13553711,67915.64905839694,0.994094833244791
642647,4,18022,13365331.5,13238882,14069528,207489.30131856597,13411246.5,13302139,13712510,109184.37950716923,1.0034353805590233
552269,4,16627,11415762.0,11250510,12213562,226196.19021660526,11439399.0,11353491,11860517,140678.9823528455,1.002070558233432
737848,4,15374,15156915.0,14925085,17021640,559311.0405325755,15497103.5,15266585,16198735,248758.58761172893,1.0224444420253067
654756,3,17155,16507566.5,16263388,18088205,501934.0634209726,16451954.5,16306183,19377794,667400.7420149407,0.9966311206439786
693013,4,18264,14688985.5,13995739,16283533,521123.0635260053,14761083.5,14228448,15096138,259923.16169493884,1.004908303572088
746523,4,16885,15315276.5,15136452,16582736,419303.78167900204,15627630.5,15352642,16317801,237951.04665527085,1.0203949305126812
565308,9,14482,24596324.5,24380329,27042701,467621.8991243104,23262424.0,23107236,25825628,1036770.1988480379,0.9457682996498115
684153,11,11841,42494736.5,42414898,44706085,417062.08467460674,39765126.5,39540204,42880152,1026021.4272510665,0.9357659271519427
620748,10,8572,26793261.5,26674379,29655181,1084870.1910579621,26787943.5,26687769,29575188,1093318.497282644,0.9998015172583599
742106,8,9348,22130916.0,21989242,25097140,1170599.3258310244,22214808.5,22112155,24831667,1018520.6128123176,1.0037907378076896
535377,8,5305,15654657.5,15560663,18169746,959866.9060838915,15749773.0,15644685,18151416,876294.6561645555,1.0060758595325385
638812,12,448,30279319.5,30086660,32588352,925859.6603270839,31544554.0,31192121,33475230,484224.7366396402,1.0417854337842698
501476,8,4408,16531888.5,16425156,17103048,189774.9876557908,16162355.0,15985615,16424966,116523.52277844542,0.9776472300790076
552301,12,15357,31342203.0,30778372,32805668,418841.9282744851,27136845.5,26954815,29107709,465413.22904140066,0.8658244444399776
698715,8,9855,20747160.0,20636921,23437823,1077346.5884721405,20909604.0,20747395,23406009,1015458.9399000658,1.007829698136998
708805,11,15023,46814205.5,46658662,49734481,615351.0211530181,41301576.0,41076569,44848320,1043350.504466755,0.8822445144348332
731597,9,17614,33925397.5,33779695,36226754,458399.9390884001,30416662.5,30218050,33339339,1151049.687851975,0.8965749774928945
528231,13,8422,34293541.5,34082254,37401103,751042.3882938825,34075831.0,33888598,37208039,814563.0688345236,0.9936515597259035
611279,9,1243,25344789.0,25104380,28165124,1113162.0543274456,25187716.0,25072577,28051246,1098923.6304985818,0.9938025524694643
634348,11,11252,38481517.5,38375457,41233908,519365.206192196,36782799.0,36606723,39725045,1053588.8382399047,0.9558562496918164
631969,13,3917,40861580.5,40647516,43884291,1315820.5969396017,41258270.0,40949550,44341788,752348.8557084406,1.0097081291312264
575050,10,14020,27237088.5,27123180,30081824,525557.3613633658,24691023.5,24572680,27524949,1113785.7216790055,0.9065221306601842
626780,10,14400,30089193.0,29999402,32293862,431213.91214423836,27100645.5,26951282,29848486,1085362.6989673292,0.9006770470713522
656390,10,8842,28427288.0,28236927,31514712,1113421.1587042583,28423792.5,28205163,31297880,1131855.155399088,0.9998770371623209
644214,10,8498,27981781.0,27738325,30617524,1027783.6799962902,27896092.0,27703984,30492387,1041320.7141487674,0.9969376859893229
717218,8,2437,21388041.0,21130610,24172116,1121677.4495931733,21426669.5,21269741,24543031,1063677.685016587,1.0018060793880095
718192,10,9814,31352731.5,31183083,34314665,834324.00696499,31219309.0,31017943,34041070,1084372.5428289142,0.9957444696644693
517302,10,9804,22247474.0,22043696,25047371,862701.4161478305,22207999.0,21993398,24671458,974104.0286497361,0.9982256412570704
595656,10,280,25976416.0,25712010,28573246,1060829.0764800876,25671074.5,25512935,29127214,1231068.8948263184,0.9882454338581581
618546,8,18593,20457339.0,20236544,23080168,494286.6993687638,18373967.0,18275324,20748626,929495.0528847973,0.898160166383321
716128,8,13217,21575675.5,21395871,24201407,615083.8755936453,21463408.0,21329132,24003174,954921.7567505519,0.994796570795663
740264,8,12831,22353195.0,22024784,24960278,653586.1597015933,22214029.5,22031368,24914069,1048810.3623426794,0.9937742456950784
741444,11,19516,49774135.0,49621680,51473608,358225.9258202055,43230762.5,43041258,46241021,1040353.2362001758,0.8685386998689179
648428,7,984,28241521.0,28023204,30980990,1025699.207779192,28057442.0,27923174,32065713,1072580.5925335116,0.9934819728724951
664990,13,19165,50268411.0,50085640,51064843,211994.34307086014,43487262.5,43264284,44146320,221069.2618919364,0.8651011964551655
519762,10,15818,25021468.0,24943850,27272770,419099.49240718083,22274871.5,22111973,24742434,986325.482427721,0.890230401349753
652241,8,15600,20220304.0,19941695,22592841,463634.0208405332,19502313.5,19359610,21808916,907963.0100393647,0.9644916070500226
563797,10,12286,25283605.5,25132008,27875406,519735.36983310716,24185038.5,24036355,26847033,1050972.5821464637,0.9565502238199374
650216,11,15581,42947676.5,42702929,45961612,666870.526975051,37744931.0,37535621,40768566,1051186.1475406624,0.8788585105413095
567025,10,8249,24316680.0,24173866,27167614,1099578.680021934,24313370.0,24189519,27077156,1061322.3305791595,0.9998638794440688
619405,8,11717,18352511.5,18188937,20838541,817261.1844624188,18363503.5,18274527,20775765,945831.4872954959,1.000598937099154
746885,12,5947,36945737.0,36768774,37408378,175473.44609821547,37330348.5,37120304,37847563,178370.95643856932,1.010410172626953
705884,10,19372,35679872.0,35511309,37747979,391660.0808537494,30864027.5,30491165,33493591,1093053.6284883034,0.8650262954979211
699148,12,1517,34574520.5,34394105,35124868,180689.09535953985,34755740.0,34612167,35490545,207840.3493839442,1.0052414175924724
623589,11,10180,36717968.5,36418450,39729820,693909.4757697985,36065480.0,35884886,39147471,1059965.6143422115,0.982229722213526
508344,11,8173,29141473.0,28962584,32060097,1059616.892356151,29124814.5,28921674,31908131,1061531.238981987,0.9994283576537123
629228,12,2557,30747656.5,30591978,32848991,819845.8991443921,31042757.0,30824240,33084439,467770.4962928686,1.0095974956660518
610027,13,1072,39751612.5,39259761,42599093,1256148.2700015348,39713030.0,39564244,43049620,823007.0203287995,0.999029410442155
622023,13,3440,40263685.5,39973132,43193521,1335498.602196585,40540368.0,40363361,43641983,796417.2520607273,1.0068717628941344
650170,12,3362,31954462.5,31753836,33768451,796219.4926126674,32168060.0,31830609,34097981,447535.742670142,1.0066844341381114
685629,13,4347,44390941.5,44209695,44890651,185775.33951787633,44813694.0,44699455,47914645,579304.4551228884,1.0095233956684608
601991,12,3655,29290552.0,29143974,31627376,899205.2965687603,29680631.5,29499723,32166837,537138.0155716033,1.0133175878692897
598389,12,3056,29333504.5,29086275,31191190,853124.275032297,29524073.0,29363359,31459132,461493.4001427491,1.006496615499863
616632,12,6420,30279950.0,30120513,32171341,660880.2050041512,30459138.0,30244901,32434252,461418.8783387234,1.0059177112247544
639384,12,1627,31358681.0,31129009,33352182,820282.8277127001,31595300.0,31302520,33508339,458481.6740330292,1.0075455660906145
593254,13,5947,38401233.5,38083884,41398948,1067914.1053250781,38589321.0,38367296,41708495,797473.655285755,1.0048979546451289
563232,12,678,27894025.0,27712840,29795247,722093.1337317684,27680511.0,27458730,29716721,552210.0095973995,0.9923455291948724
644509,12,5136,31637046.0,31477692,33622519,722907.1375380073,31821625.0,31636247,33761164,439232.1298423787,1.005834267839039
671493,13,1476,43580583.5,43385068,44074827,182076.23425569118,43921032.5,43729464,47220541,618342.5446155446,1.0078119422150462
663984,12,926,32586989.5,32363683,34552940,792615.6213427155,32883484.0,32337402,34852352,513281.82442050293,1.0090985545013293
659681,13,3855,42674116.5,42471197,43413105,234666.80728879312,43065996.5,42850413,43728101,200820.39276728235,1.0091830840832992
692701,13,4290,44929819.5,44741955,45420230,173801.21628096662,45356666.5,45093622,46003892,229394.17473007753,1.0095003052482772
613975,11,1351,35359900.5,35176732,40150611,1507241.1166805825,35588714.5,35373708,38508520,1085903.6042064507,1.0064710023717403
732700,12,6657,36105834.0,36023565,36682980,179069.39534390633,36436306.0,36301362,37092465,210632.29410894134,1.0091528698658505
618533,11,4240,35756605.0,35568220,38847013,1330046.4232491306,35807680.5,35621189,38909337,1132659.4627890415,1.0014284214063387
683090,12,5438,33707287.0,33501357,35638741,680150.7415625426,33893202.5,33278364,35712534,456370.75676790706,1.0055155877718667
702205,12,3447,34549127.0,34442403,37566377,554996.3836261207,34932156.0,34806797,35664479,207823.63713593796,1.0110865029961538
698482,13,6450,45372934.0,45211665,46068857,229029.8632564103,45764508.5,45595376,46488650,205140.59386566243,1.008630133991335
613705,12,385,28835619.5,28606016,31556262,1078103.2460163694,30309073.0,30084317,32267116,456108.70419714146,1.0510983819855162
607477,12,910,29699044.5,29568289,31730826,761412.038219416,29937800.0,29799641,32330835,524240.81169331167,1.0080391643576276
593679,13,123,38580377.0,38344810,41527471,1227202.5011088345,38602119.5,38415256,41794001,760048.0134613835,1.0005635636997534
594362,13,3186,38168623.0,38013495,41522006,1385746.0072509076,38782258.5,38411790,41679219,747604.624596615,1.0160769619590415
593629,13,3543,38196284.5,38030960,41530211,1396238.6279033558,38756927.0,38430300,41714893,756796.4755542205,1.0146779328759057
583835,12,5165,28522070.0,28292063,30544876,756392.83509959,28782220.0,28581255,31835232,682610.659214216,1.0091210069956353
675823,11,3032,39184746.5,38947288,42284169,1327130.9911387898,39363824.0,39121070,42315508,1035863.1779563903,1.0045700818812238
570491,12,3923,27755799.0,27547677,29765161,877782.4179642579,28037186.0,27799213,29983138,462866.7891220924,1.0101379535137864
591645,13,3870,38064644.5,37897096,41468046,1399851.846254832,38615562.0,38289444,41541927,747943.0263046192,1.014473207545653
580422,13,2677,37404929.5,37158293,40662418,1375114.2891766992,37753026.5,37504718,40864047,772370.0068747592,1.0093061798178231
561729,13,1157,36471518.5,36244692,39449060,1289938.4773831577,36420078.0,36210551,39471678,801518.0980697129,0.9985895706536047
628357,13,1505,40796096.5,40429944,43750415,1344525.7441685696,40913757.0,40724024,44142708,796142.7805632158,1.002884111718875
601639,13,3451,38880759.5,38607199,41847130,1322464.7563461312,39169123.5,38912744,42217564,771923.7527423784,1.00741662466753
565115,12,2674,27615246.5,27398171,30286071,975598.4415472434,27812503.0,27643060,30316038,547141.6939816525,1.007143028761304
583304,12,1951,28619885.5,28369658,30485321,764657.2312711836,28767163.5,28571027,30634844,449025.76107988006,1.0051460024184933
597324,12,6217,29283063.0,29073138,31226603,735974.0348053018,29499070.0,29317672,31479356,492250.2035245446,1.0073765165891286
705025,13,2819,45631175.5,45467067,46212866,164945.1035590124,46145218.0,45957658,47062633,246604.27143931767,1.0112651601535008
614302,12,4174,30115277.5,29929784,33020442,937103.3563016267,30336963.5,30142488,32275085,465399.18416242296,1.0073612471278075
705717,13,3034,45743696.0,45504433,46547199,227788.8214375104,46230683.5,46038110,46824844,233925.72892590406,1.0106460024568193
700594,13,2334,45492856.5,45350523,46006900,169382.3604059729,45858014.5,45671887,46405034,176343.26523269576,1.0080267107430372
717836,13,3369,46504374.5,46345478,47184958,222885.70536848155,46990197.0,46814442,50069755,591231.1337810478,1.0104468129121917
738342,13,1786,47821415.5,47707435,48338680,172058.13419316223,48446005.0,48196643,49456754,241680.17574679144,1.0130608743691412
743568,13,2568,48163801.5,48044922,48802774,203635.7948008705,48811380.0,48634961,49355884,199672.28325389134,1.0134453361203226
749688,13,1993,48718723.5,48604546,49341438,182365.96675560565,49212017.5,48957122,49773672,197902.52537913708,1.0101253473933898
717927,13,1177,46835279.0,46701671,47724706,213172.10099594019,47022900.5,46898895,47524416,198774.0153266993,1.004005986598265
688145,13,3227,44433738.0,44325408,44998210,171641.77177430716,45001289.0,44863046,45512326,188318.6963413676,1.012772974445679
678111,13,2946,43786658.5,43658275,44242086,188591.496310718,44279058.5,44133234,44874236,180265.56962370823,1.0112454344969029
625694,13,4983,40504554.5,40300743,43663601,1168003.8959235824,40796017.5,40565452,43892166,785270.7226085827,1.0071958080664731
733917,13,2693,47788493.0,47640137,48250136,168463.8716313745,48106857.0,47940354,48789302,250085.76476253543,1.006661938471255
677016,12,2942,33284758.0,33111338,35455964,799175.8583226181,33630716.5,33219664,36269601,623660.4215860174,1.0103939016170704
577682,13,3784,37158107.0,36982531,40283055,1339293.157811297,37519621.5,37306084,40526780,799997.4386864664,1.0097290881906336
564695,13,2881,36207148.5,35973778,39286616,1370513.4867456309,36602799.5,36397189,39692668,787921.3540810931,1.0109274277702371
595081,13,2160,38227422.5,37969803,41775553,1339467.0629456227,38662311.5,38488710,41776887,774302.1853350574,1.011376362086667
732338,13,1188,47824688.5,47659146,50218681,478968.82018268737,47991473.0,47836839,48600972,205379.26251444884,1.003487414246305
744184,13,3630,48221452.0,48017542,48756038,176099.22290441513,48786150.5,48646470,49401176,239328.2707547221,1.011710524602204
595097,13,1186,38620196.0,38356067,42323897,1331109.4611988573,38692874.0,38463729,41803105,931910.4580399945,1.0018818651256975
616175,11,130,36906069.0,36632931,40154530,1272832.2949884504,35767871.0,35505799,38713039,1095594.3238140866,0.9691595981137954
610111,13,2053,39254692.0,39029388,42333973,1342383.6765290601,39697839.5,39448813,42835820,779813.4828513517,1.011289032658822
724746,13,4464,47032750.0,46847909,47453021,171585.0574355633,47475453.0,47317263,48199559,221897.34981769536,1.0094126539485784
738764,13,280,48333074.5,48189501,48879043,180980.05260313142,48408751.0,48226129,51382764,561708.2781933153,1.0015657290744042
746878,12,3250,36781209.0,36619278,37247762,154450.78535671698,37292311.0,37153517,37772672,157635.88137653391,1.013895736814959
722154,12,2707,35627403.5,35543595,36341231,196613.8178849001,35929039.5,35774881,36563824,170227.6339108215,1.0084664042385239
614987,12,1878,30285310.5,30075502,32166234,731171.9029305823,30382620.5,30204797,32342546,475718.7434075867,1.0032131088766616
735278,12,723,36850415.0,36718394,37530716,188633.33539196852,36687903.5,36542546,37308610,193136.39742139637,0.9955899682540889
743691,12,2456,36636451.0,36508341,37180347,182236.27465582208,37084706.0,36948070,37651937,175531.23014623034,1.0122352189626664
742077,12,3547,36599127.0,36485754,37086242,172691.0534439047,37024982.5,36875874,38110672,251761.612820594,1.0116356737142937
592996,13,4299,38283718.5,38021607,41933439,1232593.1106703985,38618718.0,38371834,41667407,782290.2949770557,1.0087504430897956
706944,12,2340,34947277.5,34824063,37802673,539828.3396502961,35226637.5,35120493,35864147,207601.08266315045,1.0079937557367666
730938,11,2804,42486051.5,42306851,45565935,1311119.803342566,42844867.0,42490285,45650270,986525.0451345228,1.0084454894566985
749241,13,4378,48667377.5,48520102,49321144,180114.31038685775,49104518.0,48916647,49687886,185747.70052943678,1.0089822078454915
724492,13,2080,46928291.5,46758701,48323364,326106.0686780436,47563955.5,47301000,48196706,211090.76233423594,1.0135454323965747
618695,12,3103,30315830.5,30102700,32499314,886584.9450206368,30603208.0,30416947,32818838,588881.5798264075,1.0094794533173024
744217,12,2661,36790168.5,36668805,37242558,158280.25999693992,37173156.5,36991627,38204298,241944.4654597322,1.0104100637647255
726117,13,2142,47003128.0,46788893,47407425,185379.9727659562,47559646.0,47449158,50468645,542088.1820681546,1.0118400205194855
750045,12,639,37730994.0,37525828,38380834,199944.13574101977,37455979.5,37303157,38121413,189141.97392839298,0.9927111779774473
552539,12,1020,27004303.5,26754126,28950471,795835.0760359167,27115243.0,26900554,29177571,557330.3376637882,1.004108215566456
749525,13,1133,48967074.0,48770779,50162081,271617.4865168949,49145263.0,48966430,50117435,261275.4039815055,1.0036389554336043
705447,13,1389,45586597.0,45442269,48509156,543066.0393134573,46154440.0,45981986,46861964,214805.30227075916,1.0124563586090884
653566,12,184,31457996.5,31254475,34129207,1038536.1604151275,32389646.0,32145328,34352139,446229.7722417716,1.0296156654477344
628973,12,395,29589887.5,29359068,32351835,1104322.5098591892,31167539.0,30929033,33651216,531065.5072661302,1.0533172523890129
597319,12,115,29965449.5,29726878,32661005,1103004.7022686333,29475475.5,29264116,31437384,501204.53020657704,0.9836487018157362
625438,13,503,39680802.5,39521163,45370256,1441171.238389031,40845048.0,40551505,43826351,734381.0012505838,1.029340271029045
646049,12,493,31438153.5,31238799,33294043,658506.9672940117,31928812.5,31654447,33964126,474814.1836471997,1.0156071189104665
633485,12,413,29723192.0,29549005,32739986,1090095.5220261351,31413568.0,31131712,33422651,564956.1324233905,1.056870607975079
638269,12,811,31672417.0,31455880,33626813,740591.022451334,31551463.0,31341154,33665579,610993.6967862508,0.9961810934732263
632807,13,539,40546284.5,40385222,43912425,617778.4253255901,41226917.5,41054269,41886752,227429.56160432033,1.0167865689395041
627299,12,168,30318529.5,30155493,33143336,1143620.1719467118,31021238.5,30802562,33012614,484867.580117808,1.0231775423013179
638517,13,2139,41094579.5,40930284,41638209,198488.15552410172,41645101.5,41483875,42728173,277520.77199921454,1.013396462664863
619241,12,176,29881455.0,29628174,32744226,1147869.6522452794,30611644.0,30397060,32678702,493820.1434688139,1.0244361929497743
629837,11,1565,36634823.5,36439684,39990217,1393119.0861391476,36474259.5,36288715,39558233,1127237.4337085253,0.995617175554292
633609,13,237,40465183.5,40293072,41076505,225677.30458104456,41282815.0,41105657,42126603,235915.05897272995,1.020205802353522
632275,13,180,40167131.0,39964852,43273039,1205083.2978358725,41179805.5,40970312,44631003,793640.7800271242,1.0252115218286315
648234,13,127,42117682.5,41993778,42823832,218324.20421480224,42275693.0,42112871,43006929,192085.74963790405,1.0037516427927866
627745,13,693,40786708.5,40588325,44000704,1272302.2380839568,40936512.5,40656566,44046004,751117.0935519944,1.0036728631828675
627673,12,204,30014826.5,29690329,32627956,994837.182374365,31074867.5,30910042,32997579,457349.3499728869,1.0353172456285895
651721,12,205,31121450.0,30912469,33900561,1067643.2685225091,32287258.0,32092389,34756948,517751.1265007757,1.0374599512554845
640553,13,729,41747491.5,41608863,44691150,545048.6474152856,41752993.0,41585644,42408684,179490.6419860533,1.0001317803729597
649972,12,1472,32316387.5,31952047,33926132,683465.3472016267,32194856.0,32012202,34077097,452216.7423578163,0.9962393228512934
672677,11,1111,39238295.5,38919643,42234637,1289936.129061825,39180666.0,38874157,42179047,1061783.0096069013,0.9985312945104866
626989,12,159,30591610.0,30395403,33448161,1127354.9958941455,30993038.0,30841207,33396481,585896.4875909624,1.0131221599647746
658591,12,279,33244726.5,33054262,36175278,642175.6269875262,32692099.5,32368333,34491023,468358.0132730006,0.9833770026653701
632384,11,524,36091570.5,35929459,39155862,1226910.4920899577,36646328.0,36410023,39755816,1109859.8186683378,1.0153708329206677
663543,12,1959,32800237.5,32524405,34587267,781396.4077603953,32928186.0,32664885,34830039,475472.6043961839,1.0039008406570227
645142,11,757,37740508.5,37521707,40773515,1261212.8744636234,37616893.5,37203468,40470406,1022502.6635616517,0.9967246069299782
628052,12,1632,30840893.0,30633856,32815544,806171.1235921289,31086227.5,30836665,33040030,475025.20418708544,1.0079548442387838
612962,12,137,30065763.0,29877100,33245567,1180556.1660481591,30301624.0,30092640,32310190,504782.30035474367,1.007844836666876
644491,12,202,30872616.0,30658390,33559860,1023181.4775254906,31852111.5,31639762,33812999,457899.46125279035,1.0317270003941357
657159,11,1231,38177833.5,37952873,41571042,1308194.2175489,38282977.0,37939567,41184995,994133.6294050039,1.0027540457475148
645613,12,2337,31820895.5,31591664,34742899,883537.7221624944,31969553.5,31778220,34147002,509070.23912270577,1.004671710134619
642022,12,164,31301153.0,31006872,34036599,1075938.6831248999,31789029.5,31561492,33640151,480638.31370318943,1.015586534464082
659016,13,284,42909927.0,42744940,43402145,182905.10162127792,42990354.5,42846093,43626520,236351.50368884663,1.0018743331816902
664108,11,2059,38440363.0,38259406,41559341,1321144.7643160755,38730837.0,38335036,43236140,1222642.013307757,1.0075564843131164
651539,12,593,32603204.5,32320947,33994047,457234.92613545316,32290149.5,31964585,34178088,464855.51299063046,0.990398029739684
646943,13,1523,41982702.0,41756298,42486168,190533.69040554657,42198132.5,42056999,42660868,160524.1033420388,1.0051314110273322
643693,13,2889,41430610.5,41343432,42116410,212048.4528610698,41937239.0,41815716,42577597,209543.09592499636,1.0122283619257795
621828,12,925,30584536.5,30176965,32412060,782283.8458083869,30713496.5,30492579,32602694,446918.59279577975,1.004216509869293
616506,13,680,39941000.0,39705070,43006530,1280271.1640904811,40247190.0,39892261,43356159,823850.3832597579,1.0076660574347163
603927,13,258,38958303.0,38764366,41965486,1210949.3642025248,39363012.0,39091714,42530349,815896.2231453819,1.0103882604948167
601267,12,2085,29350594.0,29103404,31334475,863422.5279134846,29693535.0,29429629,31657838,499638.13512699585,1.0116842950435687
671508,12,357,34082147.0,33841642,38034521,888743.3518924003,33362018.5,32913375,35286349,458907.9328453935,0.9788708000115134
619003,13,1919,40083512.5,39860691,43057189,1303746.5495519615,40372914.5,40144959,43430655,801274.7962137369,1.0072199760437661
600812,13,5454,38895021.0,38619977,41943446,1106077.713311486,39057581.5,38862881,42570686,861474.9249945984,1.004179468112384
638643,11,2566,36949707.0,36705100,39896404,1326616.1859371155,37078053.0,36818419,40009421,1057951.9960368837,1.0034735322799717
596718,12,1291,29119108.0,28897504,31513784,868375.3431598165,29473362.5,29246971,31475589,487561.3849027286,1.0121657057626903
578802,12,133,28495024.5,28271115,31262912,1183354.8504088968,28560890.5,28276062,30653724,526328.7357487228,1.0023114912570088
644787,12,134,31948254.0,31749788,34700672,1073478.3930545396,31965692.5,31804607,33890559,540976.3092038617,1.0005458357755639
658578,12,1293,32265988.5,32090262,34336383,802102.6693614789,32644609.5,32439014,34569028,473136.0930566454,1.0117343685286444
609687,13,5299,39454384.0,39226101,45483943,1373035.85599727,39637436.0,39455344,42739130,806316.7468679766,1.0046395858062314
652598,12,2755,32044913.0,31831872,33962684,830579.9854482382,32301951.0,31900648,34213859,465633.5297429478,1.0080211795238765
632161,11,594,36403736.5,36283047,39505930,1262216.3677739375,36706637.0,36405964,39639275,1072821.1755227926,1.0083205881901711
615343,12,1172,30407796.5,30188427,32414770,791678.2995101125,30359224.5,30169454,32386195,456664.6179855799,0.9984026465054776
634961,12,101,32773110.5,32470994,35548596,1176279.748115447,31392081.5,31212838,33260709,433611.59791384224,0.9578609116153317
629159,12,814,31277255.5,31018116,33202717,738458.7005444336,31089774.0,30772813,33038804,457673.22263801086,0.9940058199799532
680202,12,1382,33314888.5,33173389,35349723,797446.8548001567,33748906.0,33232173,35750458,463161.90335968434,1.013027733831377
620749,11,875,36059024.0,35754076,39034154,1230295.162218059,35873634.5,35697539,39011093,1142010.9939459334,0.9948587210790841
626369,13,142,40542784.0,40241564,43848291,1251106.531739974,40755638.5,40580936,44011694,800788.7490768475,1.0052501204653337
586008,13,4924,37908842.5,37563067,40981870,1196371.7032264036,38033580.0,37871595,41166806,776566.9871170047,1.0032904592114624
648815,13,4938,42007907.5,41871171,42644446,179519.29483124276,42339985.5,42183243,43280693,219557.2227201728,1.0079051307185438
633829,13,1130,41196535.5,40967832,41589757,168984.44574208598,41289770.0,41167289,44311091,558618.9182529078,1.0022631636099595
654802,11,476,37281916.0,36986605,40354486,1231564.538416519,38000890.0,37811955,41053709,1062385.890420478,1.0192847921228083
659964,11,278,38483811.0,38294120,41473463,1186381.85939944,38426295.5,38068425,41374837,1050964.176501257,0.9985054624657625
653167,10,530,27863492.0,27694761,30837347,1216323.8854557048,28253501.0,28100668,31140716,1109997.862157241,1.0139971328791093
637913,11,1527,37083586.5,36829726,40179811,1329877.9882250936,37084953.0,36753266,39987163,1129735.5134901407,1.000036849186634
670017,10,686,29219045.5,29002955,32285405,1233218.5181918284,29033352.0,28851315,31914192,1104717.770160035,0.9936447787112005
618885,13,1325,39847037.0,39641389,43463403,1319145.188360779,40290343.0,40108032,43480022,830762.7515532511,1.0111251935746188
570144,12,4891,27837101.5,27657603,29990937,782273.8336049063,28021358.5,27843651,30201440,669785.5781773422,1.0066191158587399
630551,10,100,30017102.0,29817187,33305147,1265099.3090038868,27217911.0,27030726,30156815,1139387.9212944114,0.9067467938777034
645998,10,1474,27906350.0,27733598,30905363,1260958.0605262527,27999564.5,27773584,30829797,1112242.2283364201,1.0033402612667008
649710,13,753,42445159.5,42243546,42923047,179373.87150929263,42445574.5,42229447,42914230,175407.55068857656,1.0000097773221939
592845,13,3370,38114616.0,37952034,41269323,1371981.4432639794,38566883.0,38354718,41675469,768144.2957297079,1.0118659728855723
659029,13,1071,42705819.5,42591542,45600862,535603.3157684105,43014491.0,42837821,43495549,193036.94178834153,1.0072278556790135
585157,12,3356,28597288.0,28372668,30649875,870363.7346364539,28833302.5,28682863,30781117,475215.7624892788,1.0082530378405112
635280,13,108,41747060.5,41588347,42402305,205888.1867237787,41371196.0,41202411,42068538,203782.72087896022,0.9909966235826352
589828,12,709,29257790.0,29057915,31257857,780591.6887789451,29074728.0,28853499,31601890,559244.942550361,0.9937431364433199
649212,11,146,38712321.5,38347946,41632146,1229824.1183001033,37636689.5,37429441,40685844,1064692.4863074685,0.972214737883906
629405,13,2897,40606116.0,40343985,43592852,1365763.0076257887,40988404.0,40840542,44212151,796192.6863936867,1.0094145423807586
627252,11,175,36663913.0,36383731,39687322,1232464.0869629178,36327529.5,36147135,39389840,1032930.7302222851,0.99082521551914
649478,11,2299,37614705.0,37458804,40852985,1360697.481459404,37900884.5,37502865,42885118,1357812.830128265,1.0076081814279814
710189,15,14734,70665359.5,70518186,71224781,179188.96989982392,64416342.5,64220727,65117684,201512.45171942437,0.9115688783837574
670717,18,7412,54238346.5,54097148,54787244,125383.261904539,56323315.0,56036097,56691911,152394.84053407307,1.038440856599491
677028,17,11926,56715491.5,56528874,58181344,395639.96493309696,53273683.0,53143960,53785762,157499.90110594427,0.9393144904686227
573668,18,18803,51499270.5,51333912,51951179,168529.4662406416,47462543.5,47353386,48649949,402406.65253400896,0.9216158411408953
632491,17,7136,47044850.5,46880065,48063594,243744.5018326818,49616189.0,49410029,52510654,596070.794802985,1.0546571723083698
629842,19,13781,68457103.0,68239315,69155942,207558.6560313226,66158409.0,65814596,66817268,220661.05998587265,0.9664213953079492
523216,14,1714,34402290.5,34261566,37639867,1410876.7501612925,35404534.5,35200287,38311930,697730.8081173403,1.0291330601955122
542141,18,8307,44925610.5,44792887,45531125,162796.29074021723,45487722.5,44686569,47772453,584221.5304258871,1.0125120614665881
735824,15,9728,70467916.0,70270679,71004006,166543.27831529424,66926100.0,66742548,67500319,191747.53850305933,0.9497386016070065
553148,19,11933,59930937.0,59727471,60531885,201653.80906505475,57890401.5,57751344,58420234,163449.2503492037,0.9659518839159815
504745,17,12044,41997595.5,41762255,45067512,591262.6013780162,39607575.5,39417627,40248590,250681.4879569269,0.9430915038933598
724971,14,3181,48397617.5,48240283,49341781,214019.59711240363,49646980.5,49502609,50403738,203062.15592873693,1.0258145558508123
580446,13,15179,43237472.5,43041280,45279212,418221.4192684979,37691038.0,37505130,41376033,841893.8492872318,0.8717215836332709
740262,13,11519,53438199.5,53334785,56611795,587456.6452313501,48550591.5,48407285,49122354,194673.43922271472,0.908537187896834
626699,14,18445,49799442.0,49506753,50549583,270329.5820276283,42745055.5,42575360,43684212,215110.06503353888,0.8583440653812948
660463,14,15778,52142156.0,51871501,52517277,163059.78025570867,45147556.0,44985155,46201337,261990.19362369695,0.8658551825129748
693991,19,6845,69239982.5,69117430,72597476,614492.370380688,72254085.0,71958090,73004540,351203.0647257699,1.0435312429491155
674588,16,16354,46471283.0,46362386,47054076,180085.67041144302,41580891.0,41362196,42233380,249439.4541662031,0.8947652897812182
648615,17,364,46560366.5,46395645,46967917,156475.93581385675,50808773.0,50643256,53883843,565460.2967880445,1.0912451258303562
655137,16,7807,39267388.5,39189778,39831571,192842.3576482327,40370692.0,40270410,41214376,255991.36960045266,1.02809719571751
593709,17,7793,46029497.0,45928344,46633218,178670.12698519768,46420447.0,46335585,47004026,161952.8288571466,1.008493466700277
582413,17,13516,49357225.0,49167714,49963256,187324.8489966294,45738687.0,45574252,48736538,616765.4454912202,0.926686761664579
623536,13,9241,41788785.5,41613355,44405759,506400.26492641505,40707257.5,40473157,43636226,751565.4237785623,0.9741191808505657
603028,13,17394,45340309.5,45142471,47522122,422693.8938557218,39224238.5,39002772,42362409,799973.4565360667,0.8651074272000724
668852,17,365,48006044.0,47854145,48590279,194253.66947805643,52655806.5,52517742,55557231,542214.6009777975,1.0968578560649571
692328,17,10514,57357418.5,57162197,58036069,192939.81255081424,55099356.0,54840468,55652125,155379.69244713275,0.9606317271757968
604664,17,2938,42333968.5,42200790,42881905,204951.3932132202,47972334.0,47841532,48633868,151166.6901671757,1.133187737880043
621513,15,9834,59113017.5,58926839,62176222,591059.621311899,56165826.0,55849128,56754089,210809.22769950615,0.9501431051121693
700885,19,7473,71414342.0,71255364,71956747,141728.14093954273,72906287.5,72634412,74068088,424771.9556307831,1.0208913988173411
730399,16,16685,50743019.5,50570980,51382107,188491.0690012453,44972988.0,44812653,48103555,652468.2109209996,0.886289157467265
666029,14,13288,51742693.0,51612403,52217044,130143.98199249253,45468954.5,45333527,45895123,157120.5421913344,0.8787512180705399
517277,14,6427,34331745.0,34048388,37408315,1035028.7878299726,34961411.5,34713522,37954329,700663.9542132274,1.0183406494484915
511394,19,1449,47000134.5,46870586,47543055,172767.254590192,53176704.0,52882230,55360736,451175.0319313892,1.1314159962669894
520788,13,7551,33560679.0,33257049,36613223,967055.5111932538,33669329.5,33438618,36636541,790672.1466332165,1.003237434498867
650634,18,8645,54543084.5,54243809,55052088,189795.58032778316,53911751.5,53730395,54586357,309944.51214452344,0.9884250587258225
605776,15,5577,52445337.0,52275251,52936387,162314.678545818,54836750.0,54406725,58188035,651908.119039431,1.045598200656047
696713,19,8350,72461086.5,72296564,73138227,170832.50816196157,72978308.0,72728573,73613200,204507.05359948674,1.0071379208480402
641621,13,19958,48508494.5,48220559,48978675,187516.07133565913,41829462.0,41718192,42343934,186047.15398403705,0.862312104944836
521522,13,3258,33429848.0,33115417,36332669,1367650.440465417,33775192.5,33475910,36719161,818511.4354497438,1.0103304238774882
686263,18,586,50407908.5,50202950,51026447,200180.83592585314,57130956.5,56579262,57710239,274295.1385754565,1.1333728813604715
690647,18,2067,50192639.0,50050725,51037671,205166.91842922274,57125997.0,56872912,58543499,466472.3605146528,1.1381349564026708
678281,18,1281,49288347.5,49190404,52894737,651756.9433328621,56805908.5,56672546,57598924,189746.0322726407,1.1525220743097544
673053,19,334,63499005.0,63340593,64199231,194837.71894740162,69830222.5,69581291,70524495,214581.40961821203,1.0997057749172605
678906,19,3381,63159830.5,62941693,66082187,549157.1257613698,70771407.0,70459572,71761723,352049.6268185306,1.1205129342454458
700859,18,2108,50978723.0,50844459,51429845,157155.8712501028,58493703.0,57807587,58923308,311482.55240413634,1.1474140495829996
701389,18,3066,51193951.0,51031297,51765481,202295.59817578556,58899577.0,57828808,59611151,482824.60874181835,1.1505182907254023
693458,18,2390,50415673.5,50318506,50922372,154505.27010033955,58208416.0,57945370,58859117,170654.57568861792,1.1545698382865004
724901,18,1700,52838294.5,52713403,53303582,166141.8850473695,60697573.5,60619385,61312444,164292.49759822333,1.1487421021887827
726592,17,1186,51555364.5,51435181,52951689,395610.52409140003,57666897.5,57543167,58157782,111763.1270198221,1.1185431052475636
732816,18,4028,53643182.5,53496295,54213401,176938.6845733729,61542489.5,60433919,62240198,501460.85978165385,1.1472564943364425
711717,18,2899,51894209.0,51789439,52498017,195653.94070718047,59576105.5,59015592,62278389,569970.1868172054,1.1480299372132254
707350,19,1306,65578715.5,65450482,66307169,201754.0312756986,73606575.0,73397059,74777972,402317.5539858602,1.1224156258443336
665666,18,2902,48441239.5,48317389,48891990,168902.7273412981,55834256.5,55689911,56452048,176132.2253624122,1.1526182458646625
660881,17,2430,46292852.5,46200634,46904026,169334.56579013434,51998359.0,51782121,53202818,363129.0278405261,1.1232481083337864
704642,18,4337,51407419.5,51285778,51918910,153666.91086032658,59048988.0,58957378,59606946,156664.1458955218,1.1486471908981932
643804,18,2169,46780120.5,46615061,47238357,156926.57001611718,53842676.5,53699940,56855692,550609.1153714483,1.1509734460816534
656880,18,3093,47870212.0,47787626,48343836,156682.73553882344,55036275.0,54949661,55601016,136724.78622969412,1.1496977494062488
652229,18,1529,47476400.0,47380309,48130947,167867.55114282807,54142342.0,53713107,54726376,234448.01167385108,1.1404053803573986
682433,18,5489,50211836.5,50101099,53066047,558633.3688117428,56420978.0,56278088,57441921,435647.9132776949,1.123658920541574
636358,18,550,46644929.5,46504898,47560404,232703.36911477143,53392480.5,52507103,54091254,431398.03985937015,1.1446577596392338
649258,18,3400,47361534.0,47172368,47932957,206981.74178893975,53921268.5,53572641,56669310,576998.7814430625,1.138503421362999
645704,19,2818,59856807.5,59657822,60461650,201145.43963223614,67252553.0,66937151,68361308,385942.79175154824,1.1235572996438208
700050,17,1125,49524340.0,49414956,50054261,163614.36490595466,55785069.0,55507400,56136155,156788.2533238876,1.126417212223323
704089,19,3525,65605230.5,65454534,68671324,583492.3786196316,72989147.5,72722824,73562455,191284.3828637845,1.112550736331915
687660,17,3429,48526032.5,48380859,49029057,193367.00364515831,53855456.0,53712685,54653067,165215.93634306456,1.1098260711917876
623587,18,1969,45221633.5,45102808,45710614,159346.2182669339,52312352.5,51389195,54798593,653227.5872548352,1.1567992673241227
666096,18,500,48844071.5,48748177,49499072,197620.830851867,55167784.5,54973357,55933619,349334.07913212536,1.129467360230197
665174,18,4963,48649776.5,48508601,49265530,216889.71607040035,55180739.0,54936581,55970855,335189.2477695432,1.134244450228872
620063,18,1516,45046136.0,44955710,48410844,613378.3555596333,51345161.0,51071047,52531636,427068.94061091455,1.1398349683089355
641895,17,3105,45095798.0,44979845,45666413,191952.44214257575,50237295.5,50141427,50842634,182449.076092737,1.114012784517085
688754,19,1309,63879895.0,63721610,64538875,199899.75974650952,71501132.0,71316181,74772150,737110.5649733212,1.1193057220898688
729958,17,2810,51411075.5,51307115,52105332,197842.79013037938,58002959.0,57905247,58585516,170210.86467901772,1.1282191324707844
724438,18,1169,53180463.5,53071606,54151752,233722.23488173352,60646670.0,60521708,61202433,154822.68040863896,1.140393783893967
622532,17,2188,43616854.5,43511392,46574107,548119.6356053636,49400831.5,49108970,49953777,162051.97878116145,1.1326087602213497
637657,18,4603,46439563.0,46288330,47127414,214268.5652602671,52738526.0,52573530,53532620,212190.53857717648,1.1356378611917601
640793,19,491,59721287.5,59546148,60425394,246093.49478178457,67529004.0,66455186,70651068,765489.1223708037,1.1307359038433322
666678,18,2256,48525060.0,48363736,48996908,176808.95925404597,55787410.0,55258665,55954871,192949.81947544173,1.1496618448282188
628853,18,3313,45863337.5,45699274,46272711,146366.39952027544,52665227.5,52495224,53234461,154718.7011742996,1.1483077850581633
653030,19,5263,61198393.5,61071727,64125209,549221.639625794,68245741.0,68037204,69143087,263942.07155283145,1.1151557597667985
665438,18,2102,48335037.0,48191757,48834101,172869.80600202826,55837728.5,54862737,56408980,455600.82244968205,1.1552226286699645
688558,18,4151,50282440.5,50129582,50728499,143717.77939845237,56993628.5,56821250,60184397,589596.0968829273,1.1334698143778443
666488,18,3510,48629197.0,48528860,49111608,161511.87905415983,55437751.5,55184603,56794865,376794.4885276971,1.1400096016391141
660020,19,718,61596720.0,61475513,62152012,192391.300789144,69353298.5,69233311,70057295,222630.6684943299,1.1259251872502303
715766,17,3509,50663036.0,50524651,53609774,555048.7935896256,56875102.5,56751435,57520161,157383.97014937352,1.1226153620165993
670253,18,1858,48780410.5,48663549,49336313,159680.30312131663,56307227.0,56018955,56781395,177465.55360396,1.1542999827768976
640861,18,2423,46434637.5,46338829,46948655,168317.5256845228,53765522.0,52817860,56817781,717189.584975484,1.1578753468248784
652055,18,114,48554039.0,48430223,49097252,151107.2565968697,54743040.0,54548257,55328483,172754.55155523078,1.1274662443633165
680228,17,838,48047448.5,47923573,48709810,176347.0310686542,53496702.5,53243396,54141874,317600.21475726715,1.1134140140657
665093,19,3045,61907104.5,61709237,64981543,577554.8106518799,69368715.0,69045204,70426959,382911.5865119025,1.120529147022213
662323,17,6039,47391431.5,47221509,47924026,208375.23622927355,52243633.5,52068293,53282654,311921.95394873305,1.1023856390579803
672521,17,3650,47405597.5,47286560,48002393,167668.34795550676,52803394.5,52639762,55909335,642238.2013271685,1.1138641275431662
679777,18,2848,49386339.0,49256893,49921229,170329.48851123484,57065256.5,56864245,57757887,178552.50668516717,1.1554866721341706
677370,18,3116,49355069.0,49234460,49918981,171109.03365154497,56720520.0,56574595,57403536,187189.81599558835,1.1492339317770988
676942,18,1601,49270974.0,49096068,49784490,170989.42090233407,56216969.5,56085249,59218951,606732.9397254116,1.1409754047078509
675002,18,4256,49322431.0,49205984,49882606,185633.6155470561,56637833.0,55570338,57324739,477690.7053633763,1.1483179529411274
671641,19,1929,62422732.5,62231144,63010112,200267.13308764205,70582433.0,70469559,73594550,549959.7569122723,1.130716810578582
697030,19,2661,64763360.5,64580666,65645918,238050.5412138845,73354419.5,73165020,73966734,149770.7777732544,1.1326530762714204
652066,18,4908,47610581.5,47452215,48624100,252974.8961975586,54572972.5,54478551,55080652,127560.69887116052,1.1462362101164423
662610,17,1265,46585884.0,46470059,49564517,561178.5496101744,51899893.5,51787404,52532034,189880.6350559448,1.1140690922597927
614312,18,2710,44632098.0,44453857,45144860,164232.93525244025,51522280.0,51344609,51937637,128411.18777206379,1.1543772824660852
618784,18,4084,44935247.0,44835519,45367283,157021.91402720055,51910211.0,51750047,52472409,142833.5281315241,1.1552225583627036
645185,18,2537,46814743.0,46667964,47773562,219988.20950452218,54127307.5,53925189,54716935,174711.93044241905,1.1562021711835522
606719,18,4384,44023924.0,43901894,44519802,174586.7045335609,50184792.0,50039380,50634247,114734.03272670813,1.1399436361011344
639844,19,3891,59468283.0,59281878,60194371,215524.86600570916,66321913.0,66106330,69941909,664561.3339064976,1.115248493049648
619951,18,366,45804968.0,45721012,46509047,206083.07409484708,52011191.0,51125126,52645528,451930.8415193991,1.1354923553270466
688392,18,3006,50239120.5,50087030,50798589,203014.816125775,57087350.5,56847506,57855617,326862.74693557876,1.1363126967957171
641534,19,1778,59396723.5,59256142,60464725,279487.0359625052,67176168.5,66994458,67658280,168889.71726677145,1.1309743120763218
674330,17,2246,47390131.0,47250263,47892440,174906.49825351447,53527721.0,53428023,54151329,160962.4193646731,1.1295119863669505
620611,18,2543,44966874.5,44863202,45481878,147591.23500970134,52014674.5,51895012,54894864,531877.123505275,1.1567331525343172
618762,18,2767,44904548.0,44787861,45417801,186429.84792694068,51610224.0,51369161,52594849,240194.61473523,1.1493317781530725
602500,18,1272,43594070.0,43449547,44076071,161259.98685447878,50409321.5,49901294,51153826,259073.54050865344,1.1563343707068416
604241,18,228,44678144.5,44525458,45359359,206449.53350633231,50712855.5,50501479,53622722,549210.2685992406,1.1350707614995068
626118,19,336,58976855.0,58779642,59595070,181842.2709767879,65904435.5,64861764,66538256,474790.4110621818,1.1174626978668156
626586,17,1230,43985534.0,43848513,44460547,174884.01617378366,49689640.0,49482688,50295435,187760.23868034175,1.1296814084376012
635548,17,1815,44613857.0,44483036,48009184,621926.0259770844,50398649.0,50103762,50844680,178226.2152862947,1.129663570670431
579731,18,1133,42091339.5,41965499,42658563,183160.87290257227,48516093.5,48048075,49024379,265655.6047812468,1.1526383830098825
581845,18,1930,42255547.0,42126329,42674426,175497.10180220453,48202872.0,48039910,49490458,421168.2965194634,1.140746610143279
620406,19,1815,57423731.5,57280810,60398450,550067.6035667344,64957180.5,64675991,65572727,182434.17940550504,1.131190516589818
637602,18,1582,46426402.0,46290583,46920163,159207.0093241989,52721305.0,52608363,53254678,155872.55511915282,1.1355888616998577
596507,18,1009,43339987.0,43237095,43894803,175033.9396293727,50035535.0,49933888,50585521,153531.9881688793,1.1544889249736046
606498,18,1817,43948224.0,43811767,44508885,192388.19072934863,50919762.0,50757110,51451400,145129.22501383608,1.1586307105379274
621265,19,2982,57647816.0,57436883,58179852,167026.56202320036,65041784.5,64823004,65649687,171095.37910201497,1.1282610342081303
632473,19,2414,58423100.5,58321833,61485588,570927.9591266806,66185690.5,66065331,66950573,183447.61426026293,1.132868504642269
649098,17,1994,45560021.0,45437006,46474860,200095.9804197198,50826141.0,50724028,51345793,119168.25988141958,1.115586426090541
607538,18,3602,44108625.5,43944320,44614890,155834.50638797344,50444392.5,50180857,54099787,682580.5598576105,1.1436400914374445
626763,18,4892,45713938.5,45534503,46338595,227506.07546066886,52552596.5,51712919,53049739,432093.6624864786,1.149596779984293
605754,18,1729,43827642.5,43729735,44393176,160104.70274869783,49999036.0,49870512,50635892,146504.16814921456,1.1408105284239278
618870,19,6053,59303232.5,59141452,60284659,218286.30013367767,65045278.0,64936609,68184888,582277.7277487626,1.0968251688472461
584792,17,732,41304307.0,41167578,42279921,208611.23760122692,45813462.0,45656081,47004377,397053.61317462183,1.1091691236945338
598367,19,1494,55387228.5,55262660,56072047,187567.90392239287,62918790.5,62543404,63446114,203805.82806708993,1.1359801203990556
630557,17,3630,44328910.0,44200008,47287450,551004.0199029364,49396133.0,49243080,50385100,394309.2617172972,1.114309668340593
571065,18,804,41634558.5,41519133,42151172,181681.54418640508,47826770.0,47676635,48303737,120882.45408559323,1.1487276849591188
594980,18,1609,43073142.0,42966067,43519249,155271.4314100168,49819708.5,49742905,50432603,163536.83354157727,1.156630470560982
608978,17,1240,42736077.5,42551540,45762479,564834.2047581121,48519200.0,48281642,48840829,131618.35978530248,1.1353217898858405
608781,19,4581,56568549.0,56467849,57077826,174509.36791728405,63199750.0,62990387,63761944,167785.58956778736,1.1172241663826308
612328,18,2157,44318182.0,44192889,45283439,203835.90801925017,50722725.5,50524909,54358305,723774.1391158679,1.1445127758173834
590537,19,429,54757295.5,54668326,55513303,222702.52772712303,62144219.0,62006513,62755082,164054.7250106365,1.1349030011900423
589344,18,3354,42814536.5,42677622,43493981,206672.75096495746,48769980.0,48636049,49432703,167440.82068658035,1.1390986330075068
685538,17,2254,48244809.0,48158609,50471351,461274.9185676646,54554228.0,54323708,55180742,189472.71301763275,1.1307792305696558
618273,17,2931,43370497.5,43226631,43835561,176039.10213335181,48404169.5,48294476,48922025,124952.21452868826,1.1160621226445466
659216,18,4059,47961171.0,47812753,48378609,151183.88945331518,54574170.5,54392440,55893717,443376.1828684982,1.1378823611291726
569931,18,1830,41166902.0,41079306,44213559,553061.9118505922,47719955.0,47585099,48322297,168306.59088249897,1.1591825637012958
660935,18,1188,48303315.5,48127434,48767702,171611.10637541953,55378833.0,55223882,56010118,165821.78619190006,1.1464809905233109
635311,18,2534,46060048.0,45934379,46604338,158200.13572469595,52500553.5,52377709,55503524,549865.814403689,1.1398284582768998
571626,18,2672,41328919.5,41199690,41796339,136880.07075451122,47200725.5,47021470,47794229,181173.34529463458,1.142074994242228
691817,18,1176,50657075.5,50560379,51204703,167622.65105602524,57138385.0,56939920,57764525,150349.98346546854,1.1279448021037062
611894,19,2437,56485921.5,56311937,57088423,197110.56588252416,64397437.0,63493666,67770211,763800.8781478207,1.1400617231676038
614056,19,307,57898561.0,57764180,58790590,216251.37169144666,64630918.0,63667577,65121113,395902.1519542199,1.116278485746822
579597,18,4316,41927632.0,41827180,42603996,189593.85794827907,47873001.5,47734764,49083707,417704.7231832833,1.1418007461046213
584870,18,175,42881362.5,42697282,45874807,578878.4193327463,48402122.0,48222925,48926819,144431.8288165389,1.1287449646685084
597145,17,2086,41679893.5,41584288,42286143,186566.22050469255,47471782.5,46687908,48186211,402145.45348537766,1.1389612235933377
569314,18,1644,41059584.5,40909118,41470361,163821.76822125592,47193776.0,46899755,47682313,174503.644817204,1.149397310632795
618673,18,3792,45163398.0,44931493,48220468,572488.3319116604,51408749.0,51207636,52385063,306968.38173031586,1.1382834613108606
627390,18,1035,45725398.0,45544737,46411603,232797.9692980924,52440628.0,52191941,52867892,193465.86818776475,1.146859957347993
556152,18,706,40560671.0,40422284,40927818,136871.11646098553,45940635.5,45840801,48958791,549162.6171935919,1.1326399284666666
564374,18,3410,40916820.5,40786537,41624787,224275.04182019204,46682903.5,46503836,47233296,146501.89473484256,1.1409220689569464
563760,19,865,51965270.5,51844437,52566986,197679.9902931812,58441987.0,58211241,59789503,477161.8222500157,1.124635481306693
675407,18,2343,49173650.0,49078845,49729915,188432.53666769498,55776560.5,55678047,59014963,592678.0866022707,1.1342774128013682
602839,18,895,43744356.0,43620051,44265669,174735.1769535227,49872827.5,49740825,50701817,315544.91185457614,1.1400974219394155
539526,18,2269,38886456.5,38702526,39416471,189944.13663245834,44650170.0,44522221,45789721,364783.26588895224,1.1482190463921547
624432,18,2168,45281735.0,45199621,46287730,216380.52674146896,51527436.5,51437468,54538842,561037.75408289,1.1379298187227145
684280,19,2434,63366347.5,63252494,63858973,174705.767587437,71047601.5,70794636,71788967,204719.94678553485,1.1212197689002037
580408,18,1121,42185605.0,42051915,42685093,179767.64761647186,48585792.5,48503395,49186031,129499.60929123814,1.1517149629595214
600167,18,2773,43480282.0,43304023,46467446,551291.4568760843,50457091.0,50167806,51078055,214905.7148843961,1.1604591478960509
596806,18,1496,43305713.5,43130815,43753287,175031.88465754842,49956676.5,49864011,50618726,173076.50708938582,1.1535816515296533
570171,17,3138,39843576.0,39724375,40301493,167861.874037095,45236846.0,44608675,45845909,361487.09507345565,1.1353610930906401
644473,18,930,46941773.5,46764894,49995405,577807.512482003,53280495.5,53071848,53818376,162253.8808465301,1.135033713628225
583999,18,2792,42160192.0,42037063,42634393,169646.21581100934,49013502.5,48155239,49569017,443461.4969469277,1.1625540628467725
592060,18,2634,42878700.0,42730110,43371288,178851.7304098441,49141938.0,48850281,52122583,560934.2467831491,1.1460687474200477
654332,19,1501,60685537.5,60526162,61352013,205348.65369588434,68173272.5,67934239,68948857,340740.26002879866,1.123385823187279
639692,18,3397,46598876.5,46466921,47281003,206375.02431083776,52986304.5,52852553,53773457,315321.8889351166,1.1370725751295743
598982,18,5330,43766229.5,43616375,46816860,569114.4645889485,49584620.0,49405851,50064651,132550.30975151368,1.1329424665197627
612882,18,1047,44588004.5,44507835,45071054,172742.12287713407,51414016.0,51237882,51998589,152205.12200813816,1.1530907600944555
581783,18,2712,42121585.0,41958146,42829046,225652.14750324594,48792510.5,48642897,49287565,139464.78270841952,1.1583730882871572
582265,17,2947,40699634.0,40569105,44068205,614623.091893828,46240873.5,46099605,46764633,153548.4919182934,1.136149615006366
597155,18,2285,43251938.5,43109567,43785032,183094.00870355888,49401560.5,49216533,49880784,142677.97835617643,1.142181419221245
659765,18,2573,47950929.0,47827912,48407718,149065.50737587374,55342827.5,55135632,56004760,168831.75290193158,1.1541554804913166
681421,18,4664,49749035.5,49595511,52706401,550831.010924263,57063160.5,56994369,57697289,159750.55216298593,1.1470204382153297
590702,19,4077,54755991.5,54581284,55333708,176692.81917867143,61231239.0,61067772,62181309,216929.8289997021,1.1182564194824232
584690,17,1932,40944892.0,40838896,41474950,161316.58252372363,46429469.0,46273979,49477492,569042.6268188634,1.1339502128861398
599435,19,2381,55337507.5,55168111,56249771,219565.0515929289,63046909.5,62930930,63559089,150627.34866360313,1.1393160326203706
613173,17,2146,42890359.0,42779251,43338256,145799.77242201794,48500154.5,48087808,48990666,280076.7126672897,1.1307938574260943
588996,18,871,42682982.0,42555349,43162209,162188.9574939641,49392946.5,48526726,49658844,363368.33076688484,1.1572046793731516
581877,18,2666,42106763.5,41963237,43050449,246758.9068267716,48242333.0,47967534,49039083,368627.9440086576,1.1457145833590368
615737,18,4563,44732098.0,44570530,45736824,224495.27839108082,50968454.0,50853331,51366090,118289.3453884255,1.139415683118641
590232,18,1067,42916589.0,42816659,45932186,553160.7660653747,48983874.5,48696215,49545652,216336.45074013766,1.141373898564026
650583,18,2512,47142648.0,47025634,47646619,176515.1880809285,53660167.5,53550412,55180923,486746.57141418743,1.1382510269681925
628419,18,6317,47350307.0,47222481,48386052,223610.42958810955,52624545.0,52516911,53065153,109175.9140178211,1.1113876199366564
597882,17,3886,42011403.5,41939779,44987643,545525.8776315646,47561680.0,47386460,48143778,185580.76613911855,1.132113570069136
599765,18,4022,43540256.5,43437428,43979865,162071.26231863766,50206243.0,49655400,50505997,222314.8210906826,1.1530993851632454
585638,17,4064,41054320.0,40936864,41530945,174069.6864886653,46505950.0,46366801,47006097,171592.4108859907,1.132790653943361
605852,18,2605,43873220.5,43762417,46221881,468300.5025567617,50882294.0,50088588,51078715,333909.2953786236,1.159757442469946
595526,18,420,43138096.5,43038659,43575395,150431.00684455538,49355677.5,49044175,50095094,376965.823923733,1.1441320202897687
627991,19,3533,58308689.5,58132632,58902059,191914.19380343743,65143215.5,64814512,69468214,873367.4872849528,1.117212821255398
603846,18,2723,43781810.0,43651012,44229814,154194.72988090597,50588251.5,50412126,51161433,164540.97550531296,1.1554627709544214
604154,19,3294,56053736.5,55902085,56558154,184261.30955641653,63589363.0,62621971,64203357,442668.7280634282,1.1344357570168404
590264,18,1941,42765415.5,42681765,45937932,578535.7177096723,48815029.0,48677803,49511508,197332.85573576496,1.1414604167706497
605165,18,2360,43842279.0,43719513,44303769,162937.10778343963,50836281.0,50647208,51355064,144358.91015416707,1.1595264242536296
592536,19,2873,54835759.0,54691097,55570530,216760.4086797448,62313266.0,62194157,62891254,162923.63293467346,1.1363618765630654
597287,17,567,42083669.5,42013175,43019685,196065.76106214128,47009620.5,46833304,48067576,328064.21310466545,1.1170513659698806
705538,19,2353,65506249.5,65335008,66105543,185956.70649972983,73981807.0,73711449,74681927,236637.1068804839,1.1293854794724585
649792,23,14629,95435990.0,95251096,98304843,534345.0858232648,92387622.0,92057178,92958062,201589.8079605685,0.968058507068455
704928,19,10647,75220759.5,74984396,75775240,207459.98755048861,73181404.5,72932405,73661911,138327.95543175243,0.9728884019045301
566597,21,11049,65520867.0,65320551,66444059,223649.30608193018,63759608.0,63523791,64811353,466184.38496574503,0.9731191133352982
587521,21,1981,57657801.0,57481501,58645897,229226.3864774637,66696729.0,65820884,67144900,412428.206512514,1.1567685177587679
644289,25,15681,76927598.5,76722042,79420310,468824.24589195114,73871915.5,73342819,74494662,276062.1375174236,0.9602784558522258
675090,24,7039,68473984.5,68305471,68969430,172739.1957842291,70247115.0,69282982,70848094,444691.56967923534,1.0258949513884357
696926,20,5637,58402521.0,58188676,61295046,544627.2646860714,64907717.5,64712618,66487536,514358.39162684674,1.1113855427576491
694728,22,3160,70271533.5,70118112,70815882,180470.81459569084,81945711.5,81556968,82529443,205619.84157447505,1.1661295466107908
671178,22,6345,74510068.5,74337690,77376061,527988.5327274164,78036629.5,77733960,79726288,584617.7714170136,1.0473299927244062
694283,22,1567,70022515.5,69857263,70761356,229465.14717109,80817365.0,80480822,82380822,431509.349807425,1.1541625493302936
701804,24,5976,68343875.0,68215990,68985855,174188.61711297007,73129613.5,72033197,73973427,516124.76301614,1.0700243950171102
578857,20,19938,58081516.0,57588512,59827186,387167.5665479512,54746542.5,54244343,55432652,282452.8279061046,0.9425811561116966
734923,19,5889,70316924.0,70212890,73377728,574781.1024786973,76293939.5,75970426,77456845,492567.31636052544,1.085001094473359
531278,23,7544,74080398.5,73929110,74846271,197032.97458431503,75586255.5,75196808,76234670,214424.1230588496,1.0203273339573085
745833,19,15636,81874156.0,81418282,82514668,286798.9996279024,78325457.5,77922875,78823023,203430.15992025918,0.9566566707570091
727019,19,9927,77022978.0,76783309,77765365,187437.3025337154,76564715.5,75441911,78655318,650571.7691532957,0.9940503144399324
525221,22,5282,54980235.0,54830045,56177021,274475.91319224273,61042435.0,60737315,61879456,279062.9883039172,1.1102614421346144
530367,20,19454,52955709.5,52714064,53547008,220446.22565083503,50018532.0,49545947,50614669,231994.699681111,0.9445352063501292
634133,20,13275,62020532.0,61798965,63708919,438145.24943575,59962029.0,58919187,60612773,478962.0360572502,0.9668093301747235
588378,24,11039,62295984.0,62039524,63044051,208313.38991047972,61093953.5,60534607,61616681,285579.3219937423,0.9807045266352964
573383,21,19427,68895166.0,68630118,71802597,560272.0038848829,65315946.0,65043488,65895038,168404.15093229344,0.9480483144492314
552192,21,13717,64940053.5,64576274,65353579,184574.63435594886,62163071.5,61901833,63515040,459157.78709984024,0.9572377623618681
653247,19,17473,72130172.0,71872694,72854197,216065.63024354167,67922533.5,67534442,71031753,602533.0166686386,0.9416660409460829
691798,21,7156,76161324.5,76039932,76725368,156899.8066369604,78679115.0,78484770,79852349,301799.2375923309,1.0330586490785096
678637,23,10731,97517137.5,97175521,100405448,557732.0688155281,96466293.0,96191659,96955562,181978.34930165915,0.9892240017812254
502690,19,11475,53883789.0,53644410,54372883,170662.76635679958,52626403.5,52402756,53304084,185191.8682397139,0.9766648648260425
715339,20,1259,57666055.0,57489081,58146884,167769.64944003496,67018472.5,66759386,68095808,373600.555365213,1.1621823705471095
740947,24,14144,80191487.5,79844835,80785718,222471.94092998686,76949449.0,76618867,77483536,226254.50177027544,0.9595712886607821
699578,20,11295,67803800.5,67596077,70679671,536393.9002616444,65207385.0,65017958,65808795,173483.85213763334,0.9617069326372052
516908,20,14703,51165649.0,50898533,51589926,157712.55719562163,48145814.5,48020640,49098056,265480.1343467697,0.9409792593464416
657862,24,16515,72038558.5,71782770,72583741,197503.9750105861,68158138.0,67832281,69245766,365152.26154490677,0.9461341178835498
529998,25,3858,50499171.0,50366357,51442091,234517.90208904925,59929989.0,59706095,61263354,463905.0872217062,1.1867519369773416
732835,19,922,68162880.5,68021527,68740016,180595.342977513,77177528.0,76827413,80271670,599594.0989261764,1.1322515632243564
636924,25,1135,59937111.0,59774762,60787104,212915.7865577661,72881579.5,72459868,73495534,245537.96378470457,1.2159675080101875
648664,20,1327,52285172.0,52149166,52818197,187520.54807057514,61344262.0,61017518,61885965,203086.35276140267,1.173263081165727
528213,23,11618,76686911.5,76547736,77339367,194570.43398232997,74067414.5,73846327,74877000,261574.55296354165,0.9658416677792533
731921,21,12930,85784304.5,85532605,86217962,179671.1706836934,83400506.5,83235988,86945148,651084.3914538745,0.9722117231829979
553114,20,12700,54398928.5,53714505,54942075,338485.7348199215,51894913.0,51701716,52860117,273905.8614967011,0.9539693966582449
705023,21,1636,69390822.5,69194965,70373738,252983.35620556588,80372243.5,80209666,83261208,540192.5518069202,1.1582546596850036
622420,25,677,58594184.5,58436077,59029590,156662.26332075705,70376287.0,70221043,71677981,501753.20281621855,1.2010797249000027
638485,25,1054,60073658.5,59949991,60562638,149963.70499257106,72267270.0,71983831,73573193,455151.20260494633,1.2029776744827352
652933,25,2502,61830901.0,61639149,62337172,187943.82338988956,74585577.5,74435506,75357277,211243.05189247185,1.2062832061916744
655407,25,1067,61781134.0,61669335,62265468,180682.97636020448,74912477.0,74651311,75227685,166450.4153963142,1.2125461633643695
630350,25,769,59985885.0,59825858,60724269,197571.27495706457,71923900.0,71403102,72556458,249468.59210822955,1.1990137346477425
648658,24,2568,55920119.0,55767452,56594533,209305.2781204977,67242656.5,66899081,68351475,371641.57587206556,1.2024769922252847
648789,25,3999,62390583.5,62245679,65414190,575212.3037508808,73181084.0,72907519,73692235,181745.0321460779,1.1729507867160756
637339,24,2542,55001982.5,54898376,55573031,176429.31284864643,66403592.5,66204111,66990906,186301.52134760527,1.2072945279745144
615344,24,2547,53002668.0,52857696,55983349,571893.9801335327,63846847.5,63162065,64482841,372136.7380439749,1.2045968610485798
617875,24,1803,53067279.0,52951894,53591033,164535.92036302184,64506070.0,64400982,65032690,158998.45626276798,1.2155526195341577
681878,25,3150,64645286.5,64511594,67542174,541393.243238674,76949084.0,76728860,77491731,191629.9072009522,1.1903278361988543
622269,25,3487,59038024.0,58893162,59586556,192702.01135449175,70331192.0,70059591,71165571,246524.98890952213,1.191286347930615
627697,24,2283,54061505.0,53928464,54658845,195867.9004512537,64856377.0,64157121,68212601,693411.4421993113,1.1996776079393277
632522,24,4133,55467542.5,55331136,56110978,225616.95068575608,65841974.5,64933965,66413990,438232.4920935981,1.1870360851122979
601867,24,2500,51835111.0,51681210,52562744,222880.7343853783,62486248.0,62164724,65614152,605909.4226566368,1.2054811264897263
624520,24,309,54846713.0,54743544,55395553,153872.82333041212,65191862.5,64222509,65729982,448425.14406230487,1.1886193161657654
603351,25,1293,56632017.0,56498052,57499606,206236.15632786925,68827543.0,68659445,69616004,232861.5137350858,1.2153468416991047
600738,25,612,56549752.5,56439802,57125775,174420.14020403594,68499252.0,68137573,69153998,213155.32540191335,1.211309492468601
659280,25,477,62346846.0,62230456,62978815,204184.86920214945,74324909.0,74112486,74911782,191625.16241634343,1.1921197906306278
598182,25,648,56099386.5,55981844,59340097,596290.5207374087,67767943.0,67311706,68856411,429882.4860919306,1.2079979341663567
558883,25,1533,52373082.0,52254785,52975113,173109.89610435974,63810530.0,63620399,64521011,179555.26562272006,1.218384092805537
577106,25,422,54249059.0,54107704,57089532,529310.3870693988,66024846.5,65786328,66540661,167721.8543135695,1.217068972569644
549174,25,2404,51833485.0,51668891,52389808,206917.48224850945,62103765.5,61965408,62678343,155221.49029356943,1.1981398800408656
579043,25,4093,55738039.5,55499540,56242567,200533.57886384847,66108646.5,65398426,69362561,684376.5553465431,1.1860597734156042
602534,24,658,52108120.0,51989799,52622515,164463.61659531263,62722514.5,62548756,63357386,177213.43624143992,1.2036994330250257
552930,24,1999,47317645.5,47146302,48291423,225376.50400656724,56903195.5,56649134,59642595,517032.23062637873,1.2025787610247851
545335,25,889,51069230.5,50974722,51566745,160364.90533165983,62355217.0,62188064,62836330,139346.70655257697,1.220993862439341
521303,25,504,48928418.5,48831256,49604034,214004.35307464868,58905501.0,58639657,59505715,172980.00418841286,1.2039118125185264
545671,25,866,51138330.0,51001576,53338754,433407.27369451884,62334953.5,62170991,62801760,151647.16487573678,1.2189477736171674
558510,25,1003,52376337.5,52255598,52857978,171894.9144550595,63090975.5,62810754,64487949,506954.88834267977,1.2045702030998253
549458,24,3898,47634148.0,47482416,48264177,201750.16947996736,57230368.0,56735812,57755237,236931.48205869325,1.2014567364572155
670587,24,1047,57736145.5,57607452,58512368,211878.67839473343,69795867.5,69341212,70375728,214343.30414360977,1.2088764654370632
545400,24,895,46751317.5,46645886,47506100,192130.79894390234,56425614.0,56065949,56802077,181139.89593418918,1.2069309918378237
618461,25,1955,58266755.0,58143988,61351314,569778.7847826373,69849956.0,69674264,71530308,600966.2355177886,1.1987960544567824
521695,25,1878,48790552.5,48677264,49238935,161238.44833277204,59665118.5,58810951,60272414,375989.67759551445,1.2228826164655544
597389,25,2568,56437828.0,56291294,59436460,571015.8952792442,68275150.0,67399885,68882897,404490.5670861889,1.2097409205754694
504705,25,1945,47326994.0,47117083,48267738,225044.89556961492,57716590.5,57617117,58304174,155675.57097532463,1.219527918887052
516195,25,1986,48398223.5,48249948,49360429,231485.5690912479,59039721.0,58737162,61330029,474341.1810647655,1.21987372119144
509650,25,3158,47860246.0,47697135,48316413,162244.86785620265,58089119.0,57960219,58595392,142014.28872562633,1.213723786543011
522454,25,2113,49042924.5,48868909,49541647,169055.46783658184,59136558.0,58884333,60473241,505020.0143723074,1.205812226797364
508966,24,2445,43478032.5,43306914,46416200,548314.8991553384,52997616.0,52340756,53528379,337137.11353321315,1.2189515705431242
541951,24,2831,46500026.5,46358107,47478489,240245.56327118486,56414340.5,56028213,57142301,253825.6576001112,1.2132109322561353
507486,24,1720,43259435.5,43149844,43846561,210093.51521808887,52689805.0,52190933,53419776,310193.70682042465,1.2179956670955634
509263,24,4597,45533101.0,45408100,48595811,565048.5876362108,52346232.5,52133074,52837938,149565.78029552748,1.1496302986260478
525046,24,156,45839544.0,45734133,46346752,163437.77350260524,54746674.5,54558968,55168029,145015.5918228412,1.194311062518423
503068,25,1214,47034488.5,46919700,47457968,152733.3324648225,57673796.0,57435514,61205920,654870.8672736294,1.2262022579452523
517040,24,1079,44239435.0,44120153,44735991,165876.16474847202,53649919.5,53272920,54363210,237112.8473841657,1.2127171040950229
510717,25,1569,47812293.5,47667313,48610066,209424.0857587223,58279890.0,58143667,58691556,121128.87767132805,1.218931068429085
501687,25,2118,47023040.0,46885146,50198752,602792.3326993624,56715974.5,56444070,57355724,218129.0273396918,1.2061316005940919
502053,25,279,47565253.0,47447832,48319682,219566.489451143,57334314.5,57038493,57919308,192396.5412081228,1.205382309224761
569625,25,2031,53667279.5,53506857,54247293,191297.65183547224,64950000.5,64508275,67918101,576971.4253256067,1.210234636544228
507356,24,308,44223037.0,44089954,44707968,178210.93558790255,52326779.0,52037839,53489423,400533.92706147744,1.183247070977961
505646,25,4687,50649210.5,50556124,51677476,234409.93018879462,57745605.5,56880066,58322901,389177.2809360351,1.1401086992264173
542286,25,156,51036315.5,50879718,53969410,545706.7661450261,61358355.5,61188493,61994668,169572.770975492,1.2022489260612867
504189,24,1959,42965580.0,42841995,43471378,186381.75967987202,52448589.5,51746069,53279656,356332.1592859424,1.2207117767291864
534571,25,2368,50329396.0,50137080,51321149,237594.66023389966,60566009.0,60113918,61968289,537064.7080099587,1.203392327617045
515081,24,2791,44077582.5,43944708,44617847,189632.95510021457,53086018.0,52859172,53814158,231175.44991864948,1.2043768053749317
520406,25,1280,48644884.5,48525414,49319784,191479.52861005501,59457986.0,59220756,60117390,195629.44863309534,1.2222865078444167
507226,25,1201,47551864.0,47411436,47986424,148693.2592194825,57434248.5,57198084,60488842,674627.7749107619,1.2078232832260791
504544,23,2501,62753975.0,62646954,63268457,195599.5290460588,71438189.0,71038984,72007556,266700.8268106356,1.1383850823792436
518267,23,2553,64678957.5,64517360,65319242,197610.6901401648,73146647.0,72875233,76179205,596742.383695924,1.1309187690602465
519161,25,5202,53636538.5,53501287,54265356,174665.13865731447,59227166.5,58930179,59684280,176152.46020756816,1.1042317076445938
525246,23,1800,65191804.0,64938089,65763129,221249.04543483723,74827370.5,74469830,77687291,548293.3109269162,1.1478033419661158
538400,25,1514,50352662.5,50258276,50818744,160550.35165836086,61624196.5,61056404,62227983,276649.0862350293,1.2238517973106189
550420,25,3652,52147747.5,51991728,52668870,195646.09356091308,62996535.5,62627108,63576857,217383.4977541585,1.20803943641094
518391,25,1464,48482343.5,48315516,51648657,588587.7799333438,58489635.5,58203105,59338335,218514.406170445,1.206411061792011
532850,25,939,49892823.0,49746903,50809060,224373.08234956695,60897923.0,60532313,61675158,235065.3761385661,1.2205748109302215
532591,25,746,49881573.5,49741630,50352110,173657.2870347289,60679964.0,60483711,63837433,590083.920180403,1.216480550678699
534864,25,4718,53741332.0,53549567,54435398,224704.0738659033,61058783.5,60828156,61592876,167200.72348442624,1.136160590511601
506616,23,713,62978386.5,62830543,63896915,224453.5442062913,71778033.5,71299096,72745683,356500.4229123937,1.1397248721194215
519123,25,3023,48757059.5,48618340,51425921,539616.5952628269,59404937.5,59249401,59984599,172015.97229181623,1.2183863856679051
523350,24,3839,45273691.0,45115338,46658948,334631.5925416487,54391829.5,54193155,54871543,171448.18486387268,1.2014003784228682
500835,25,3924,47774893.0,47632736,48583954,264691.3371133106,56547052.5,56256855,59363525,692877.7016230883,1.1836144248402607
515028,22,914,51393547.5,51265091,52019969,178747.583894832,60614732.5,59888428,61254012,312122.26639336924,1.1794230102524057
529517,25,1510,49518242.5,49347878,50074213,169567.39937247176,59730760.5,59494511,60361781,151150.8138521442,1.2062374891435212
529929,24,1101,45234122.5,45090037,48165270,540065.6007923441,54499686.5,54326523,55836692,402361.60855482554,1.2048357188757226
543672,24,1820,46425242.0,46316205,47416634,220769.6398456218,56316617.0,55880050,56986104,231632.9000990336,1.2130602787164793
561900,25,2959,52876663.0,52779050,53382045,173273.3110007969,64054398.5,63449451,64499651,262481.99094762036,1.2113926043328416
555667,25,166,52495123.0,52386910,53008187,175621.58693439583,63316998.5,62696750,63835842,324527.49970640393,1.2061501122685245
543837,25,1204,51000246.5,50830403,51575749,204960.65833499742,61898757.0,61734255,62486631,195633.32602528523,1.2136952514533434
504442,22,2194,50366747.0,50181870,50855339,172919.82812716675,59506224.5,59293765,60032041,157358.3599413948,1.1814585623328027
523350,24,1717,44549021.5,44449415,45082470,176810.59619825456,54476024.0,54178840,55042958,187222.67938921467,1.2228332332731484
508516,25,2638,47626972.0,47404344,48366449,227819.41715749828,58033822.5,57423282,61212512,656099.368306099,1.2185074982302044
528871,24,2249,45203957.5,45060689,45790355,179133.75341226332,54482163.5,54298647,55599903,367346.72449137055,1.2052520733389327
550225,23,3499,68941828.0,68785039,69832806,235460.42138331867,78301120.5,77281341,81577307,710600.7386471409,1.1357563727495013
565684,24,2185,48577289.5,48425654,49066480,173205.05896867832,58808688.5,58521855,59279043,186608.42171606296,1.2106210351650024
541338,23,1192,67425003.0,67246288,67865935,157520.95410371068,76944742.5,76184095,77470468,355408.9405713821,1.1411900493352591
559592,24,1463,47856145.0,47691933,50814047,570629.5949434916,57682891.5,57486363,58494875,343327.9929321701,1.2053392829698255
516430,24,2044,43972614.5,43837488,44704731,222138.05965791235,53205125.5,52901568,53681319,200445.2983903062,1.2099604743766146
512918,25,117,48189442.0,48076942,48703235,177537.90382610005,58531183.0,58259632,61539838,563520.9855165171,1.2146059504071451
541222,25,1975,50790250.0,50638500,51371565,201900.3256106807,61617748.5,61336642,62246061,176664.83964270374,1.2131806498294455
512358,23,1710,63499686.0,63393689,64241617,217092.63552381657,72109944.0,71781465,73011169,411817.8071880074,1.1355952846758959
501797,24,2709,42876065.5,42739118,43570521,231230.65184298845,52303541.5,51546246,52924674,363091.68949273677,1.2198773579166213
534099,25,3192,50243008.5,50070227,50767387,185989.01754718085,60408229.5,60222066,60840780,154280.2861752344,1.2023211050349423
501211,24,3218,42848084.5,42695429,43343615,191593.76045958686,51580077.0,51397012,54623792,644054.5738256314,1.2037895649687678
535950,23,2697,67139345.0,66955855,67735618,199128.2377477193,76307003.0,75958089,76887188,226835.16153394053,1.1365467297901104
509098,25,1974,47668891.0,47567837,48439385,205206.46112108656,57962962.0,57699711,60140892,439648.5346724649,1.2159494543307081
536679,24,4063,46714561.0,46549123,47236116,197076.81839059608,55743076.0,55466670,56460489,212091.38567717036,1.1932698243701787
510473,24,2442,43552418.0,43439380,44504934,207944.74091953694,53049641.5,52887617,53634272,167125.1673276616,1.2180642071354109
546615,25,4869,55585922.0,55301684,56187013,205196.91431703407,62301949.0,62100599,65447994,579750.8201783667,1.1208224449348885
500756,24,1383,42709896.5,42577046,43276306,180055.2657636723,51558374.5,51423840,52051909,146956.78296025217,1.207176292267531
503252,25,2703,47362734.0,47254950,47891139,175923.28886086497,57349645.0,56753121,57562427,242625.05233681042,1.210860103641821
520688,25,971,48697965.5,48561977,51624814,540485.0256590372,58803455.5,58618641,59377686,164884.70271975573,1.207513597256953
519591,25,3530,48968703.5,48821545,49590999,206081.986375768,59103800.5,58855175,59697231,181348.61312946095,1.2069709074490813
549959,25,1087,51556065.0,51426783,52138455,169432.95052440526,62736791.0,62427709,65724410,559401.0895582128,1.216865387224568
535079,24,447,46503044.0,46383136,47216025,212837.83952936775,55700566.5,55412943,56242839,192550.18877831713,1.1977832354372329
513835,25,2564,48275858.0,48045209,48918904,206072.38888259363,58787333.5,57946629,59360043,450409.57166151813,1.217737725137894
525070,24,2996,44943509.0,44833645,47872242,547459.3845394276,54579639.0,54349311,55052629,153717.44074327487,1.2144053772036358
502976,23,4196,63230444.0,63052081,64246236,234402.1251042011,71526990.5,70379740,72262582,489225.28561617364,1.1312112643080603
514686,25,1082,48144677.5,47995471,49012901,208959.6082694266,58948563.5,58491107,62077658,624087.3616776421,1.224404577224554
528692,25,200,49946668.0,49783967,50404192,170749.499891768,59845400.5,59502646,60633688,339797.9367016701,1.1981860431610774
535199,25,1382,50022111.0,49895367,50902873,215229.8400330421,61095009.5,60829213,64063082,557003.796004763,1.2213600801453581
548181,25,443,51469756.5,51398256,52043342,185553.87676106967,61942897.5,61607387,62487308,180330.85864963755,1.203481456144056
513779,22,2154,51312557.0,51152268,52240001,214872.5809832655,60276277.0,59740905,60718222,251325.07160623008,1.1746886244628192
516106,24,315,45016077.0,44826541,48014974,559269.010084815,53159777.0,52941856,53710721,162800.30298751494,1.1809064792562889
567913,25,934,53209110.0,53112132,53885115,196712.82010947666,64816537.0,64631757,65400649,187466.73599507075,1.2181473623595658
502088,23,1596,62236346.5,62104733,62740698,173049.53727810297,71402123.5,71079272,74681926,624261.7329763258,1.1472736996218118
512164,25,4010,48921668.5,48764882,49581285,223023.74569414253,57828778.0,57575004,58328679,158017.45996842318,1.182068800453934
553060,25,1782,51827550.0,51704798,52332997,185613.1092340822,62972951.0,62517469,63664992,251201.21410799128,1.215047807584962
515476,25,1951,48365626.0,48183326,50573130,433371.2215215098,58971740.0,57970094,59581880,412267.80716376845,1.2192903282178131
537312,25,1415,50282631.5,50140639,50742162,165144.386372064,61402311.5,61167902,61896729,162442.848489078,1.2211435572937348
514042,25,994,48034807.5,47905058,48679048,179050.31292823504,58810007.0,58451415,61893448,603980.4947620044,1.2243206553914054
525615,25,2671,49432738.0,49217248,50361857,221825.87287472177,59508678.5,59171368,60099360,211923.00178956243,1.2038313253051045
516912,24,3564,44353004.5,44234242,44914112,192475.10820423564,53723622.0,53423625,54378139,212306.50263318204,1.2112735677241437
516778,22,3300,51807009.5,51608260,54782467,559496.4452242509,60864264.0,59939622,61407422,415529.53912918415,1.1748268156647799
518032,24,4329,45799248.0,45667294,46353293,191720.50983965927,54172686.5,53226235,54693895,412472.5555530924,1.1828291700335343
536525,25,1293,50174623.5,50048062,50704496,166863.02251586146,61204197.0,60873772,64700752,652247.0192607671,1.2198237421751654
527881,25,1007,49476568.5,49320256,49976772,181528.70394886742,59631780.0,59442388,60332803,185411.27463173744,1.20525294716023
549896,24,321,47973107.5,47820877,48500470,195256.52807533025,56647478.5,56464056,57308601,180777.5532595577,1.1808173673135516
545870,25,3146,51438015.5,51231626,54355181,555822.2806773364,62232319.0,61401645,62735347,361290.65661169076,1.2098506988474311
558857,24,597,48228830.0,48146508,48741786,170398.65023114343,58016908.0,57836980,58572582,182188.72922657852,1.2029507661703591
531835,23,564,65984199.0,65823732,66603250,204352.7330054471,75718785.0,74911224,76320749,366647.3037196495,1.1475290470677684
534225,24,1772,45618490.5,45503766,46100578,176957.19737396637,55589211.5,55008269,56383042,313073.832843708,1.2185675345833724
501838,24,2226,42821299.0,42636054,43221639,152778.1809365897,52307296.5,52038136,53001055,191402.29949397742,1.2215252157577003
504548,24,2032,42998000.5,42828120,43515760,199290.2802981537,52695488.5,52540240,53229702,151289.53166373484,1.2255334640502644
500846,24,4293,44097097.0,43969811,45260276,257352.8772792568,51978907.5,51813594,52899528,296314.68643571966,1.178737627558567
506262,24,858,43175942.5,43035269,43628466,176606.4000268551,52718988.5,52609343,55762373,556174.7028478661,1.2210269295221523
535993,25,1501,50097013.5,49918397,50705815,191086.80895884,61311035.0,60998708,61927699,203878.7182368451,1.223846108111814
522137,24,2490,44756733.0,44610047,45283730,181764.7746354123,54332545.0,54122655,54884191,158258.0284333854,1.2139524348213708
518759,23,919,64387478.0,64227650,67228958,550546.7222824114,73036507.0,72742196,74017713,423630.4326527493,1.134327811379722
510283,25,736,47572171.0,47448941,48502429,232895.68504260058,58157536.0,57971312,58676189,143711.38088607782,1.2225117075274954
504994,24,2842,43235700.0,43005515,43833527,223559.28057806555,52022374.0,51757694,55533528,691627.3975549013,1.2032272867098255
502568,24,2220,42793906.0,42643219,43201550,147326.54305198666,52111201.0,51864743,53141233,304831.6189928393,1.2177248087613222
513465,25,924,47956401.5,47853233,48471889,171196.03569092948,57979021.5,57741253,58516029,141444.726171435,1.2089944133944246
500659,25,1395,46734087.5,46624711,49678274,546841.4837548406,56613150.0,56370983,57073482,145147.48978261923,1.2113887962400036
534293,25,1803,49966385.5,49838298,50432150,169181.16549040953,60873812.0,60572481,61634874,225556.01180728924,1.218295287738994
540115,25,2836,50798532.0,50641163,51684036,209638.2915716947,61611841.0,61466484,64769789,580170.2680874182,1.212866564726713
521426,25,1877,48749825.5,48630539,49356543,211684.74147803694,59512474.0,59299813,60287117,204381.39150763102,1.2207730671774404
527623,25,2205,49578220.5,49385942,50598469,252981.0669241651,60318028.5,60089855,60872003,177953.58287780805,1.2166235070901747
515028,24,1452,43931683.5,43815934,46995926,576781.6402037978,53588662.5,53119901,54196933,268624.403037039,1.2198180955209694
521233,25,216,49410874.0,49236782,50160593,218804.14234389065,59451353.5,59055952,60044239,226355.4248902376,1.2032038433483285
506881,25,799,47748801.0,47516176,48840993,255088.05663696257,57354438.5,57138818,60625558,606003.5757291839,1.201170234620132
513853,23,3707,64260525.0,64068282,64931375,217112.62163586897,73074698.5,72968559,73740938,180377.8121223124,1.1371631106344058
541754,25,801,50988401.5,50893455,51587976,179472.61212885813,61979845.0,61755927,62670705,197866.28695853052,1.2155675247046134
506657,24,773,43575902.5,43470502,44049443,164347.4988998616,52685675.5,52402928,53264814,230709.18174402067,1.209055291511174
526727,24,1434,44898680.5,44789030,45575088,219247.122347962,55057456.5,54847851,55621807,197605.75197261394,1.2262600122513623
508735,24,3274,43519182.5,43345915,43992500,197719.79911404647,52425379.5,52151490,55272608,626316.6157020691,1.204649915011616
525970,24,592,45362651.5,45242665,46005158,179368.0775087796,54125244.0,53798560,54504484,167708.87749589566,1.193167555472369
526113,25,1433,49144729.0,49063270,49612211,157822.6612161046,60154305.5,59933724,60631156,150445.31709554436,1.2240235468589113
507205,24,1439,43211456.5,43093510,43861158,179404.37008978412,52274194.0,52096273,55468202,589621.1355904787,1.2097299705692632
845176,2,11277,13906755.0,13710418,16073375,688988.8478330392,13794223.0,13746041,15039912,486792.76681318117,0.9919081050899365
839759,7,7065,36655268.0,36298149,39349224,1137879.6805124192,36793277.0,36600710,39789325,1050039.617706357,1.0037650522702495
868542,4,14641,18730089.0,18165130,20269040,523764.4154915919,18460854.0,18235306,19257554,239207.71030657066,0.9856255354686249
938479,6,15349,29089626.5,28847030,31963121,981494.7150592537,28938234.0,28769437,31820049,1186561.886926164,0.9947956533577356
811137,3,7158,21607183.5,21467279,22752187,266564.03511968546,21539008.5,21324611,23788422,445337.65155635437,0.9968447993233361
945512,4,6668,20626844.0,19548036,21585233,542595.1231554856,20849883.5,19596253,21158485,578123.8512487028,1.0108130696096795
871412,2,4368,14405391.5,14226817,16156726,540650.1498134559,14303324.5,14140882,15433463,398239.29845876445,0.9929146667065591
937504,3,18624,24117956.0,23659427,25710518,447920.9374745714,24256482.0,24138749,24952763,177203.80128241857,1.0057436874003751
871223,5,1743,25893591.5,25671844,28398370,933803.8176572328,25758240.5,25543305,28555968,968579.6922298822,0.994772799285105
911638,7,2472,40018500.0,39650798,42898067,1169170.4481446645,40152224.5,39966213,43322026,1052049.1655512664,1.0033415670252508
970354,2,15233,16926656.5,16772627,18285027,272887.7387744638,16867389.0,16729682,19145032,415477.33122973016,0.9964985701694838
797951,3,9872,20850337.5,20727567,21441988,142444.166505196,20817820.5,20701010,21198948,103643.34409461882,0.998440456899079
822040,3,16126,21232153.5,21071354,21814266,165970.0947291275,21243905.0,21168633,21647753,128548.6875720592,1.000553476593884
846479,4,8626,18257666.5,17354641,19194658,592315.9657697871,18074270.5,17458673,18520890,271673.2423999341,0.9899551237832064
898428,4,1256,19650347.5,18914597,20222465,378860.5843166879,19129355.5,18471332,19554579,285697.4694206074,0.9734868810844185
842675,4,14820,17649419.0,17456429,18680977,357224.26383140456,17843406.5,17501293,18496093,238396.60645114759,1.0109911550062922
900832,4,11840,19046613.0,18839074,20068326,271112.5985369855,18935437.0,18827911,19557504,172641.22360918514,0.9941629517017015
875293,3,12481,22882992.5,22395094,23777915,314612.76344891917,22810026.0,22509047,23088060,165625.4151006488,0.9968113217709615
996225,4,7793,21888890.5,20907189,23957908,621037.0903940137,21349386.5,20722660,21730749,270546.9294317634,0.9753526109512037
919864,3,14656,23846573.5,23708902,24322776,153458.18887257206,23865349.5,23769153,24321463,140308.16967393595,1.0007873667887757
848316,7,18373,38736211.5,38603468,41196378,461719.14693626855,37185359.0,37038224,40249761,1048628.852275349,0.9599637538121145
835408,5,14622,25935602.0,25298605,27265875,465540.7015818023,25417515.0,25117809,26419083,384065.7507693471,0.9800240996912275
969280,5,7772,28771966.0,28526848,31611472,1120945.8769281395,28767249.0,28532232,31609320,1174378.4210533241,0.9998360556939349
995221,4,14744,21859967.0,21377904,24356264,557608.6527610321,21341941.5,20888354,22131711,356125.2914038806,0.9763025488556318
790445,5,19236,24044256.0,23640092,25085385,371623.7650272727,24038508.0,23621481,24991997,348459.41451064125,0.9997609408251185
772844,7,2855,33524083.5,33251915,36324937,1220710.8517713475,33778321.5,33519704,36540117,970029.5370194778,1.007583741998495
837108,2,2861,13938220.0,13777734,16172407,620055.7725500551,13741750.0,13609413,14844127,417331.39245408104,0.985904225934158
814034,6,9707,25124469.5,24850899,27850548,918137.3211028343,24833153.0,24633053,27751636,1217184.1564583255,0.9884050686124934
932932,7,19786,43576162.5,43457039,45543872,386227.7292999846,41096904.0,40918990,46132061,1335399.779224446,0.9431051667296312
790001,7,5105,34377328.0,34203529,37153936,1174499.5373544241,34571965.5,34416512,37459782,1011086.9173288296,1.005661798380607
788514,7,12530,34273628.5,34109293,37224451,1078042.4354462717,34484493.5,34322126,37305248,999402.4926162082,1.0061523978997438
790828,2,2472,13224371.0,13080565,15461614,605053.3962410893,12966001.0,12922359,14014266,435740.7225434524,0.9804625868406142
779182,5,4221,24567924.0,22953977,25673226,843105.2915517921,24299242.0,23231451,24863150,523545.42055167694,0.9890637076213684
823542,4,10998,17760348.5,16943038,18813449,447728.4376639731,17591552.0,16935978,18019074,303475.86351454526,0.9904958790645353
870018,7,11249,38227860.5,37918825,43525110,1413722.8236654769,38218534.0,38087729,41219546,1045509.7887841869,0.9997560287215131
816318,2,16244,13485341.5,13241122,15583247,626395.0097048418,13394673.0,13295869,14455097,448434.84605923895,0.9932765143544937
759110,6,11049,23412846.5,23145091,26126897,760739.7654715048,23087953.0,22925456,25944760,1101848.4092197707,0.9861232806527818
771916,6,5584,23513182.0,23276866,26333309,1152302.443295172,23500218.5,23239606,26347771,1159249.545480113,0.9994486709625264
979506,2,4948,17256767.5,16953522,18494268,278502.9118475764,17148828.5,16773797,17289375,159693.93428099682,0.9937451205737111
760260,5,18240,23402421.0,22845010,24375971,366449.6246916651,23240151.5,22890123,23792042,226997.88108502983,0.9930661233724494
771028,7,15557,33916694.5,33692539,37339092,897076.3311370016,33642717.0,33489292,36532154,988522.5528082784,0.991922045941122
916884,4,19032,19791771.5,19411713,21335737,470709.3268903102,19539755.5,19408754,20123135,153190.0142135214,0.9872666274466639
759563,7,3342,33015797.5,32769485,35731031,1153268.8096679784,33093878.5,32926292,36042834,1012115.1084490584,1.0023649587746593
785001,6,234,25941472.5,25701286,28660860,752041.0894762599,24047823.5,23751416,26840611,1129223.4016207994,0.9270030257534533
764730,7,9004,33495293.5,33317873,36385724,918532.8455667652,33323643.5,33208448,36216851,1012331.6295061994,0.9948753994348489
816812,5,2838,25902415.0,25761520,28890944,590123.5166405805,25481146.0,25236688,25769703,128682.47901468775,0.9837363041245382
945592,4,18308,20188989.0,19914033,21138711,298040.30926486925,20151537.0,19857163,20686312,191747.07413860466,0.9981449293969104
801445,7,10617,35163960.0,34844601,38091716,1038287.6598128633,35051635.5,34926337,37967514,970592.4929142457,0.996805692532923
760873,5,1252,24404821.0,24315211,25323446,229442.10832211876,23781729.0,23567535,24067485,144697.14735759882,0.9744684871894779
987719,3,16420,25722242.0,25477304,26534422,263423.17084927985,25623824.0,25490255,26414748,222685.29431658084,0.9961738171968058
779967,7,154,37339391.0,36953835,40129775,765729.033662184,34140148.0,33940608,37384714,1106099.1474787043,0.9143198934337199
791965,7,7906,34549138.5,34378856,37381123,1074864.3722486568,34656863.5,34502807,37462540,980787.7080702271,1.0031180227547498
785665,7,13183,34215724.5,33975192,37008707,981328.7821168578,34299195.0,34171319,37147706,994443.7085254969,1.0024395362430512
949780,4,15451,20547095.5,20238037,22251125,446468.9963373853,20084236.0,19536184,21180573,515164.7622781462,0.9774732394658895
783237,7,2636,34191343.5,33837123,36844703,1144613.0326118805,34173258.5,34067734,37098032,1012955.3155402178,0.9994710649495244
812709,7,4259,35339652.5,35222164,38369931,1214665.643360782,35675711.5,35425567,38494183,978801.6201074143,1.0095094030706726
816361,7,5911,35524876.0,35351673,38473649,1175104.3999932639,35749309.5,35549156,38808824,1046056.8752578783,1.006317643445117
819203,7,2897,35752023.0,35553670,38517653,1186193.7353115245,35882746.5,35718935,38827589,993375.4440733406,1.0036563944926977
808193,7,5414,35137717.0,35019999,38057346,1195299.3753142483,35376834.0,35198131,38291866,1076625.067040231,1.0068051376246214
827817,7,5059,36128744.0,35910990,38780068,1138500.315395908,36227595.5,36104603,39161827,983960.6237453272,1.002736090133662
809317,6,5017,24699652.5,24502334,27737917,1306800.5159119654,24724240.0,24509272,27615175,1207313.218517699,1.0009954593490737
824144,6,7269,25185534.5,24992215,28146476,1184888.0444714993,25233306.0,24978342,28090322,1204819.4611076838,1.0018967832507188
812904,7,6711,35299301.0,35170288,38136748,1193669.5222068722,35586536.5,35417120,38982196,1026353.9275607833,1.0081371441321174
848316,7,2961,37017270.5,36796992,40318290,1281279.3081854163,37224521.0,37060003,40274964,1070942.1731420946,1.005598751534098
811351,6,2694,24864979.5,24649043,28020885,1327235.2180484745,24727544.0,24582885,27633765,1217870.4847711772,0.9944727281999167
819013,7,6495,35580960.5,35399600,38786943,1226541.6813587802,35917070.5,35750282,38782885,982044.7374823167,1.009446344204227
790485,7,1278,34535821.5,34315718,37405296,1131561.8810022424,34520932.5,34339977,37456451,1060051.5215858796,0.9995688824138728
825758,6,3199,25263648.0,25107158,28652377,1282415.8202456457,25249326.5,25030266,28247359,1296181.558053921,0.9994331182891718
846966,7,9993,37336262.5,37176000,40565009,1089903.691612237,37313570.0,37076163,40207048,974460.7268410427,0.9993922128654414
829952,7,1733,36285067.5,36067305,39104955,1178949.6769528002,36340835.5,36174092,39411548,1040423.9428853889,1.0015369407814936
857749,7,5459,37490624.0,37252639,40426547,1168413.5941634923,37672409.5,37530304,40723051,1059773.2609200873,1.0048488256690526
818616,7,7313,35650589.0,35481353,38988358,1156856.268634306,36006873.0,35736859,40778051,1195671.9077827886,1.0099937759794095
779445,6,7461,23724627.0,23597771,26647431,1126530.333209733,23712378.0,23564832,26556445,1150972.903282747,0.9994837010503895
799622,6,7178,24397711.5,24177362,27316455,1163116.7599676198,24389195.0,24216166,27273088,1191812.7488015315,0.9996509303751706
839971,6,4486,25725360.5,25544013,28622775,1248523.5022352603,25761804.5,25527168,28632883,1169539.0334271856,1.0014166565323739
831323,6,8868,25519946.0,25337890,28300138,1096438.2831679333,25402482.0,25248838,28297063,1194783.9211674633,0.9953971689438528
813154,7,1209,35670587.5,35380090,38494630,1117655.4216815287,35592770.0,35425114,40297911,1285766.635931567,0.9978184407531836
828192,7,7039,36082140.5,35916104,38893065,1161525.5599054086,36353793.5,36136781,39337608,1007285.2702110014,1.0075287384904452
829464,7,6270,36260632.5,35980700,39057890,1123979.6422434764,36359110.5,36193109,39380401,1048496.9947556725,1.0027158378994079
773298,7,4959,33524447.5,33311539,36916416,1235956.3086972665,33761859.0,33566401,36590260,1001406.8541119783,1.007081742361302
852754,7,1725,37294343.5,37089526,40263194,1194153.0204856351,37422514.5,37255477,42869043,1352932.1365183864,1.003436741016771
841213,6,7197,25880536.5,25627883,28751744,1157156.9923522507,25747352.0,25585658,28677208,1207434.1192224869,0.9948538740686461
797264,7,3555,34634349.5,34424220,37493718,1188019.0637745585,34894288.0,34726988,37743855,983892.7045936829,1.0075052225248233
800191,7,3924,34745907.5,34591617,37677163,1255159.745722036,34960487.5,34829893,37901133,1041626.6805870737,1.006175691338613
861146,7,9171,38237607.0,37895268,41183563,950575.2909069102,37875954.5,37687138,40848230,1091812.6048492067,0.9905419682774604
822417,6,4512,25122734.0,24989570,28221088,1288007.2100415416,25114683.5,24941835,28045362,1236163.1940349431,0.9996795531887572
837102,7,3872,36413691.5,36281827,39515056,1245232.211432677,36740758.5,36555864,39655956,1002453.0741713083,1.0089819786604168
848179,7,4078,36909408.5,36807088,39781308,1232498.6631884675,37250094.5,37101004,40616795,1058572.3778180247,1.0092303294429656
842875,6,5543,25834875.0,25671488,28752451,1238969.0163134814,25967587.0,25618826,28725914,1161747.587863032,1.0051369321508232
911707,4,6431,20117924.0,19979089,21593244,386800.85236630344,19822654.5,19719066,20292951,100268.96547444555,0.9853230631550254
811992,7,7711,35361081.5,35163744,38272633,1122720.9888629182,35550497.5,35427413,38508121,1033474.1097863441,1.0053566234958058
848847,7,4278,37058944.5,36829026,39766550,1184808.32271294,37269524.5,37095473,40262270,1067659.4644144946,1.0056822989116703
961944,4,6891,21634783.5,21099976,22361882,401026.28948773287,21088413.0,20973997,21456181,149723.31110396047,0.9747457375757885
829625,6,6207,25408415.0,25163821,28329850,1180699.240580391,25416178.0,25201716,28240958,1155095.005879903,1.0003055286998421
828352,7,3625,36090269.0,35947043,41572874,1425025.035535713,36274075.0,36158407,39230838,1031908.8573169742,1.005092951787087
873272,7,2887,38156745.0,37958137,40961801,1230690.7462390217,38355453.0,38208975,41392442,1046536.4640571616,1.0052076769126925
848568,7,7378,36983258.5,36884724,40184385,1181148.1836047217,37355909.5,37073473,40308296,986009.70949079,1.0100762078603756
876368,7,4082,38172775.5,38080788,41093235,1247435.0731852588,38518342.5,38345419,42100515,1079065.948226165,1.0090527082580096
870903,7,4252,37976125.5,37853446,40769906,1206426.8510856093,38229390.5,38081386,41320171,1079425.4198054855,1.0066690584325144
825626,7,9603,36539391.5,36266628,39514169,923662.6721319474,36266244.5,36063245,39064255,949857.2557673595,0.9925245881557716
848056,7,6310,36956189.0,36799010,39864578,1197321.9318244287,37294905.5,37083709,40239012,996998.5329981495,1.009165352520521
808062,6,6505,24732186.0,24522937,27612614,1165257.569688793,24649663.5,24520569,27536669,1188485.8736535176,0.9966633560009617
868255,4,7044,19170728.5,19038112,22339630,607657.672336288,19047757.5,18754369,19272723,120358.90594709734,0.9935854811151282
868139,7,6547,37831028.5,37640614,40788130,1206793.5626472072,38166878.0,37989946,41219819,1031105.7800948649,1.0088776201260297
860772,7,7234,37551011.5,37397579,40422423,1156575.1765483436,37797922.0,37673695,41010976,1077143.742879983,1.0065753355272467
795598,6,5347,24318246.0,24167794,27128646,1201725.2730431275,24262335.0,24097567,27147273,1168541.6179636247,0.9977008621427713
859293,6,6833,26469354.5,26205995,29266563,1136342.4502718048,26390759.5,26193224,29536137,1255415.2104067,0.9970307171638809
893554,7,6488,39088054.5,38834404,41930834,1172711.5848496524,39324685.5,39169028,42437887,1089191.800390985,1.0060537932375222
850946,6,4590,26078659.0,25910615,29265952,1321052.2062126335,26045189.5,25845021,29126780,1266930.336781953,0.9987165942850053
836703,7,8373,36694564.0,36553761,40173734,1029280.8080982269,36750750.5,36578854,39633381,980199.2510799271,1.001531194102756
839984,7,4765,36540977.5,36404389,39478653,1257384.871010614,36878107.0,36727011,40421071,1102255.2477439556,1.0092260668177253
849402,7,7114,37086942.5,36863623,40007414,1146291.722358311,37310446.0,37141229,40267082,1022505.1877784184,1.006026474142483
860495,7,3158,37602913.0,37358801,40436396,1234815.9573706705,37807594.0,37626966,40784982,1004279.9256591406,1.0054432219120897
836004,7,4666,36377588.5,36155925,39356657,1255018.7445060979,36720363.0,36530781,39570590,986347.7005826477,1.0094226834194906
846201,7,5970,36897850.0,36703638,39870894,1159667.0507246102,37087553.5,36979035,42741044,1309076.8640141375,1.0051413158219247
838924,7,4665,36576326.0,36360177,39296107,1218947.7481367663,36830696.0,36671691,39789815,1015617.2506311011,1.006954498382369
823328,7,899,36139094.5,36012707,39100303,1135821.531250049,36074574.5,35919363,38984234,993190.2695815703,0.9982146757993619
878202,7,5813,38356123.0,38170530,41348837,1180141.3276234244,38572170.5,38479369,41560613,1049953.64082109,1.0056326730415377
816464,6,8019,25016632.0,24775103,27831199,1172055.7570155577,24999940.5,24790833,30728572,1441207.3088942016,0.9993327838855366
812571,7,4327,35351518.5,35202269,38212154,1196183.2653438004,35527704.0,35424687,38493258,1000325.3966925207,1.0049838170317917
796404,7,6072,34521422.5,34378342,37485527,1218952.1245125695,34830357.0,34695019,38177571,1032508.4099776278,1.0089490663369969
817732,7,8676,36020739.0,35767470,38866994,924690.7253169746,35857407.0,35650676,38728455,1005835.3290537003,0.995465612185247
799633,7,5892,34746017.0,34617050,37676819,1172110.686984612,35019205.5,34845435,39780979,1215054.446977018,1.0078624407511227
858819,7,4236,37455522.0,37335770,40337225,1217096.6819858956,37659921.0,37533544,40743223,1098968.3224723309,1.0054571125720795
793996,6,3834,24303071.5,24007147,27126150,1199106.5232008137,24214648.0,23990646,27459464,1200319.0973412748,0.9963616327261351
812098,7,3561,35319094.0,35123570,38171590,1227531.952352934,35667753.0,35378907,38487669,989114.543662509,1.009871685836562
840374,7,3435,36520684.0,36406665,39565036,1300048.8358199114,36886047.0,36673609,40412028,1124072.0953926202,1.0100042759330576
957371,4,7970,21199077.0,20991654,22637830,413359.0971256093,21147142.5,20874937,21445417,125873.16285692339,0.9975501527731608
807661,7,2523,35132434.0,34931327,38289452,1284173.1995287188,35353206.5,35214844,38281610,984577.9978022508,1.0062840081048754
836192,7,2660,36432547.0,36265432,39313687,1252924.1963762413,36627758.0,36479349,39643921,1050291.5345251954,1.0053581485807181
871474,7,1526,38250373.5,37924403,41086517,1132946.987298773,38274054.0,38144837,41406437,1048032.7661907062,1.0006190919939644
821902,6,5604,25117508.0,24930391,30871768,1539942.6986304282,25126696.5,24945617,28047261,1232319.7852332469,1.000365820526463
862884,6,3497,26538885.0,26288564,29601970,1311388.3290626924,26435233.0,26247324,29400352,1238820.6249889273,0.9960943347846001
843860,7,3532,36715980.0,36562991,39884242,1285014.3912768106,37127615.0,36864180,40014420,996581.4579633547,1.0112113308701007
829767,5,4563,26240844.5,26077172,27134357,358200.10179277667,25858290.5,25635357,26088341,128455.18673350208,0.9854214295580311
991470,4,6010,21597376.0,21507241,22156872,115648.62809927991,21303059.0,21160372,21941501,138997.23881582043,0.986372557481057
929119,4,5646,20058716.5,19899402,23098847,562252.3712357844,19856300.0,19737459,20068186,80165.22045612354,0.9899088009943209
830178,6,2080,25487954.0,25314971,28350681,1167691.7246255064,25374255.0,25198872,28306153,1175246.1263316132,0.9955391083960682
858063,7,15774,38171430.0,37943191,41108480,669924.7549907742,37646391.0,37501631,40702456,1043141.5444024651,0.9862452362932173
811902,7,3355,35375955.5,35111822,38123605,1236398.2396775007,35509666.0,35355828,38470811,1000038.2448185721,1.0037797000281732
805575,6,4217,24595376.5,24419038,27537987,1296987.7617486452,24566081.0,24413279,27477798,1195594.584232169,0.998808902152809
973496,4,5973,22070324.5,21395008,25150952,688628.5928894078,21545971.5,21437028,22110885,122946.42150339308,0.9762417176965387
800940,7,7216,34833393.5,34532320,37566209,1106047.4372192463,35047624.5,34890864,37883433,965371.3331262288,1.0061501616257973
847508,7,4984,36854437.5,36754019,39875919,1233969.5596383337,37236657.5,37035408,40165659,994047.658252809,1.0103710713262142
889300,7,4246,38802150.5,38685259,41682520,1218510.1190286148,39133054.0,38982631,42331045,1084144.4177165513,1.008527968056822
782192,7,6570,33975995.5,33838455,39037896,1326661.5822718067,34129624.5,33988596,36997048,976733.2753077793,1.0045216923813167
821559,7,7737,35828220.0,35707559,38759358,1127462.8809780446,36025412.5,35874559,38998240,992110.842737132,1.0055038318956397
913093,7,5042,39853222.0,39729936,42732403,1199754.46214078,40279132.0,40097839,43820655,1062228.47361162,1.010686965284764
846092,7,807,37415601.5,37119567,40259929,1099521.462750127,37141895.0,36928496,40228146,1063843.2550223866,0.9926846959817016
940684,7,5314,41327852.5,40969602,44212607,1253301.4963100392,41514112.0,41409989,44647248,1065347.7139788806,1.0045068758411775
937712,7,4387,41025037.5,40844731,43866209,1201051.5971201996,41273305.5,41174321,44489267,1118557.929547705,1.006051621525026
931814,7,6881,40880439.0,40568717,43687128,1154444.808215178,41034085.5,40895081,44149438,1092596.6371690806,1.0037584356665055
873841,7,5067,38230116.0,37987725,41506317,1273439.6006740613,38338858.0,38218503,41477750,1075616.9889938023,1.0028444067499036
921862,7,3575,40366813.5,40116409,43238173,1204119.8652788154,40619052.5,40449344,43794628,1064283.1923400024,1.0062486725636641
836884,7,11817,36589836.5,36356502,39815132,1142674.0134728565,36706874.5,36540606,39651625,990101.3663366826,1.003198647799369
916686,7,5043,40008907.5,39893058,43025190,1265177.3611443506,40429494.0,40236166,43482444,1037754.6339894015,1.0105123215373977
837250,7,6030,36477097.5,36312818,39398612,1205411.097730535,36664694.0,36544669,39670948,1027428.8921276304,1.0051428571036936
961886,7,5150,42238172.5,41957238,45048489,1178428.0587762236,42476033.0,42320100,45675888,1076487.8426524326,1.0056314107813258
793231,7,2445,34581516.0,34374914,37338465,1213791.5923234017,34679319.0,34490541,37506982,988483.4507726784,1.0028281871737492
952288,7,6276,41664721.5,41464675,45027263,1247672.9375426273,42034538.0,41896487,47768877,1340356.022597408,1.008876010367668
922418,7,5787,40359289.0,40207640,43869327,1202340.8750406387,40658868.0,40481620,43768791,1045627.8879891174,1.0074228017247777
866781,6,4387,26650411.0,26472574,29711120,1301476.6423658065,26588650.5,26449094,29554311,1258729.8500695713,0.9976825685727698
809083,5,4553,25566570.5,25438288,26438252,275997.95729200606,25219516.0,24943077,25766463,170816.7854359655,0.9864254574151821
981594,4,7486,21369411.5,21096703,21573214,115596.00886245549,21056572.0,20896450,21290427,94000.11941520193,0.9853604063920993
938441,4,7688,20268125.0,20098480,20658556,142455.7083650291,20172964.5,19965502,22344920,420811.87700671214,0.9953049184372013
945524,7,3250,41344806.5,41136919,44536618,1303327.119740466,41811184.5,41602309,44808213,1031338.8509763441,1.0112802075878624
998672,7,3593,43746673.0,43600821,47002816,1232925.0898357418,44281500.5,43986649,47296977,1032859.1597012101,1.01222555827274
972936,7,4049,42711524.5,42479057,45563663,1211977.159881984,42958665.0,42788844,46184974,1118231.2042603022,1.005786272039997
819780,7,4678,35825023.0,35602990,38501686,1152782.4677015508,35932012.5,35718943,38793878,976325.792006266,1.0029864460938378
948686,7,3987,41430248.5,41310925,44661713,1284785.9068864977,41959670.0,41700621,44915208,1004740.9671553625,1.01277862236332
950770,7,3156,41580484.0,41475703,44555774,1164859.2215739684,41966165.5,41806226,45011278,1004847.9372174876,1.0092755413813845
947652,7,3615,41484340.5,41287605,44649882,1261340.1770777868,41860071.0,41705638,44928327,1092361.3259711727,1.0090571645944328
790929,7,6995,34337239.5,34209573,37393775,1164895.7730659551,34615066.5,34447521,37490435,975751.1195680683,1.0080911280011313
935780,7,1930,41025792.5,40895792,43973276,1177163.2177175398,41241802.5,41111621,44307767,1022456.2620632885,1.0052652243098046
996868,7,3825,43583204.0,43455645,46585363,1309752.4027412697,44134107.0,43886181,47185295,1043924.1516220334,1.0126402593072321
958483,7,3151,41985205.0,41820529,44872951,1277938.5823226038,42479474.5,42190953,45361136,1015731.6036677104,1.011772468420721
997506,7,3113,43665377.0,43532097,46757901,1228910.4903655269,44055236.5,43917726,47222162,1039777.2704378162,1.008928343845514
987900,7,3533,43302930.5,43041396,46163145,1200078.1853273583,43669138.0,43543420,46722781,1063532.6149670489,1.0084568756841987
985076,7,4748,43235952.0,42973042,46005366,1192313.1471860458,43493453.0,43340253,46674995,1083798.640421696,1.0059557148180756
956160,7,4237,41949270.5,41722420,44733943,1220457.1200221751,42189666.5,42038366,45319503,1081610.0212723115,1.0057306360071268
988246,7,1285,43474584.5,43296782,46552133,1100663.2662813617,43707873.0,43499980,46805899,1049676.3437170505,1.0053660892377245
931837,4,7010,20504670.0,20365182,21624045,308374.7338042827,20241876.0,20156654,20772089,108505.33957943678,0.9871837001034398
946287,7,2718,41643232.5,41264976,44357418,1226112.5112800412,41691322.0,41568472,44845818,1073962.3423962852,1.0011547974811994
967294,7,3118,42502359.0,42181751,45198872,1164126.4893951654,42718552.0,42575478,45860452,1061486.1350822593,1.005086611780772
908302,7,3627,39736539.0,39496846,42481008,1218368.8672864083,39936239.0,39793050,43264900,1098948.1637084521,1.0050256012482617
940257,6,3792,29137443.5,28943990,31985343,1234171.4675404532,29115223.0,28928068,34660390,1434547.5956223896,0.9992373901986288
999391,7,4382,43746203.0,43622965,46683272,1210159.6143302585,44138301.5,43999749,47345078,1044759.7629006073,1.0089630293170815
968111,7,1516,42529354.0,42365865,45487243,1151287.533031372,42943934.5,42632021,45857419,978018.7671490745,1.0097481024517796
910493,4,7843,20088294.0,19897702,21329462,354021.13732560753,19928599.0,19666895,20493503,157087.9940985271,0.9920503453404256
969706,7,6235,42630354.5,42287741,45546896,1201629.5694388833,42825829.0,42689054,46054596,1161931.5601834583,1.0045853360191974
811255,4,4486,18138092.0,17967035,19220874,349250.21770185855,17756607.5,17649857,18141211,97575.85460023169,0.9789677712517942
953807,7,1661,41872769.5,41671314,44827982,1174296.2450109029,42220392.0,41968924,45219222,1024329.0395969431,1.0083018750407708
972346,7,1450,42632528.5,42535725,45678072,1177654.9108841217,43127427.5,42845187,46071371,997851.1068755141,1.011608483414255
992514,7,2391,43623040.0,43355023,46551409,1257854.539682914,43888686.5,43745971,46968297,1031116.6827598751,1.006089591646983
963541,7,1111,42547828.0,42246462,45432259,1085805.0867390928,42558996.5,42415331,45599328,1047508.0234995333,1.000262492835122
949335,4,6956,21479473.5,21009695,22267119,368192.81203459,20803847.5,20638601,21272302,153893.63387320118,0.9685455046186304
973833,7,292,44216916.5,44000167,47389062,1148334.1907971138,43067134.5,42860923,46162736,986886.7682330712,0.9739967846921211
929905,7,2707,40712221.0,40570979,45245976,1302267.929628044,41015714.5,40854174,44080300,1021186.1577838695,1.0074546043557782
979413,7,2402,42913486.0,42749061,46130097,1213969.4464465387,43257424.0,43108805,46505704,1070240.4640654265,1.0080146833095778
943528,7,1359,41571325.0,41193450,44363972,1117657.6824627917,41610698.0,41451759,44700650,1056616.0867551006,1.0009471191981492
968273,13,16507,72579805.0,72323369,75544389,557793.7977336189,64093657.5,63939314,64835730,239511.9076378018,0.8830783921229879
804007,9,17384,37955672.0,37832912,40328949,431857.85571860586,33694247.0,33434108,36547261,1126423.9403527016,0.887726266577496
939745,11,18473,63441131.5,63328307,64257701,202731.97585372554,55301242.5,55149714,55815310,193653.64382004854,0.8716938237458769
889562,11,2027,52080922.5,51972632,52595777,201933.68352451475,52267832.5,52124413,52776747,182403.91122916987,1.003588838120139
794974,13,18808,60233565.5,59926450,60780982,191746.40176373292,52360898.0,52171171,52820632,199530.53331791935,0.8692976675936609
979899,11,16385,66060474.0,65860644,69004652,543933.2297912677,57691297.5,57547857,58405468,202262.11612590452,0.8733103777002872
863372,7,9703,38332706.5,37968859,41455901,1041528.9575994323,37924751.0,37770578,40996663,1068395.7067812656,0.989357508580825
786499,7,17940,35442101.5,35273431,38015182,481998.86450231046,34422799.0,34190271,37342074,997927.0788479687,0.9712403481492202
926644,9,6974,39047492.5,38839719,41995713,1195792.034970188,39117535.0,38807655,42069765,1126733.6374525535,1.0017937771548326
760290,9,988,31693599.5,31438474,34579368,1150444.2135731848,31599479.5,31399932,34646229,1176793.954951656,0.9970303152218478
979623,7,5154,42807543.0,42699305,46229960,1290796.4425913265,43282957.0,43112779,46401262,1043696.2848755699,1.01110584646262
873207,8,17563,29616216.0,29474478,31277100,321741.88255212177,26464566.5,26308281,29407270,1066699.408679357,0.8935836536308353
926551,7,10303,41044133.5,40821706,44302699,1217333.0603815848,40826226.5,40649400,43897384,1079716.80286995,0.9946909099688998
750334,10,2601,32702887.0,32493190,35681305,1246225.1262929756,32754930.0,32538071,35637973,1083548.3348460183,1.0015913885523318
924025,13,10517,65919905.5,65785085,66562001,169787.06807791145,61061757.0,60865225,61664247,224200.52696710793,0.9263022532700688
990079,8,1130,30472604.0,30122866,33169790,1064842.5276636896,30214148.5,29963551,32807720,1015759.3846415181,0.9915184307845828
976749,7,19742,45782091.0,45690369,48715755,618337.9389533058,43304740.5,42990175,46278342,1018786.6029758712,0.9458882186049562
773509,7,11683,33653747.5,33470283,36640126,1086775.5070748108,33745887.0,33579017,36621340,1040505.8081821665,1.0027378674544343
870228,10,5514,38099036.5,37952050,38553763,183083.39195830954,38114452.0,37984063,38695910,180973.257842392,1.0004046165314444
844930,9,436,35037234.5,34822688,38173614,1099797.1612725363,35540530.0,35150911,40473175,1354049.6105051236,1.014364589762357
810542,13,8751,53910117.5,53799707,54996952,234103.3289009625,53397111.5,53124102,54044610,235708.73559016056,0.9904840496776881
892936,13,15236,66629882.5,66377625,67291133,190313.31884033585,58989746.5,58830088,59539713,208252.0321055876,0.8853346919829853
940188,10,15031,46752644.5,46635488,49737387,548657.9091166573,41359224.0,41226297,41821751,160712.30912263342,0.884639242171638
867788,11,12709,55885261.5,55780113,56465096,151152.72131684856,50908287.5,50788414,51506819,201447.89039384082,0.9109429952296099
758725,7,7910,33010615.5,32888798,35781285,1014716.4512438498,33066758.0,32890576,35879712,987034.7171013372,1.0017007407814011
764351,10,18410,38473591.5,38319266,40295204,352180.27219249355,33379739.0,33154612,36262802,1044981.8247640482,0.8676013259640707
839177,13,5110,54846822.0,54692420,55313368,178537.46019125322,55360714.0,55118131,55823033,185624.46133339277,1.0093695857163794
925672,11,7212,54327364.5,54167570,54874765,206054.57620413738,54363523.5,54201720,54975778,204953.243471505,1.0006655761849077
887083,8,13251,27164648.5,26909843,30016959,648041.4712044636,27013228.5,26717890,29852028,1094448.9113203634,0.994425843573864
857200,10,17355,43506584.0,43348776,44081959,145126.78772140355,37563258.0,37373927,38012069,165854.74134911617,0.8633924925018246
924932,10,1481,40723902.5,40602664,41318128,203339.4847165039,40680827.0,40522264,41164772,202653.16336702523,0.998942255104358
874621,10,1095,38426658.5,38261245,38940734,196648.6332877218,38364266.0,38188084,38838433,173978.109120838,0.9983763225209915
825305,12,10745,44617493.5,44512324,46105030,390430.6956573927,41398379.5,41127295,42046378,239122.46752001834,0.9278508551808272
770177,10,11803,34711488.5,34599691,37620412,553049.9669624638,33597652.5,33396683,36605496,1085821.2833265115,0.9679116036755382
985821,13,7147,64925414.5,64721508,65431480,215782.1130363502,65329170.0,65099173,65958325,208243.76408533021,1.0062187589114275
768864,11,9183,45247540.5,45080827,48420275,596726.1172714889,44853629.5,44693870,45684840,224993.5929547921,0.9912943113449448
851262,7,12637,37357361.0,36946690,40117536,1066610.0135485784,37275020.5,37123233,40344946,1075617.6823906186,0.997795869467332
775645,8,4414,23128157.0,23031688,26264534,1266779.6952903764,23281499.0,23159843,26022891,1129544.6079429807,1.006630100271284
950515,13,1290,62164582.5,61979733,62601825,165898.06835832124,62951540.5,62705788,66778922,707957.2808983675,1.012659266230896
832353,10,5389,36426021.0,36275086,39327798,1179753.9097762362,36403107.0,36251392,39287564,1081616.2957474794,0.9993709441939871
975894,7,4443,42795621.5,42512415,45593328,1225126.2701279775,43058153.0,42930394,46395644,1121392.8086946602,1.0061345411235587
961996,13,1431,62990934.0,62858146,63644097,207711.99271374673,63746177.5,63427190,65903381,549796.3007525201,1.0119897174409258
962572,13,4574,63230175.5,63053553,64033775,221134.8984830451,63724021.5,63477173,64454140,224717.01189047378,1.007810289882874
977923,12,1702,48670703.5,48527653,49676104,239494.3787350551,49428768.5,49269015,52683358,613524.308039714,1.0155753861252488
956999,13,1815,62711667.5,62561762,63465819,227906.0577174922,63383005.0,63262403,64360084,276111.49349839136,1.0107051450991955
979988,12,567,49650791.0,49490226,50522969,229636.8233162869,49569269.0,49302075,50194653,242514.53249465048,0.9983580926233381
917624,12,2048,45873315.5,45676602,48882434,558807.1877176082,46296106.0,46056200,46989339,207002.94052366877,1.0092164801124959
991786,12,5518,49784274.0,49621289,50281793,165513.36334885136,50176389.5,50009907,51166895,225629.68008369874,1.007876292421177
833969,13,1841,54436957.0,54247149,55225443,223958.78357834803,54920306.5,54827170,55663229,212800.87499451742,1.0088790690486245
972676,11,3613,57082179.5,56960681,60652422,654999.1344050608,57315116.0,57133740,57909958,190686.35345123385,1.004080721900256
941856,13,3675,61510321.0,61320889,62100633,190758.55980096644,62270696.0,62066155,62842512,219082.98630521266,1.0123617465758308
955472,12,410,45632903.0,45506375,48571525,553627.2721739179,48239006.5,47955607,48779998,216559.08381937916,1.0571101842896122
943054,12,4165,47094816.0,46922573,47954143,220106.35369229273,47625257.5,47467484,48137787,187336.80147983026,1.0112632672776554
983720,13,351,65854349.0,65688003,66557821,226987.72090327315,65173953.5,64853192,68210896,591101.64879366,0.9896681766605877
913892,13,287,60316834.0,60165983,60965065,221523.88558809838,60427248.0,60262426,61143922,240937.98603749796,1.0018305669027654
939219,12,669,47681593.0,47560396,48321371,205048.7498090691,47448092.5,47319209,48045295,187256.64438153384,0.9951029215823389
958031,12,1886,47973036.0,47812441,48652140,186377.7440723513,48394731.5,48182694,49935240,381001.5973594978,1.0087902608456967
994265,13,4336,65237882.5,65070032,65702356,186745.8685148944,65891361.0,65749806,66419262,207813.75713317332,1.0100168563870846
912203,13,2724,59732350.5,59461416,60339869,216654.39706757755,60319993.0,60083109,60832347,192702.34062182248,1.0098379269370958
960015,13,236,61966588.5,61790527,62723111,239187.5092244135,63504746.5,63368320,64387210,250412.64953814843,1.024822376658673
959063,11,978,56153218.5,55993220,56701591,207153.90114465353,56428458.5,56293293,57020646,201336.6529835594,1.0049015890335833
950656,13,404,60305194.0,60054107,63156402,534237.1320827734,62931867.5,62744990,63631138,239688.1650826734,1.0435563394423373
978074,12,2239,48944849.5,48813062,49473589,184156.81958423066,49388494.0,49227473,49926273,186707.77371326977,1.0090641712975337
790538,13,2243,51507804.0,51335721,52228239,193570.1154534076,51974958.0,51825323,55156666,601443.7194609141,1.0090695771071894
965990,13,7236,63708766.0,63449696,64193996,212320.11574140957,63916962.5,63711575,64573605,222543.564398187,1.003267941180967
935489,11,586,54690527.0,54541143,55188242,179284.5334327036,55082356.0,54820735,55652573,196559.37302673262,1.0071644765829373
933241,13,255,60993228.0,60795359,64036552,582483.9148097138,61697181.5,61522483,62406300,227721.81188727226,1.01154150260747
976832,9,2003,41169689.0,41001458,41931380,245439.0870377799,41103516.0,40971985,41794731,187143.27065617402,0.998392676709314
993954,12,780,50510594.5,50378899,50997485,180997.2376232546,50213720.5,50046683,53374924,609663.0319523701,0.9941225399752521
954595,12,5996,47752482.5,47587474,48278109,179645.66770891586,48203874.0,47970661,48762326,211702.85370214598,1.0094527336877197
987754,13,1873,64862204.5,64653513,65485591,193292.17194714726,65382392.5,65187489,66464179,279014.75517259334,1.0080198939275953
969335,13,838,63799656.0,63594084,67316448,652189.7108865556,64303141.5,63991298,64833525,229895.83241107024,1.0078916648077225
915510,12,455,44202288.0,44065158,44605234,165341.786439753,46184634.5,45954966,46779763,246940.51460257027,1.0448471468264267
962787,12,313,49513405.5,49369025,49961626,193380.16071988584,48635826.0,48418818,51515036,570312.7018327956,0.9822759212149121
958077,11,2402,56212222.0,56090606,56994061,209892.8379604671,56407054.0,56233922,57469023,257394.37120970618,1.0034660078016486
889518,12,800,44917281.0,44792794,45598059,176610.50976396873,44777165.0,44600188,45391636,210199.511339608,0.9968805769877299
913917,12,320,47065670.0,46946618,47917302,220849.59412953927,46163683.0,45962912,49565932,630795.926513379,0.9808355644358191
864625,12,133,43355198.5,43229696,44049367,208147.88696929457,43445873.0,43280572,44459045,242660.96896570188,1.0020914331645834
976862,13,4424,64007306.0,63849226,64605487,210300.63803193753,64724588.5,64530329,65360970,231081.46539142617,1.011206259797905
988034,11,2589,58027195.0,57843610,61080582,573576.9357124437,58297601.5,58048237,58946246,209768.97996293177,1.0046599960587446
977424,13,2884,63877541.0,63702405,64445991,202181.32241674108,64753988.5,64537910,65391444,245771.9562824426,1.0137207457625834
825612,11,1511,48396954.5,48194967,49446888,250333.3205556344,48297237.5,48166532,48865790,183198.10414204618,0.9979396017573792
999547,13,783,66359153.0,66179760,66951129,221073.10923664045,66237085.0,65998795,67230563,254697.56039773262,0.9981604949056538
976042,13,2288,64036878.5,63864283,64789778,221691.9080346617,64643168.5,64450846,67742902,599191.5535153281,1.0094678256373786
987334,13,3154,64701661.5,64514446,65167923,174035.1742047056,65495122.5,65244310,66130264,240136.95975666333,1.0122633790478472
943934,13,4485,61878919.5,61697298,62509818,194448.46445558095,62448606.0,62190053,65318261,551733.0395518198,1.0092064713573417
880805,12,2153,43706743.5,43555367,44654616,218105.93458224734,44404911.5,44146604,44898001,202789.93576016044,1.0159739194479223
876665,12,1932,43815067.5,43675156,44399192,197901.53657252272,44122090.5,43884943,44653910,180802.79513343322,1.007007246993286
942068,12,1911,47172735.0,46988490,47699200,201578.2247153833,47490979.5,47309666,50699879,601310.079048014,1.0067463652467892
911619,11,1784,53344070.0,53225962,54020352,194313.77735270513,53570782.0,53356148,54235881,234058.50847361507,1.0042499944229977
924490,13,1699,60313798.0,60141282,61261434,240379.46703808173,61069125.5,60871109,61694690,228396.64422481248,1.0125232952499525
933818,13,1949,61344217.5,61140195,64259376,558094.2434412957,61845677.0,61637357,62343345,203051.95312335706,1.0081745194646912
973905,11,313,57937110.5,57816089,58675529,216973.7361577023,57406117.0,57184751,57866712,178582.7093179205,0.9908350020320741
860456,13,1318,56022266.5,55872425,56509968,208346.81791032152,56730018.0,56547576,59917992,611543.1923745852,1.0126333964014111
863471,13,951,56161653.0,55993487,57093366,240255.82756726677,57001106.5,56829685,57677469,226856.5506148985,1.0149470938827245
859961,13,2317,56267186.5,56092955,56912725,208223.7686542613,56775322.5,56505147,57420812,230845.09534586174,1.009030769647599
882430,13,1204,57887326.0,57684028,60749723,538407.1378764804,58276994.5,58083527,59128728,251036.53767844677,1.0067314993959127
966172,12,1258,48250943.5,48102575,49082632,214036.78821175938,48785126.0,48588864,49397348,229930.68565917618,1.0110709234110624
872547,13,3304,56827494.5,56650150,57297666,184371.3761070905,57586557.0,57421449,58266920,231352.4792208753,1.013357310694034
982167,13,5305,64626410.0,64480188,65313679,197670.41682493445,65064535.5,64812038,65669155,246801.3147418632,1.006779356922348
880538,13,2350,57584046.0,57368353,58120129,205601.2506848687,58065187.5,57894401,61191045,591519.2618736087,1.0083554653314912
857867,13,341,57108065.0,56876409,57548951,177997.26011981195,56521766.5,56352674,57064310,202155.5906611676,0.9897335253785958
853288,12,1439,42583819.0,42474578,43061118,149236.06241381099,42883199.0,42693381,43443804,199456.74149534,1.0070303699158594
892111,13,3427,58349248.5,58128884,58810229,187607.55378343794,58934172.5,58753856,61904833,591988.1381235945,1.0100245335636155
872254,13,3339,56869569.0,56689987,57448754,213459.644477514,57587815.5,57316049,58297501,220591.0674581186,1.0126297159030693
954406,13,764,63120268.5,62951991,63847692,230590.75741747662,63176574.0,62946111,66182929,574816.6460941205,1.0008920351788428
844797,13,744,55557271.5,55425022,55984064,171679.94793952108,55703566.5,55464110,56323850,214365.0358042172,1.0026332286674662
883340,11,2897,51630374.0,51501168,51975097,134373.43106426293,51869716.5,51719690,52399101,181930.07803617546,1.0046356917732187
876489,13,357,58457665.5,58275019,61354498,559650.7626363507,57900649.5,57635424,58457198,218054.7612863465,0.9904714634901046
857520,13,3789,55946123.5,55769777,56672605,219431.92539732883,56599756.0,56382154,57700697,262264.8117978722,1.0116832491530892
839751,12,198,40766211.5,40678066,41370882,189545.72360862052,42198085.5,41992368,43074040,249286.56512550416,1.0351240389360195
830148,12,509,41210531.5,41035891,41840053,192854.31454644434,41674688.0,41454654,42188158,186212.24613483105,1.0112630554158226
870619,13,4473,56951005.5,56761982,57559359,201281.90438180367,57472661.0,57270871,58150032,214601.02846068147,1.009159724142184
840159,12,2285,41858696.5,41729034,42791530,250799.83611071203,42254714.0,42042720,42734926,172620.14863691965,1.0094608177777347
929337,12,1215,46506776.0,46323547,49964800,638812.8261173429,46839929.5,46641136,47872904,267272.65341425955,1.0071635475226233
953006,12,1124,48001574.5,47883839,48723526,223990.26038877724,48115307.0,47861723,48658585,174854.05346809156,1.002369349363738
846822,13,2765,55218368.0,55036694,55791053,201721.3623904243,55866792.5,55642305,58788729,557032.1664945841,1.0117429131552746
847295,12,392,40368595.5,40278592,40950025,166230.61499682703,42543293.5,42281194,43123222,207122.46078085463,1.0538710344777786
854503,12,3084,42613662.5,42466647,43167411,189338.41130721176,42964866.0,42783283,43641453,201070.37593051838,1.0082415704118368
849184,10,310,37711571.0,37567295,38492166,225665.51463853903,37200703.0,37063887,40188486,560347.8668750977,0.9864532824686619
820941,12,1785,40697763.5,40600728,41503645,232078.5701121258,41168359.5,40973659,42237678,240923.1044033414,1.0115631906898275
945303,13,234,61088559.5,60877988,61751424,229068.9903177255,62611636.0,62368956,63101857,200518.74970016035,1.0249322706651807
838680,10,945,36700600.0,36515904,37231577,182374.9634413915,36654142.0,36560461,39793472,596429.0978286886,0.9987341351367552
943792,13,2713,61824777.0,61698158,62414986,183423.35744713346,62442341.5,62238378,63034697,235645.78897117078,1.0099889482820132
879143,12,295,45044449.0,44938064,45597586,189078.1830576853,44251300.0,44023181,44788783,240519.6922799577,0.9823918592055594
831538,13,131,54495736.5,54286691,57421778,546790.5179432278,54803390.0,54596792,55381292,207331.60196666166,1.0056454599893332
865626,12,2471,42901450.0,42775289,43323597,147683.6363322363,43548666.5,43331051,44055300,195800.34125835658,1.015086121797748
848342,12,551,42639353.0,42485964,43221899,217394.2638515459,42652038.0,42384391,43313729,200954.8618752452,1.000297495133193
866264,12,1133,43425793.0,43257489,46364860,551087.136987953,43484200.0,43308434,44021490,219869.47728421108,1.0013449840743265
895656,13,983,58265843.0,58161125,58794400,201364.5586462082,59148484.5,58933282,60121387,253019.92494141642,1.0151485236384548
916778,13,1101,60239804.5,60023179,60742009,215714.41041719954,60649256.0,60376524,63612448,572148.7881966678,1.006797025710799
901877,13,404,57031351.5,56875360,57762164,224731.1845196513,59563566.0,59355138,60179320,222737.968462419,1.04440039440412
903601,13,131,59313520.0,59135670,60133253,209855.1342668053,59724374.5,59537979,60189067,193147.60727929187,1.0069268271382308
902893,13,2680,59078860.0,58897385,62187822,592087.2258148418,59668083.5,59451270,60443697,241466.13530023673,1.0099735082904444
902047,12,1008,44879682.5,44764871,45501476,190859.05355522322,45499359.5,45305884,45894061,169219.606613103,1.0138075174662833
901874,12,120,45682564.0,45485634,46343809,251082.1373632076,45577446.5,45335371,46146641,221660.2027241396,0.9976989579656693
859695,8,1178,26414632.5,25946350,29098595,1097388.8016281037,25990019.5,25825223,28735536,1043602.171928955,0.9839250839473159
874402,12,2871,43279548.0,43148381,44003215,200704.74253827575,43906419.5,43793233,44378226,138282.8206713449,1.0144842432273091
867949,12,3710,43078945.5,42942323,43559055,179778.06052939894,43563117.5,43385638,44427523,243499.50999438722,1.011239179473416
897630,13,1463,58707452.5,58567538,59167140,171285.04958486598,59236456.0,58997203,59904872,250821.454409185,1.0090108406594547
886562,12,2932,44022452.5,43904702,44761051,190946.2148937816,44656090.5,44505260,45147179,182315.4080842197,1.014393518852681
871651,12,2752,43385159.0,43246345,43937279,203609.33166442107,43814740.5,43639888,44497437,200223.93498562777,1.0099015771729682
861683,12,2518,42666066.5,42523114,43148726,181622.63936043018,43291323.0,43181269,43837036,203305.90897343724,1.0146546553570857
861830,12,2425,42705429.0,42577763,43420824,200140.20898787986,43359216.0,43182394,43796058,171318.32953052307,1.0153092245016435
817987,13,1166,53801341.0,53638917,54637344,218081.36264509938,53851938.5,53689286,54803796,234907.5953609466,1.0009404505363537
859895,12,2101,42623071.0,42411096,45746319,578901.7538309174,43217087.5,42979161,43732832,197898.8999351942,1.013936501665964
858236,12,4780,42609396.5,42449365,43058312,160452.7797137283,43277195.5,43007286,43674699,202336.12694157107,1.0156725758835847
967673,12,2444,48169956.5,48034484,48755325,191402.14392106188,48766825.0,48624199,49384623,202250.76090284283,1.0123908872535519
869499,13,1805,56774713.5,56595045,60070757,605639.0783885178,57450269.0,57227356,58001036,207539.21769061437,1.0118988799476725
858083,12,6145,42771249.5,42549320,43294611,185774.014741926,43077261.5,42949410,43902252,260252.67561331624,1.0071546191326488
842076,12,5103,41887823.0,41746007,42315141,145906.6554183035,42255098.0,42065942,45257215,558373.9545889734,1.0087680613050718
869010,12,7017,43309116.5,43135222,44082364,243742.8132664428,43690125.5,43586069,44416452,197750.3336086075,1.0087974318293933
882989,12,3800,43977574.5,43860488,44549963,195219.9251808329,44402615.0,44268686,45422197,232106.71470162648,1.0096649372966215
862924,11,4136,50387003.0,50261859,50949288,190955.6270284801,50691022.0,50394443,51210782,220128.97156916646,1.006033678962807
900669,12,2959,44786886.5,44650725,45534389,203949.71280499516,45382704.0,45199506,45867081,181835.45136314866,1.0133033918309995
852052,13,4843,55727291.0,55549172,56423794,214256.15141580466,56207390.0,56013512,57008334,234310.28981797237,1.0086151505193388
986226,12,1381,49104786.0,48981654,49605088,167890.46558331483,49876116.0,49726449,50457336,186591.32245252517,1.0157078375211737
877944,12,1124,44078656.0,43959697,44675377,214551.48757914343,44139184.0,43971564,45132266,223826.79848757063,1.0013731816142488
995901,12,2210,49889254.0,49742478,50417377,185587.226475483,50275870.5,50125760,50838656,197112.198129379,1.0077494945103809
885502,12,1721,43860090.5,43745415,47379177,640801.1919580441,44572638.5,44391450,45186740,218258.4771441014,1.0162459309106988
890916,12,1648,44351097.5,44210834,45036887,189596.95895608547,44871377.0,44711417,45424459,190302.44441386804,1.0117309272899053
979810,12,1340,48740786.5,48652169,49822576,265710.20029954315,49508283.0,49299985,50078818,223730.26761116958,1.0157464939553242
961085,13,235,62112932.0,61938254,62600693,172266.56294443796,63645511.0,63422297,64297322,221774.3767509598,1.0246740727035717
870879,11,1345,50831943.0,50730009,51392126,194853.37572881705,51022654.0,50904421,51617437,202186.0843748649,1.0037517944179313
957090,13,118,63389561.5,63196546,63907056,200223.18957879645,63397606.5,63200326,66507805,599595.3521826579,1.0001269136401898
974613,12,3237,48552732.5,48397155,49930013,376254.5399735249,49262007.5,49113072,49876374,208996.34595280208,1.0146083436189715
868902,12,4794,43139424.0,43041271,43818230,180300.50835420107,43728053.5,43591206,44189326,167428.63146578803,1.0136448159344917
835184,12,1375,41302351.5,41169588,44495812,591793.1789904579,41885774.0,41754507,42558874,191109.94265980046,1.0141256485118044
986571,12,1490,49581205.0,49460719,50125222,194627.10071051825,49896231.5,49757864,50500233,208065.56101740838,1.006353748360896
982502,11,1355,57598917.0,57480397,58122442,196982.89517683737,57844586.5,57671495,58467030,213470.77694584389,1.0042651756802996
851244,12,4091,42246747.0,42114278,43416617,251742.84276267365,42725603.5,42517258,43313664,210961.7746902162,1.0113347543658213
869364,12,5792,43440004.5,43269467,44064702,187299.66710946275,43707323.0,43577547,44778302,297173.93257459323,1.0061537401544238
823415,11,304,48655649.0,48557290,49177980,197000.42124224562,48215524.5,48024075,49289755,228796.75175895504,0.9909542980302246
879479,11,1748,51412841.5,51251146,54850154,637287.1377001596,51588217.5,51428576,52271791,239965.8679289596,1.0034111322168413
842011,12,3222,41655583.0,41543158,42167443,162693.76694768202,42292380.0,42106405,42932441,224813.46422073766,1.0152871945160389
967691,13,217,62242971.0,62126164,62754313,178207.049211207,64000636.0,63820229,67278117,615926.0452492699,1.0282387709288492
926404,12,555,46783874.0,46629061,47794993,240143.98223657408,46753224.0,46596408,47295279,187918.34124000656,0.9993448597266656
951642,12,2668,47626423.5,47473600,48053375,172335.32849967238,47969228.5,47870643,48663124,200232.42376505028,1.0071977901090978
833821,11,4026,48617367.5,48476659,50983103,459265.5735989181,48842384.0,48720161,49756323,221045.43189178704,1.0046283151797555
971584,12,1763,48352965.0,48209429,49248490,244682.10566084177,49187865.0,49004691,49839484,223398.58528149486,1.0172667798138129
860113,11,2005,50309785.0,50203125,50881238,202620.00445311965,50449228.0,50213699,51489029,239511.0869836022,1.0027716874560286
830659,12,2332,41331526.5,41192048,44905485,650414.5200998993,41673615.0,41481866,42753545,322282.34661286266,1.0082766964825265
944744,13,238,61021729.0,60851675,61804714,219826.59469273855,62523913.0,62308365,63106310,230516.41402444645,1.0246171982442516
882159,12,6564,44004888.5,43869402,44499881,181813.43567637005,44452270.5,44120687,44839351,177164.40146905612,1.0101666431901084
977041,13,1539,64373229.5,64187559,65327525,239793.94476508367,64657841.0,64503446,65397364,256417.14831817837,1.004421271112396
945051,13,294,62534795.5,62384227,63628176,257558.26502257696,62523815.0,62329930,63112988,208852.29259170225,0.9998244097560054
965680,13,2180,63189175.5,62981674,66153300,566579.9364442722,63878300.5,63678604,65144058,288801.6569265642,1.0109057444498544
972987,10,2217,42799206.5,42655195,43286919,159565.4825565145,42797469.0,42671677,43337735,172661.42044802275,0.9999594034529589
873568,11,100,54407605.0,54222808,55092998,260893.75293631613,51231911.0,51116661,54165234,569232.9829628726,0.9416314318558959
973059,12,1250,48648593.0,48440723,49184555,210438.39635211273,49164853.0,48939388,49699567,183490.6404259871,1.0106120232500866
997620,11,114,61624975.0,61378356,62476960,281932.7003355706,58775010.0,58606904,59399417,196408.47174431884,0.9537530846868497
933961,13,916,61095850.5,60929835,64067324,562484.8416981524,61722968.0,61542761,62718808,276614.9037944991,1.0102644859653767
985678,12,3261,49099348.5,48976183,49526333,150796.27173307553,49891998.5,49695361,50493528,199850.73535541192,1.0161437987308528
985533,13,1066,64743288.5,64612712,65295958,192465.75322904417,65309823.0,65004821,66643675,400421.8713689351,1.0087504745762181
987631,12,2556,49333487.5,49225800,49802006,159762.40722908571,49958087.0,49795394,50970885,254223.05907213758,1.0126607611107972
988772,11,5083,58130826.5,57977584,58859032,216789.48261692084,58291515.0,58172442,58841970,188674.09592987763,1.0027642562419097
971105,12,611,49412994.5,49227318,52340543,543098.6815192204,49070681.0,48829582,49598231,204591.11254374884,0.9930723992046262
964499,12,4015,48032878.5,47884197,48542752,166683.60283456865,48804186.0,48577666,49924634,274509.9025896394,1.016057907085456
968327,10,4056,42472290.0,42346043,42887050,171512.74417580623,42647368.0,42482139,45613687,554561.8502750368,1.0041221700077863
958061,12,3352,47893891.0,47739452,48861810,219215.1851857718,48312744.0,48162623,49052647,242914.40564757693,1.0087454368658417
963610,14,18444,76905204.0,76652657,77381492,198240.02201169057,66589556.5,66343319,67250975,221644.68995814,0.8658654165978157
969400,18,9189,81800773.0,81673496,82550049,175677.22001798893,79986129.5,79802745,80697949,199334.33037880244,0.9778163037652469
962149,15,723,84464004.0,84334716,85455838,294679.66896634083,87805318.5,87656158,90847779,612309.9553529342,1.0395590351127564
857734,19,13370,93149992.0,93009979,93760130,189193.9510812354,90080420.5,89986783,90715808,189899.14818427232,0.9670470020008161
936075,18,9677,80374535.0,80214537,83502238,581968.5903379256,78343521.5,78151750,78985531,199458.51808339052,0.974730634522489
915874,13,9917,63890720.5,63782713,64430788,139869.07151084783,60604633.0,60362382,61298013,240386.21293190535,0.9485670614717829
987072,15,10854,95989965.5,95878718,98970295,558018.5656544492,90086261.0,89673600,90764513,272004.7120573077,0.938496649423215
981872,16,12917,66153616.5,65949599,66627424,144519.28801747077,61299635.0,61177404,62069041,194083.7907493565,0.9266256063264507
899981,15,2729,78723589.0,78563978,81621470,546887.592495026,81911691.5,81739122,82523089,208820.87305226992,1.0404974232056416
795402,13,7830,52352401.0,52202247,52966585,220634.62825142738,52321195.5,52137332,53067425,221055.80029113818,0.9994039337374422
880174,15,14492,86873702.5,86575780,87538513,205951.68583347407,80201003.5,79994177,80725196,202216.5782854418,0.9231908067921936
806583,17,5274,57494194.5,57350300,58061173,204961.3254520526,64038168.5,63920297,64499381,123339.59761217536,1.11381973531258
771613,13,7154,50465682.5,50250737,51111160,239708.70236656454,50686027.5,50539772,51189584,199293.97123942865,1.0043662344207869
805198,13,7135,52658970.0,52493383,53758122,255933.94542024576,52988789.5,52826609,53715630,235414.62215043532,1.006263310885116
851103,14,14439,66696779.5,66508870,67364233,169454.31184909074,58812890.5,58511978,61668901,550352.2799457292,0.8817950572860868
801357,16,13643,54320973.0,54189343,54866140,145220.07924065535,49868092.5,49221925,50495460,319331.182228148,0.918026495953966
833418,16,17694,58451388.0,58231807,59004999,202396.26246476654,51765029.0,51599677,52379528,162694.32437230257,0.8856082083114947
821944,13,16974,62251823.5,62129410,65254692,569753.6499487202,54057338.0,53948583,54775421,258914.89389046785,0.8683655347059833
813094,14,6532,55050622.5,54838856,55491191,191009.8858116337,55925452.5,55792288,56776169,235856.5737361986,1.015891373435423
892394,14,13077,69265686.0,69082529,69832155,175192.38583551196,61613522.0,61393724,64547448,565932.1581146562,0.8895244609286047
877850,14,15443,69252793.0,69056155,69948317,205920.029704511,60641595.0,60441414,61653799,272859.91668810573,0.8756555854721989
780734,16,19849,54776189.5,54556308,55224488,158003.31488148877,48671771.5,48376832,49245099,175993.1591095423,0.8885570892075287
954008,14,14630,75221584.5,74238989,78294934,747686.5499426258,65865662.5,65599498,66799825,277937.7085362114,0.8756218436212282
862901,13,19579,65561565.0,65320979,66188846,221793.9998079825,56927569.5,56717820,57607866,236730.79100194288,0.8683070561235078
900467,14,13606,70377424.5,70278790,73340060,551069.5557057748,62259402.5,62074700,63060713,255174.7745786122,0.8846501977349285
783944,19,10508,84208115.0,84058286,84787154,192928.63697490728,82472534.0,81267857,83042328,562765.1323594714,0.9793893854529341
810434,13,10951,58495049.0,58383865,59305853,190345.09575153815,53322085.5,53172116,54112472,226183.1574115102,0.9115657890978089
837486,13,183,53815020.5,53607925,54550737,223102.62246639375,55167018.0,54923877,55823977,261569.0550761691,1.0251230509147535
759875,16,2105,42111511.0,41995575,42705581,185158.93530350862,47219936.0,46622274,47953496,322511.6015660091,1.1213070934453053
949907,17,6167,68993887.0,68827478,69683596,270916.91526117787,75532231.0,74245873,76195631,574522.4105878628,1.0947670045028772
867920,15,11337,84793196.0,84629914,85413335,145571.36726621605,79175890.5,78685503,81844242,568711.6432621839,0.9337528744641256
931939,19,4439,87476461.5,87324005,88134801,186592.45122485232,96834361.0,96457036,98597235,691150.9276163797,1.1069762006777104
831877,14,15439,65664163.5,65451124,68753651,576700.5539516634,57256983.5,56935591,57822059,224977.96417933173,0.871966997645527
921958,15,10002,88415669.0,88215300,88984061,184154.55820919076,84051432.0,83667198,84671379,249133.55503640347,0.9506395523626021
868552,18,7608,70468922.0,70062906,72015176,426727.08123237145,71820219.5,71704648,73506742,582779.9797281694,1.0191757935505243
893928,15,14796,89119486.0,88748831,89735615,210961.15122990194,81572599.0,81262202,82312939,253221.7026850165,0.9153172068339802
917587,19,8673,95866562.5,95627468,99341053,664098.209658518,96594347.0,95165789,97228323,645524.6840426992,1.0075916407245749
943457,17,14072,79761873.5,79388110,80497832,248194.08316648082,74876818.0,74710313,77959378,576001.8843724809,0.9387545040551235
976883,15,13028,95670146.5,95501033,96309126,193606.66324512754,89268956.5,89125809,89894764,234813.02367908717,0.9330910400560535
837319,19,12338,91112271.0,90996782,94117133,560858.7593881566,86717893.0,86576018,87363279,199282.9609657138,0.9517696359472809
755915,16,2394,41789989.0,41671081,42287520,171187.920521296,46909204.5,46697342,47413945,160060.54461478698,1.1224986084585953
754889,16,176,42746305.0,42614406,43345374,200469.4134782993,46811047.0,46661214,49877446,581938.3647255515,1.0950899030922088
754723,16,2261,41808320.5,41714952,42315983,169120.27413571352,46405730.0,46149257,47240441,232303.82705619952,1.1099639843222115
751803,17,4661,53261417.0,53097803,53930261,228408.9884403487,59768948.5,58733199,60377513,494006.0604694867,1.122180968260758
762505,16,4139,42379371.5,42259269,45854589,649584.9045373558,47290631.0,47158879,47974225,184045.54297965672,1.1158879739403402
779380,17,2980,55073919.5,54929087,55589240,177343.1762708926,61914055.0,61773688,62503032,152374.08370321887,1.1241991774346114
784859,16,3668,43727766.5,43580925,44265345,206089.62495605857,48568677.0,48236443,49087736,207009.2058278783,1.1107056428322266
767617,17,2006,54190480.5,54063293,54774001,183410.78776574184,60451516.0,60260844,60987310,143730.95741515348,1.1155375527626112
778044,15,5306,67997268.0,67836552,68566742,215188.80409300778,70812031.0,70733807,71509249,210726.17995811265,1.0413952366439192
752277,18,6489,57599833.0,57469990,60543547,561837.9974659175,62221042.0,62058436,62793325,167016.8103975332,1.0802295555266628
754167,15,6267,65963414.5,65800019,66797970,246938.29346076635,68481859.0,68199871,69215755,216889.80290693705,1.0381794138324965
759891,17,4501,53891932.0,53691639,56876175,561626.301279091,60291629.5,59954027,60747509,203064.62354427687,1.1187505673390963
781720,17,6604,57094478.5,56952278,57773532,220367.29088089123,62218535.5,61072205,64311911,772207.1792430117,1.0897469796488288
751269,17,5072,53280495.5,53121378,54253098,245399.02412203865,58750797.5,58622460,61962614,603010.5354587431,1.102669878511171
821315,16,5063,45762011.5,45620461,46381949,177703.56741190277,51185238.5,50303752,52085654,432952.4238520389,1.118509366661035
793025,17,2033,55981038.0,55860174,56924621,236954.458498665,63082949.0,62798988,63614842,165357.74231065402,1.1268627959345805
799901,17,2373,56571558.5,56445759,59732028,582077.3796872104,62870867.0,62707574,63482577,153929.4129803405,1.1113511571366732
788284,17,1190,56078190.0,55909029,56801234,198856.3906066134,62583371.5,62429806,63108526,151338.35168428245,1.1160019875819815
776421,18,1533,56919532.0,56782057,57409127,175758.4805865424,64103760.0,63890678,64598205,131274.1513999699,1.1262172710766492
799575,18,519,59016064.0,58916423,59939382,231919.82090838824,66332311.0,65944430,66899969,223176.73774771468,1.1239704328638385
812653,18,1113,59692002.0,59573686,60169377,171183.66374649253,67291371.5,66989628,68557308,443220.05230725463,1.1273096770987845
801023,18,1615,58669459.5,58493734,59078164,180007.04229342437,66118857.5,66004273,66763483,167443.8299173288,1.1269723304677794
800526,18,1852,58679224.0,58507563,59253195,193527.7246187395,66233353.5,66112056,66755323,148548.67375755627,1.1287360156637383
789938,18,2057,57721044.5,57580160,58384490,202270.77107833285,66329873.0,66011752,66951642,195383.18942091434,1.1491454039782665
828352,18,1588,60803368.5,60616157,61651690,211006.5615397988,68569436.0,68332358,69216642,190929.34959297263,1.1277242970510755
818381,18,607,60416051.0,60288873,61048188,196349.64377418382,68800581.0,67543748,69935713,602885.5782449648,1.13877984180065
834370,18,2582,61059355.0,60923046,61989998,237758.83435217853,69902657.5,69813198,70499614,172418.0397909073,1.1448312465796602
821220,18,1311,60133944.0,60002904,63145004,556908.8050891517,68016082.5,67731057,69065470,496940.52496589796,1.1310763601336378
819315,18,2649,59979187.5,59822243,60508366,199359.0998355034,68619703.0,68500300,69101975,127034.26891925221,1.1440585619803536
825231,19,2339,76973023.0,76801985,79976342,576784.0104342776,85675869.5,85416514,86268205,213038.40908698965,1.1130635924225036
830844,18,1270,60832089.0,60662600,61443551,201384.22028891274,68701868.5,68508670,69650050,403971.4518601325,1.1293688845701155
830138,18,323,62296906.5,62169111,65619722,611210.5835492098,68512529.5,68381705,69060274,182421.23407445988,1.0997741838111978
815899,18,4410,59889411.0,59741527,60435624,189222.9002917547,68517305.5,68203212,69088948,187757.29878413666,1.1440637728095204
842841,18,1127,62091003.0,61911025,65163160,567858.9879131927,69780115.5,69535531,70388573,205842.96405795746,1.1238361780047263
841674,17,1243,59680094.5,59527856,60380102,197180.21222095002,66896240.0,66764065,67349551,147543.0341887071,1.1209137746924982
800019,18,3795,58959658.0,58788260,61931181,574760.7561793969,66965510.5,66373112,67454359,313341.5363693673,1.13578526015195
830487,18,4646,61123970.0,60962045,61659939,204616.65222535582,69532738.0,69365105,70258609,193877.5793414895,1.1375690747835914
813795,18,3497,59921554.5,59752305,62942119,566044.2971950801,67207087.0,67094920,67876534,182195.4387242325,1.1215845042871844
851886,18,2430,62318832.5,62189050,62852080,184740.59187067926,71323559.5,70570948,71895491,352786.3915630723,1.1444944752455046
779803,18,4453,57077376.0,56923710,57676226,196705.606512431,64800484.5,64501320,66044192,426623.26178879675,1.135309452557875
832786,18,5396,61713427.0,61505925,62600037,270341.25435564254,69711009.5,68877544,70259416,360500.1912346233,1.129592260368234
779343,18,3576,57040928.0,56910309,57863754,245045.5445642277,64796309.5,64531950,67769791,607016.7491402898,1.1359616992907269
847099,18,2385,62029518.0,61903504,62672926,199144.5892686573,70930623.5,70803986,71403967,134498.83930471505,1.143497898855187
841012,19,2902,78643171.0,78427489,79244802,236465.5917784728,87613892.0,87127586,90284786,681216.1488473137,1.1140686582945645
870430,18,2940,63871182.5,63709683,64730874,230901.3369352566,71989081.0,71751368,72968457,440973.5276797224,1.127097983507664
847314,18,4909,62482214.5,62356093,63106260,226586.7740541113,70905529.0,70758085,74220335,608192.1598733816,1.134811395009055
845795,17,3331,60023945.0,59941097,60665476,210804.15772970155,67417906.0,66198242,67935385,613542.0294837446,1.1231835228424256
861907,18,1595,63294236.0,63183491,64009872,215504.91168307254,72071346.0,71451655,75031438,641909.1410980702,1.1386715529673193
787724,18,2595,57601741.0,57407279,58482087,214079.1142134141,65921201.5,65215398,66472513,333467.0298069194,1.1444307126064124
824828,17,3486,58705620.5,58532849,59629044,239936.7088705871,65649593.0,65397917,68931505,608686.3509867021,1.118284628300624
843649,18,2438,61688232.0,61535759,62250135,180410.61546028827,70892060.0,70604698,71308847,170472.12284515417,1.1491990887338124
872903,18,1842,64152133.0,63994472,64696281,170225.7563746842,72063217.0,71895838,75026861,555719.0908764778,1.1233175520446061
844938,18,2448,61766940.0,61654653,62444265,233311.09746529895,69770339.0,69561234,71486623,599353.0932178173,1.1295741540701223
866127,18,581,64098526.0,63927990,64813212,223079.57410800748,71629279.5,71374005,72318423,207636.3989014985,1.1174871556328767
859507,19,2131,80159392.0,79968028,80692943,204596.58775481136,89212368.0,88974216,91035048,677378.35309121,1.1129371839546887
820277,18,2443,59942548.0,59787826,60471671,178959.23687274894,68748638.0,68624644,69355495,187108.60792650763,1.14690883677484
854901,18,3390,63013589.0,62872608,63426901,155253.10843127535,70674353.0,70489088,72357392,606897.0834496625,1.121573205423992
823661,17,5545,58815334.5,58593509,59847256,256797.35849637463,65374496.0,65020470,67378768,442290.2562188269,1.1115212819201088
809991,17,3257,57326620.5,57218432,58092703,220468.70820035512,64263201.5,63915799,64754298,186702.67384292834,1.1210010452299382
837225,17,2359,59288726.5,59163284,59919612,207327.50240906022,66538978.0,66373914,69355963,532876.112806625,1.1222871855748158
820259,18,2644,60036313.0,59887582,60615931,189748.54624148126,68751531.5,68627828,69244577,174501.9929952059,1.1451657849142067
847238,19,1606,79053263.0,78907573,79553101,181791.1177984502,87737678.5,87525273,90927626,595850.2097843944,1.109855244052355
831923,18,2650,60947098.5,60781494,61849409,206960.65261971633,68810701.5,68649445,69369185,189868.5267047935,1.1290234185635597
855431,17,2333,60757395.0,60632352,61336492,195675.84567194854,68094627.0,66956587,71297958,819273.1657626973,1.12076278122194
815747,19,1467,76160418.5,75931669,76679389,178805.97569979465,84592079.5,84428631,85026243,147907.678431228,1.1107092262104625
806450,18,2720,59084109.0,58917074,59783864,217124.26311325093,66662269.5,66474910,67358223,186864.72210772036,1.1282605531040504
817834,17,1989,57866660.5,57762810,58592552,214470.68608704754,65056308.0,63907630,65670575,520940.9548162558,1.1242450737242735
809603,18,4829,59550037.0,59399918,60276987,223268.73196363368,67191280.5,66758001,67838587,251034.90247781394,1.1283163518437445
796372,19,4373,74469882.0,74313924,75096112,208852.0601305064,82448469.5,82336629,83322683,185384.65770674107,1.1071384469227439
792902,18,2596,57989305.5,57845058,58429304,155368.01179915454,66641838.0,65430829,69585848,820757.7028781933,1.1492091071861517
802541,19,2559,74716993.0,74609197,75277119,189370.9378601221,84423203.0,84235519,84953695,181833.81841945683,1.1299063253254853
835901,18,3452,61571946.0,61401010,62068249,183525.54790918226,70195270.5,69907622,73164840,571468.0410738294,1.1400528172359534
835013,19,4317,78085144.0,77913918,78667596,211335.05501659366,87814612.5,87578083,88366913,192211.14372001603,1.12460076272639
837724,18,3839,61708324.5,61593082,62201714,160630.74332774323,70318000.5,70061204,72437186,441173.7957274397,1.1395221158532671
784898,18,2568,57359634.0,57180779,57986339,194893.55839331888,65820639.5,65624779,66257898,156294.5836961907,1.1475080105985334
784340,18,2464,57198797.0,57028912,57742797,195648.5210643623,65356763.5,64944627,67993477,588935.9642635975,1.1426247915668577
761593,18,2915,55676650.0,55579056,56216677,170050.82846959482,63397410.0,63137254,64364797,353420.95167003834,1.1386714179103807
795676,18,2652,58194394.5,58043052,59209519,243587.81929514775,66621004.5,66509851,67147351,119943.20837815519,1.1448010598340361
796339,17,3104,56377998.0,56183191,59293140,547778.7328146648,62308045.5,62160706,63825592,547494.4262858259,1.1051837190103841
762211,18,4336,55766528.5,55636560,56413366,207808.4992030483,63876069.0,63716247,64431868,135131.157117985,1.145419496571317
791467,18,5418,58638477.5,58360972,61719085,587286.6123893332,65461783.5,65184129,66042003,210470.45790319098,1.1163622640100095
764393,18,4356,55918196.0,55803665,56477289,173173.4586263149,63300934.0,63119200,64494019,418805.61099809775,1.1320274709863674
795548,18,2605,58196619.5,58077420,58870421,204144.8691580701,65612975.0,65514297,68692262,571375.5215678351,1.1274361906880175
818862,18,4272,60239332.5,60065790,60940014,205090.7591527766,68583377.0,68453510,69327520,179809.75676937617,1.138514889752472
787680,19,2866,73492405.5,73363148,74029145,205897.3882354563,82518647.5,82266036,85307035,536713.3381982477,1.1228187040360245
781788,19,4072,73074129.0,72911944,73610388,201091.51214010888,82252075.0,81127192,82517506,512595.19563949615,1.12559774745998
822396,19,3077,77069239.0,76925422,80199209,586168.6861942094,86072217.0,85898749,87270650,326339.6974818247,1.116816749676223
815444,18,5971,61187288.5,60988584,61871968,270879.690244591,68453883.5,68189672,68961808,169438.77122362913,1.118759879349777
848354,18,286,63597161.0,63495111,64852072,284179.74602380913,70011522.5,69835498,70451981,144161.18295840095,1.1008592427577073
784323,18,6362,59546041.0,59362516,60111885,212767.8766399247,65744348.5,65586228,66289235,165100.04381156966,1.104092688546666
805346,17,4260,57219264.5,57045306,57846573,190442.12840694035,63901903.5,63553853,64646609,226535.22734821326,1.1167900192076046
769970,18,6112,58060409.5,57907643,58687827,230867.63001661794,64454732.5,63921496,65055651,286242.28953641705,1.1101322407999896
864777,18,4637,63782119.0,63589617,64288815,192040.6180984435,72603235.0,71301391,75495294,850310.355930458,1.1383007673357481
782655,19,1484,73006308.5,72895645,73910500,214712.47459314566,82397483.5,81141485,82983799,593239.3432034963,1.1286351165118833
819381,18,2169,59964445.0,59876198,60559641,197747.6106722461,68111949.0,67901902,71104157,633332.6138551702,1.1358722489635316
751697,18,3839,55164911.0,54979638,55861832,236542.72705195003,63039581.5,62809117,63563763,151261.73356001914,1.1427478148201853
791529,18,4212,58151688.5,57933822,58932962,252936.14070030712,66567388.5,65332736,68262898,674618.7944050748,1.1447197874572463
788437,18,328,58952169.5,58812776,59494528,187343.75236086443,65528928.5,65270889,66727731,397607.18848923687,1.111560932460679
862102,19,438,81048787.0,80846062,81564957,192463.02403008626,89437199.0,89082765,93637593,921858.6397731518,1.103498304052348
822524,18,3459,60613189.0,60411596,61227136,206235.04265015732,68862056.0,68773608,69607797,191914.14176843944,1.136090298763195
766250,19,4154,71683463.5,71480670,72476970,233310.66789539554,80660588.5,79537059,83818980,787907.1783125421,1.1252328579240594
778590,17,1950,55079684.0,54975876,55722438,196197.56126253345,62035340.0,61727814,62639210,204803.090149213,1.126283513173387
789826,18,1134,58044404.5,57840260,58510776,161834.3348797845,65425583.5,65170949,69248426,821564.7475830062,1.1271643505275344
756786,18,966,55400227.0,55250388,56501237,240320.5087932826,63339560.0,62762474,63889067,306052.7508781597,1.1433086727243915
835196,17,3253,59186564.5,59050271,60021238,233183.3690472991,66517983.5,65289740,67103611,562606.2521394356,1.1238696495046607
776957,18,2902,56866247.0,56693597,57527225,207200.49517933105,65208185.0,64024094,65711104,515701.0029740489,1.146694013410099
804046,19,1649,74676742.5,74567127,75353198,190438.2525173507,84445589.5,84031872,85193103,257710.37989954063,1.130815119580236
765009,18,5248,56385051.0,56263521,57431162,253192.74638100428,63478193.0,63131942,64116580,201477.7438356709,1.1257982723115743
773659,18,2169,56587770.0,56395995,57434217,222611.40584576223,64193587.0,63693634,64699361,227619.52309836893,1.1344074346806738
774445,18,375,57806799.5,57645403,60451061,503130.3967823142,65001554.0,64707633,65525155,181152.52936089213,1.1244620799323097
809117,18,4075,59310881.0,59174369,59824452,179394.69122463526,67696903.0,67034990,68396617,339031.40744425467,1.141390953204691
836610,19,2093,77837847.0,77689414,80758514,547870.9700159092,87595262.5,87390137,88641687,336585.95105454617,1.1253556704876486
852987,18,2618,62483011.0,62327432,63310044,234289.56466346417,71618596.5,70449876,72075261,550122.6933306545,1.146209111145428
770201,17,3690,54635225.0,54535157,58114796,633512.9489129327,61245269.5,61083331,61803630,168882.8656954478,1.1209850330075515
804781,19,5191,75683735.0,75468971,76787351,255553.5052408334,83408156.5,83103498,85300756,630358.0609406098,1.102061843274516
781912,18,5185,57563479.0,57409369,58181455,208906.03282279012,64627301.5,64461665,65210893,175264.58277218096,1.1227136132616307
804600,19,3597,75332762.0,75167019,76120070,245123.95213148798,84671185.0,83128070,85341737,707245.5254047211,1.1239623073955525
817539,19,3892,76431788.5,76240043,79653579,603851.8029657019,86032364.0,84499987,86652884,694085.5198171035,1.1256097193120111
750668,19,3591,70197754.5,69950169,70706217,180690.38785206282,77807995.0,77595232,81123987,617121.9641579855,1.1084114521070614
792635,18,3406,58179684.0,58022284,58796543,194358.26937847424,66516171.5,66225177,67076694,178156.7174309711,1.1432886349124893
816119,18,2899,59736290.0,59590783,60679544,224764.50427465682,68535472.0,67230625,69094873,607405.6795572178,1.1473004433318508
762712,19,1928,71139947.5,70964592,71615643,172364.58975751564,79183429.0,78987035,79796019,199763.49571446286,1.1130656091642464
784583,18,3231,57536530.0,57360760,58300138,223617.1850845001,64921373.5,64739576,65438775,158801.4749494055,1.1283505192266547
860941,18,2468,62999286.0,62837958,66213767,593478.2528500565,72261566.0,71947937,73140731,249208.18149283453,1.1470219837094662
804751,17,1072,57200254.0,57043176,58158322,246578.5497684505,63696013.0,62844272,64266687,366887.7225750498,1.1135617160021702
839731,18,1792,61608524.5,61458123,62511429,217010.28774319025,69399858.5,69128977,69913098,195122.21693618078,1.126465193952178
882108,18,3215,64906595.5,64753398,65836155,225258.65045493568,74074871.0,72799982,74669899,616713.733929486,1.1412533723171476
851323,18,1746,62311007.0,62196348,62827016,195746.02521949768,70449831.5,70226739,71771554,439308.12461162027,1.1306161606407676
806718,18,3333,59426029.0,59161511,59900513,221800.18452479297,66779027.5,66542733,67939475,414138.4925505866,1.1237336336237442
773205,18,2916,56602102.0,56385207,59464142,536424.2828344421,64158317.0,63696097,64646681,236006.32040951785,1.1334970740132584
859505,18,2538,62922913.0,62802451,63463787,185862.8376770264,70946480.5,70721529,72742846,591144.6532700858,1.1275142411159509
800337,18,5327,59104895.0,58935293,62098965,576218.8705116794,66098962.5,65874050,67637220,558019.0247128378,1.1183331346752245
775377,19,2288,72143842.0,72051616,72607756,172819.6615189243,81487081.5,81328420,81883339,138713.04410721036,1.129508482511924
790775,18,1975,57875199.0,57675617,60834634,553287.2665207831,65447524.0,65165331,66428209,469432.1022688585,1.1308388589730811
854368,18,872,62738189.5,62527015,63452577,212727.34398660544,71590661.0,71475216,72126915,124009.24971454973,1.1411018005229494
792907,18,4590,58198744.5,58026044,58670265,193923.82220553915,66559564.5,65436565,67107571,556975.1566445271,1.1436598000838316
849154,18,4065,62418046.0,62256975,62983866,194898.52871182025,71066330.5,70358229,71645850,331461.0350600236,1.1385542331780139
772520,18,4801,56682091.0,56525893,57218767,196790.7314101426,64310578.5,64050087,67302741,614475.6976007731,1.13458373474613
750316,18,2861,54767121.0,54642968,55337495,178314.0451862917,62918270.0,62712202,63533941,193242.05137915045,1.1488328919097281
788330,18,3744,57968171.5,57871366,58665807,201610.61986567627,66175583.0,65032442,69347211,814549.8565131193,1.1415847919232711
811153,18,1755,59359773.0,59197946,60118566,233294.1226230885,67957351.0,67819706,68631391,188454.25544287634,1.144838458192891
805030,18,1077,59192712.5,59081893,59700242,181238.8709356798,67425562.5,66735660,70487848,655519.1438010274,1.139085533544353
751338,17,3164,53074289.5,52915767,53593494,187670.82273961915,59758476.5,58816594,60357214,445565.20532119274,1.1259402068868016
827070,18,4086,60726496.5,60591582,61265585,184379.45262629818,69272288.5,69143283,69770250,145295.45599839734,1.1407259185452927
816373,19,2139,76017873.0,75789167,79519957,643211.9371398867,84727467.5,84481992,86240688,639041.0626576041,1.1145729833824738
815249,18,3001,59826060.0,59663285,60555928,222382.83259675317,68312266.5,68174066,68831023,126519.54839456847,1.141847992329764
806299,18,2125,58991451.5,58787181,61888133,549688.1748280778,67624413.0,67417771,68183807,162103.05975859583,1.1463425849082558
770827,17,5247,54805951.5,54654398,55415022,206884.43230244913,60452211.0,60349854,61833991,453453.9528903556,1.1030227437981803
853662,19,3477,79990830.5,79830635,82863076,533171.0170857877,89345338.5,89112144,89845546,179372.1437654285,1.1169447540615296
783434,17,3724,55638858.5,55419068,56158497,172740.9590482202,62184508.5,62081278,62779662,146167.77974139477,1.117645296407366
767391,18,1330,56113293.0,55911571,59030759,548450.1011281398,64394731.5,63289096,65280102,552386.1101557909,1.1475842542336625
808874,18,1906,59254758.0,59122153,59841408,173629.16164548,67731386.0,67630305,68243082,146654.8111297637,1.1430539637002652
764875,18,1499,56054969.0,55940031,59535905,637547.5579831455,64105920.0,64000439,64679851,149655.44680385754,1.1436260003997147
794884,18,1345,58115298.0,57954552,58570333,160394.6860929695,65877894.5,65572363,67054392,426180.2992313882,1.1335723426902156
761826,18,3470,55986782.0,55902992,56545482,171533.96196515203,63289876.0,62841356,64101895,280636.1959408361,1.130443182106805
756295,18,2511,55198972.5,55063370,55810135,185830.63949155426,63363980.0,63188492,63882454,146846.08889164645,1.1479195559301398
754628,18,1611,55192973.0,55034717,55706750,164957.3660162225,62433191.5,62189941,65607558,601431.5886475729,1.1311800779421686
753690,18,2564,55021288.0,54873263,55606923,198018.52894101996,62289919.0,62125162,62957158,180785.9612765604,1.1321057951242435
846255,18,3275,62248996.5,62104395,62808991,189098.0531185078,70150158.0,69924392,71871440,537418.9189517294,1.1269283353025619
852535,18,2321,62602263.0,62433233,65485867,540801.1671739346,71543320.5,70404275,72182158,566182.9749217522,1.1428232314860567
809158,23,17340,119827025.0,119643449,120641434,240086.789233072,114891239.0,114585560,115517429,212587.58998946502,0.958809074997898
780443,25,9964,89925780.0,89681490,90837444,237001.07490825155,89267231.0,88657880,89891475,317550.47953487124,0.9926767496484323
903721,20,9076,85160447.0,84957514,88138870,559082.4706408845,85297022.5,85099987,85872458,204814.55324322864,1.0016037433434326
893330,21,18272,107344214.0,106958969,108229801,295975.51877418096,101522524.0,100204989,104530681,877912.9212918152,0.9457661500041353
776965,24,12489,83358872.5,83034627,83934730,210859.866684754,80818473.5,80540063,82009534,335250.85421265604,0.9695245518106066
983345,22,3660,100319091.5,100129103,103286749,574477.8055620996,115554612.0,113976959,116168193,680523.8495624284,1.1518705988281404
976356,21,398,96585968.0,96395008,97247144,239026.96563477008,111167386.0,110714918,114519515,652192.8557684828,1.1509682855795367
807553,23,3248,101771710.0,101583579,102376862,208648.13096255032,114670278.0,114115487,117908748,648695.5143773326,1.126740211007558
848786,24,1858,73447625.0,73253070,73979519,195057.56396886194,88562798.0,88398749,89081104,170791.24842800217,1.2057952588664371
777495,19,12867,84312921.0,83855345,87088282,556687.1236904822,81741244.0,81611143,82262825,166897.7099726523,0.9694984236164703
805792,24,16256,88432045.5,88145036,89089078,242086.96345579115,83892049.5,83683811,84539858,175370.07088981543,0.9486611897945977
977368,25,17517,117837339.0,117508731,120836458,587674.1880318881,111880381.0,111018603,112527903,398996.7577325646,0.9494476194850259
972391,25,12414,114734164.0,114539462,117668866,711856.8494572829,109871121.0,109563198,111586420,597056.5649182934,0.9576146909476763
760999,25,13812,90274286.0,90085632,90956904,201114.84609657456,86122887.5,85630127,88995620,781920.4399319125,0.9540134994809042
964374,24,3023,84042012.5,83761917,84599233,215011.31663840907,99963652.0,99631415,101935289,552360.7719112261,1.1894485749017494
769493,25,7128,85600266.0,85394021,87090937,325021.1341369802,87792967.5,87518915,88254565,166075.43188722676,1.025615592129118
955955,20,19693,96838559.0,96624781,97674086,238073.1461991928,89971194.5,89198728,92557970,589899.5498123238,0.929084400150977
848996,22,442,85283058.5,85145333,85906415,250642.2880129812,98597589.0,98271184,99455538,216517.29106392918,1.1561216346386076
833897,19,3368,78041960.0,77898778,81126392,573435.4483411411,86658329.5,86288594,87223173,215100.09880262468,1.1104068824001858
998462,20,544,82726459.0,82525605,83203618,198757.83817008464,94259789.0,93851645,97234828,590007.1285791158,1.1394152504460513
858094,20,8745,80446247.0,80307870,80752295,96821.79489892184,79873966.0,79698263,80540522,149366.18707590937,0.99288616907138
977742,24,2301,85043395.0,84924238,85585027,193672.0869520323,100714427.0,100449095,102665911,785742.8105261388,1.1842710065843445
906416,21,4223,90780432.0,90556633,91556850,288972.14958111255,102916498.5,102602447,105674028,556767.1997993056,1.1336859302454079
865934,21,7485,96014257.0,95860906,96991016,234424.27365400016,98508024.5,98387878,99226836,225608.1671599974,1.025972887547315
981728,21,11926,115034951.5,114900687,118050635,577350.0846890463,111834550.5,111657025,112407590,190301.7759264976,0.9721788816505912
822592,23,6502,112660994.0,112484203,113632950,252415.27611644048,116033037.0,115383010,118581437,733556.2797882172,1.0299308827330247
805322,24,2831,69941074.5,69799154,70447099,219465.57324475492,83386546.5,83096354,84629297,448339.0577452689,1.1922399976854803
881139,20,3452,72184204.5,71951706,72616690,196231.82900924157,83306816.5,82668033,83872233,314359.117184593,1.1540865079423297
892536,24,17749,98388121.5,98189137,98971180,187457.55389180477,92756270.5,92356705,95418179,607114.9213544518,0.9427588319185461
889119,23,5607,118215942.0,118007050,118734301,204624.66865926885,126130383.5,125875139,129041383,567561.6242822203,1.0669490202937266
858813,24,2616,74822675.5,74644604,75755044,219616.95427140608,88629669.5,88126790,89873439,636112.4322394028,1.184529541448969
973777,19,11974,105727285.5,105398986,106549753,232519.79596724425,100837167.5,100541190,102842121,775339.4367676543,0.9537478147020052
822193,19,8135,85884759.5,85754453,86773990,243219.346374349,85292851.0,85079685,86092270,248136.42248098567,0.9931081078477026
819097,25,8899,94088345.5,93929789,97049947,548368.6557954076,93352306.5,92802066,93836119,257979.6201855143,0.9921771501444884
867975,24,3697,75916900.5,75781581,77077611,327067.4456132336,89981327.0,89526038,92765745,632516.2244981907,1.185260810272411
795401,23,7548,111095428.0,110904407,111966020,219865.531391361,113098655.0,111981483,116114951,830151.1708129102,1.0180315881226003
924015,22,1537,93967909.0,93797604,94769086,224999.52431948727,107425404.0,107005296,109552059,844445.5428475077,1.1432137326797385
775628,22,14771,94740282.0,94479750,98275309,663296.8315525184,90004379.5,89774135,90396597,147991.5092523892,0.9500117331295256
979721,19,3868,91997298.0,91839928,92524916,213051.26861690407,102871218.0,102763797,105832774,552311.8984221949,1.1181982540400262
867884,20,5258,72354773.0,72161050,72965422,219889.31042396964,81776508.0,80987095,82094326,305065.67578836204,1.1302158048370907
770114,24,4421,68911972.0,68782027,69979136,266536.0376489057,80383740.0,79984218,83321711,572729.5077750016,1.1664698842169254
845585,24,3549,73846910.0,73611271,74718832,301525.28848200553,87891679.0,87637549,88564460,215636.34736765095,1.1901876327662186
869118,24,5493,82749510.5,82661397,85829975,562164.6313994001,90467546.0,90294603,91220369,231591.46791873738,1.0932698629075275
830343,25,4820,84437822.5,84188962,85473334,267570.3693499068,94046423.0,93351494,94744908,396854.6410122547,1.1137949821005866
839391,25,1583,79539935.5,79435998,80232761,198126.56213645358,95899022.0,95398804,96571578,282639.31562310806,1.2056713573774522
787841,25,1601,74567392.5,74361974,77484561,561820.0768302805,90046669.0,89518201,91005240,317143.5363666672,1.2075877401774509
805324,25,2219,76369261.5,76237717,77549574,290499.645754085,91555301.0,91165059,92265477,260925.52394248865,1.1988501551766348
808453,25,2609,77024035.5,76757849,77509763,189843.9317251732,92506547.0,92050454,93213292,283016.06904948386,1.2010088331453368
796744,25,2201,75713610.5,75537188,76346994,254693.42318342262,89956392.5,89647126,91424358,571621.2446181669,1.1881138926798374
762047,24,2477,65921061.5,65778999,66580907,218063.67939970858,78602653.5,78282575,79865939,453649.2372442049,1.1923754216245441
843960,25,2177,80382001.0,80239231,83412508,563654.6884548455,95404792.5,94947426,97269822,617728.0880407783,1.1868924798226907
784808,24,1367,67785309.5,67661362,68540762,217861.25781009244,81761780.0,81417821,82354861,214957.12494925328,1.2061873081806906
829442,24,512,73131460.0,72958139,76219313,588183.0860692953,86586716.5,84998596,87137933,694426.9238884072,1.1839872539123382
761056,25,2416,72465755.0,72273336,73413722,282711.3043835511,85918865.0,85620810,89868543,829719.4283824335,1.1856478277222118
784457,24,937,67878759.5,67714806,68819123,238781.2792989899,81719353.0,81494087,82373760,208765.86065301855,1.2039016859169325
794095,24,254,70618749.5,70494694,71135496,200944.01454247287,81955086.0,81539954,84657459,657474.6964465214,1.160528706331737
807728,25,5029,83267808.5,83126548,83824471,178897.11696665827,91283253.0,90646202,91895798,309183.73538456956,1.0962610238505317
769629,25,921,72709882.0,72596519,73718181,277475.47128346114,87892545.5,87306833,88502980,279536.11376382515,1.2088115546659806
780055,25,898,73815680.0,73706061,74589715,221817.26195751512,88108804.0,87609836,91207790,727874.2525113563,1.1936326265638955
777598,23,541,97278475.5,97096310,97799112,197421.3437595985,110647327.5,109506900,111353822,445972.55836336553,1.1374286750618332
772866,23,2016,96788237.0,96627955,99717018,621643.766540435,109021941.0,108802050,109971230,258803.95087861177,1.126396599206575
778811,25,4108,75533321.5,75325975,76242490,213534.33972761076,88902944.0,88540260,91946083,589944.2872203604,1.1770029734492744
790864,24,1766,68298370.5,68169879,69310332,230635.6960128173,81293775.5,80963270,81951910,230250.47067942962,1.1902740124671056
876486,25,815,83360760.0,83263221,86318249,541535.1381557238,99618019.0,98861719,100280188,380730.3362228092,1.195022922055893
818801,25,595,77629028.0,77512107,78653743,291030.198757,93148886.0,92222656,93980035,497575.6515693803,1.1999233843298927
764219,25,674,72302437.0,72122787,73019943,196648.03539920138,87369581.5,87043768,88091241,217005.28576053167,1.2083905484402966
760044,25,636,71891669.5,71752515,72425103,184010.32019785375,85908912.0,85673985,89958334,843790.1419341475,1.1949772845378142
796045,25,4215,77563146.5,77422718,78091770,214010.48456534397,90651824.5,90354098,91238700,208256.61138094086,1.168748672412355
812769,24,4330,72623626.5,72426552,76117010,659285.5251527436,84869104.0,84443504,85754142,262511.3500682632,1.1686156157459309
797906,25,1034,75618505.0,75484240,76259584,215073.46538344878,90154007.5,89811421,90883786,253710.09863670298,1.1922215005440797
771139,24,829,66926410.5,66786284,67594414,214146.77502723582,80300371.0,80147980,80725808,163881.47402370474,1.1998308350931206
803268,22,2624,81694475.5,81499806,82260780,194930.52094169348,94682994.5,93965793,97752661,681063.0474841754,1.1589889514622076
777715,25,2497,73992591.5,73859433,74975413,276854.3241921924,88029269.0,87725100,89729864,555983.3511589284,1.1897038232537105
791718,24,3346,68759058.5,68587558,71774987,573064.1414174323,81665408.5,81485358,82911725,421589.4752529922,1.187703995394294
853931,25,3772,82178461.0,81989220,83339220,260362.13376133764,96728374.5,96256765,98819112,469125.78263465996,1.1770526403506145
850932,24,1378,73680410.5,73522833,74653367,255779.4061483102,87587656.0,87281609,88341256,245712.02888290907,1.1887509231507336
792742,23,549,99008740.5,98849750,99944095,251485.49203938188,112750131.0,112341601,115946783,613269.3688549229,1.138789670796792
764761,25,3686,73271502.5,73045998,73848900,235463.38819164646,87176878.5,86074742,87807389,485287.6185910738,1.1897787751793407
786584,23,2557,99076531.0,98908475,101855427,554858.1470349176,111139573.0,110891642,112283606,440963.3158365255,1.1217547877206158
761092,23,598,95319657.5,95133492,98208519,537882.152873191,108080714.0,107058489,108857819,508661.9516933509,1.133876440963922
792433,24,5346,74529972.0,74334014,75099470,185945.10233681576,82463011.0,81904244,83501067,318267.9643416151,1.1064409228544994
823848,25,381,79035926.0,78891642,82301248,604166.5536355904,94023728.5,93694600,94646183,230728.84115482593,1.1896327816795618
818919,25,3228,77894516.0,77760514,78611154,265631.7915318977,93330440.0,93133985,96130646,563077.7127194483,1.1981644510121867
817250,24,2020,70630682.5,70466691,71040141,154068.96509392222,84895604.0,84590773,85337719,180565.09200261335,1.2019649392457732
752102,24,1019,65147071.0,65019078,68543066,632799.2692113081,77592474.0,77175052,78876681,526851.3648473922,1.191035495671018
833896,25,1316,78861232.0,78670422,79415656,212097.99130659708,94900879.5,93827814,95376169,457307.21654543007,1.2033907801491106
806562,24,1622,69535627.5,69428887,70448746,251681.00960352572,82903511.0,82644442,83703245,192221.86678903684,1.1922450976659411
807689,24,349,71147985.0,71045041,72108075,231747.48502110125,83956077.5,83732302,86848248,558681.4578712601,1.1800204531442458
772625,23,5051,100928282.0,100794082,101710394,228278.98085222143,109956334.5,108860135,110768921,458161.97055515565,1.089450175125343
817960,24,2322,71019471.0,70817125,74139471,582043.127518267,84741153.0,84482153,85841549,382106.88739602256,1.1932101409203681
871149,24,874,75670493.0,75535190,76142068,188554.41591742157,90672165.0,90433255,93006909,466126.80987678893,1.1982499572191236
870067,25,3115,82925625.0,82812984,84273799,332849.9790412024,99387111.5,99154321,100113233,210234.29807969544,1.1985090434953007
817818,24,3293,71065485.5,70901179,73867796,540747.0352218555,84132509.0,83882220,84750156,188534.9232312765,1.1838729927483573
834139,25,3104,79489583.5,79212161,80319570,255381.81700944479,95212275.5,94844624,95976438,246414.77603659555,1.1977956268949377
751815,24,3195,65128986.0,64960161,68336222,613686.1254549783,78275115.0,77716035,78852642,281617.6625088802,1.2018475920997758
769752,25,1541,73113869.5,72970217,73945816,216268.21055712792,87936111.0,86615073,88489947,568176.9575582799,1.2027281773125138
769892,25,1476,72775236.0,72636583,73373024,204878.17209349884,87055567.5,86704983,88344678,516073.2378947574,1.1962251486206104
850672,25,664,80556299.0,80411821,81646781,293826.42731371,96090387.0,95764213,96900673,239994.39928119854,1.1928351748135797
779841,24,2410,67520950.0,67326058,68060744,199973.35682950923,81103491.0,80455298,81622723,304204.0072487248,1.2011603954032044
842021,23,408,104865699.0,104738875,107753560,553516.1328282873,118942064.5,118106205,119654952,394761.17706379836,1.1342323146103284
789773,25,2938,75099047.0,74921388,75592484,170700.4289361141,90430743.0,90102372,93429869,588065.1175042663,1.2041530034329198
830435,24,2176,72355485.0,72170388,72922237,204796.30090189347,85426626.0,85059646,86022100,227236.77616757422,1.1806516948922394
787072,25,3111,74893996.5,74660163,77894195,566203.7895004874,88827627.0,88607086,89705265,233047.4162220141,1.1860446918465621
830501,25,1962,78807124.5,78596684,79572764,264981.3644336019,93951118.5,93534312,97616840,762486.9925112049,1.1921652908424543
810153,25,3684,77667603.5,77392507,78245834,214731.58831792514,91595940.0,91323445,93273059,630964.4759812993,1.1793326415691454
873477,25,1786,82810215.0,82677524,85921830,603997.6084402396,99628462.0,98878024,100355954,431822.3135098458,1.2030938695183921
750748,25,1705,71016852.5,70840037,71455277,184200.5575644354,85792271.5,84675732,86414130,542213.0104438466,1.2080551091728544
881824,25,2594,84110452.0,83899014,84643956,232062.39035794995,100873231.0,99363743,101654556,695308.2862067253,1.1992948391241554
857223,25,2011,81563477.0,81330510,82069567,202637.13394159084,96950162.0,96610206,97767243,278800.1191450586,1.1886467517808246
780915,24,501,68544478.5,68434547,69298681,216764.45703503455,80721141.5,80099967,81638814,332239.26702990057,1.177646154241293
752775,25,2954,71400279.5,71226160,72339703,262652.81947523216,85805102.0,85604882,86393022,194651.79679134456,1.2017474245321407
782986,25,1857,74037491.5,73896558,75058223,278265.5368953287,88651557.0,88205719,91690386,687250.7100117072,1.1973873669126134
753812,25,1390,71172408.0,71006473,72318032,253758.21047353104,85217939.5,84880122,86702630,534064.6299099264,1.1973451776424369
774945,24,1621,66730281.0,66625554,67296652,203285.26094679258,80493969.5,80046837,83098619,569176.5667161923,1.2062585125334628
778645,24,1553,67315513.0,67155346,67830708,188650.2836768047,81294173.5,81008425,81795608,183157.34555161095,1.2076588274681945
774365,24,1662,66728314.5,66542488,69698331,561442.8978201671,80825930.0,79667999,81865704,596362.0234829363,1.2112688684801112
763562,23,1390,95460872.0,95324787,96274419,239277.64188650297,108443161.5,108174533,111460819,567620.1982920935,1.1359959240682402
770847,24,1798,66532341.5,66455242,67334728,216637.13577321716,79761437.0,79460940,81034182,439715.8590376049,1.1988370648280882
785119,25,278,75339062.5,75163839,76057548,253790.72666899968,88690193.5,88323711,92391464,692720.3601681674,1.1772139253790157
759322,24,132,66798434.0,66654822,67623255,253376.98736921413,78935392.5,78458334,79505405,270187.1888260783,1.1816952550115172
774032,24,3068,66957614.5,66780863,67468884,198583.8169417779,80772196.0,79541167,81334395,545314.8637408841,1.2063183045447354
778229,24,1374,67193330.0,67054443,67877670,191323.9145077182,79986970.5,79721707,80577971,223479.89635809898,1.1904004534378636
754802,23,1699,94411554.0,94252659,97365638,599502.351140315,107471704.5,106376104,108213540,407359.02364410274,1.1383321208757988
779804,24,3434,67648881.0,67458549,68711395,282865.4915778503,81104668.0,80635543,84179955,613677.0661881133,1.1989062760698141
841604,24,1987,72820690.0,72606576,73541868,247666.26826971993,87800076.5,86359425,88340280,612669.2537952531,1.2057023422876108
842055,23,1758,105435556.0,105247723,109085760,669130.8423139179,119716469.0,118083866,120572479,685384.5404313956,1.1354468411016867
860179,24,460,75879407.5,75695766,76842786,280902.80730835034,89530575.0,88386187,91175992,682701.0795426909,1.1799060898044045
816989,24,1228,70534853.5,70406630,71010881,170702.32652894792,84260291.0,83845006,85149840,427986.48997944884,1.194590855710787
799612,23,1739,100083851.5,99855228,102942625,550568.7147106274,112501853.5,112017707,113501673,397794.70269522053,1.1240759804292704
761859,24,3853,66809062.0,66651742,67602065,273001.07325484796,78387383.5,78178417,78947658,182456.0316566676,1.1733046558863527
757432,24,1724,65362530.5,65222206,68388929,552407.1412228695,78024581.5,77737480,78541595,181237.5873139424,1.1937203303351298
842151,24,2356,72968491.0,72815105,74045860,288093.5648190339,87572827.5,87377513,90869290,622582.3692852715,1.2001457930656672
769613,25,547,72945718.5,72814947,73964409,238388.78910232382,87495010.0,87135001,88449223,293348.8521502153,1.1994536732131853
838288,24,1422,72420525.5,72242251,73414300,223415.41098824303,86132271.5,85879093,89356697,602866.2967161395,1.1893350801493425
871841,24,2836,75971572.0,75765870,76551308,198120.52318418032,90679373.5,90508550,91635103,228692.77600470654,1.1935961190851756
751663,25,302,71830000.5,71610716,74650236,535949.4746393223,84946233.0,84585815,85753992,268448.39449206163,1.1826010359000345
781142,24,4251,69520360.5,69327313,70284593,295388.6399423347,80615406.0,80147854,83526865,662605.8678037134,1.1595941882378473
863169,24,1981,74750746.0,74479114,75217878,206003.0529909259,89209529.0,88457198,89806535,359759.20373100333,1.19342660473248
786179,24,1270,67894677.5,67750874,68694757,258342.59597500888,81639333.0,81313424,84527338,581712.68094684,1.2024408393426715
769650,24,2589,66765000.0,66581809,67257834,182910.15471800783,79568768.5,79034803,80253245,305675.6743043933,1.1917736613495096
778791,23,1376,97344663.0,97152065,100237976,551553.9454543398,109689205.5,109103245,111083427,625234.9288454212,1.1268127303496853
754585,24,4637,68244991.0,68077835,68780569,206860.16608473842,78420560.0,77744005,81470064,649193.4425655884,1.1491035290780536
835520,24,2937,72517643.5,72279471,73062398,208793.9099310769,86334072.5,85748894,86702114,269973.07142808195,1.1905250685648658
778136,23,3399,98067594.5,97860469,98630761,228906.7453273494,110655376.0,110403191,111829073,298674.7311557508,1.1283582162301329
831717,25,1066,78864819.0,78676587,79726157,283441.1368534607,95245046.0,94697550,98156290,649273.1763410392,1.2077000519078094
815001,25,1436,77184856.0,77035174,77720535,189530.09221756845,92963798.0,92725259,93562468,212413.8916222655,1.2044305426960957
767126,25,2924,72889836.5,72622938,73594789,251098.532408891,87737869.0,86482007,91223415,894576.5768754784,1.2037051146355637
826951,23,2555,104172650.5,103963363,105104317,251152.79039975288,117174221.0,116888293,120271032,602609.4805324303,1.1248079072347306
841765,24,584,73678093.0,73469694,74412087,246338.89289141,87622170.0,86468531,88249278,531639.2157941951,1.1892567577719473
798476,25,361,76001343.0,75868808,77068980,275179.9503606564,91116723.5,89912705,94063846,821786.1055957058,1.1988830710530998
849610,25,2840,80937899.5,80789788,81475384,203654.35910528243,96741304.5,95535581,97539676,577648.0741333015,1.1952534609574343
845198,25,1368,80042718.5,79827057,83264370,600804.8481323189,96232115.0,96039392,96918688,210393.8735049864,1.2022594534941988
812175,25,1614,76818968.0,76731138,77263671,151776.80124343408,91879048.5,91482997,95327225,761230.6108229994,1.1960463788058178
850154,23,3469,107562729.0,107329585,108298281,271002.7699623608,120017617.5,119617616,122208076,473507.6837155151,1.1157918603943193
826582,25,971,78280332.0,78164570,78952054,219974.0127071201,93355975.0,93091037,94891909,544267.0862599191,1.1925853227091576
858897,25,2827,81950398.0,81731760,82682215,230333.07259986203,97869786.0,97584802,101051361,614166.7209418374,1.1942563842093847
790756,24,2344,68476225.5,68315614,69248731,246899.485977794,82581008.5,81313014,83172580,588192.6632529175,1.2059807312247373
841333,25,4004,81509064.0,81352153,82479892,305017.8113323876,95116928.5,94808639,96450382,481569.7216655606,1.1669490953791348
794606,24,2408,68859671.0,68623488,69644366,213597.06863967545,81736011.5,81472922,82163404,165025.48678737474,1.18699393001747
782957,24,2819,67835008.5,67647029,68540909,222082.22657741734,80910591.5,80346756,82107984,366162.37191517005,1.1927556771810532
836014,25,418,79187326.5,79029980,80216196,284909.23116264393,95247820.5,94977167,98076996,563413.8050972058,1.2028164696278767
750381,25,1986,71104152.5,70989675,71654801,185674.1917265743,84710288.5,84513391,85664890,255132.79960674074,1.191355012634459
790229,24,685,68981182.0,68842458,71914400,546077.9244675861,82191904.0,81164666,82819157,488076.82107735757,1.1915119691628364
868467,23,2010,108930254.0,108724162,109814434,236038.41872562468,123375437.5,123129223,126596454,624276.8217636789,1.1326094722959152
819867,23,1052,102781639.5,102645962,103814422,299495.07898210763,116480740.5,115505269,120269371,798562.7640045619,1.133283542339291
790917,25,1729,74785386.0,74618772,75249114,195008.258432215,90164663.5,89360900,90963913,330128.2554805514,1.2056454920216633
827186,24,3802,72525946.5,72271420,73105156,253974.26875992556,85426053.5,84755050,87976575,799615.1986241605,1.1778688541486322
786303,25,2401,75036874.0,74840986,75674603,262275.50014487735,89809333.5,89404688,90305445,211511.64302309434,1.1968693352017836
768043,23,3960,97065528.0,96873205,100099108,578279.2788905806,109134861.5,108945465,110044524,290261.84466982377,1.124342119686404
790216,23,3645,99705480.5,99514468,100746091,280793.81503574626,111888306.0,111334950,114364256,520837.61729149014,1.1221881228484727
798011,25,2951,75793550.0,75648942,76860609,258917.99700038237,90836616.5,90545760,91422902,161687.49138620944,1.1984742303269869
765400,24,1292,66005130.5,65836962,68986992,568068.8475406793,78796881.0,78524641,80073811,509375.43126865564,1.1937993365530881
788898,25,959,74646599.0,74475591,75560604,274252.76525564067,89873996.0,89540528,92551591,548577.0625318734,1.2039931785773657
768000,23,3103,96957232.0,96762221,97416910,189794.93321437453,109023402.0,108891767,109898530,253812.5432904743,1.1244483753414083
858751,23,1522,107684822.0,107546062,110607168,585239.7582392336,120954369.5,120255337,121507103,271519.04822097963,1.1232257922105309
798436,24,982,69206406.0,69082815,69921652,242001.33764420028,83452080.0,82988887,85896324,518957.24067334615,1.2058432856634689
802295,24,979,69480272.0,69350995,70381566,235968.5134582908,82711076.0,82391774,84320962,649648.5242760119,1.1904253339710587
800283,25,1617,75758551.0,75653961,78692716,549740.1435067542,91379537.5,91171719,92385707,257896.08892038712,1.2061943674186693
850721,24,2020,73505027.5,73378026,74279876,275507.54524635477,88212103.0,87926342,89489799,464550.73608707753,1.2000825793854712
811830,25,1010,76920351.0,76790282,80384551,642280.3249337334,91923406.5,91345074,93136506,500079.0273500568,1.1950466333675467
862319,25,1101,81722022.5,81487220,82386969,208752.9372496482,98672205.0,98027440,100876004,571898.4612083357,1.207412665294719
885995,25,1297,83953518.5,83777735,84503999,201579.02888919826,100904979.0,99601730,101836059,618461.5562899462,1.2019148310025862
863427,25,1253,81875375.5,81663491,84786966,558836.6763259599,97399349.5,97062172,98170368,283688.7758207261,1.1896049197356047
793087,24,4428,70944745.0,70851761,71939335,283490.84529904235,81545497.5,81247609,86004661,1019148.6256218205,1.1494226598460535
816933,25,2570,77753021.5,77643440,78777434,297073.99223395885,93261657.5,92285927,94244036,457818.72114381206,1.199460235767172
805567,25,1667,76152245.5,76023885,79152966,564441.7634798524,91134563.0,90726962,92991630,751605.166509078,1.196741637776131
822998,25,1347,77825457.0,77724167,78521299,227097.3565331471,94124370.5,93463069,97159749,630034.2955095874,1.2094290753731134
854891,25,1241,80961005.0,80822834,81615138,205047.30152982316,96368879.0,96136807,97486469,313784.4691391086,1.1903122867607683
799312,22,1445,80697002.5,80549311,83686510,590165.6031658506,93672342.0,93388246,94454208,194953.95357525384,1.1607908484580949
753917,24,2445,65208847.5,65028460,66272663,243962.0321122303,78382391.5,77687415,79491709,355645.90738392214,1.2020208070691634
799341,22,616,80676857.5,80511329,81494057,274070.6876310805,93925296.5,93738579,94747115,219142.68417113292,1.1642161012530763
777579,25,1361,73440229.5,73249160,73853228,166095.04018033372,87802840.5,87576619,91167590,643584.2820855961,1.1955687107432038
783372,24,1732,67679000.0,67556601,68396951,188844.1767537017,80664042.5,80295761,81439542,225177.1865825863,1.191862209843526
860934,25,467,81822850.5,81729917,82305372,172856.322704561,98174291.5,97844058,98714010,183340.3996161875,1.1998395423782016
802642,24,3639,70001561.5,69822767,71088382,298313.8330818662,82721864.0,82336019,84062382,509529.9502213355,1.1817145536103506
835960,25,2449,79635514.0,79481795,82497472,553164.9584247892,95388285.0,95153271,96181829,204510.44297368615,1.1978108786991692
762241,25,1423,72047328.0,71895372,72520516,179623.66885755587,86907223.0,86705386,89189927,482523.41104687576,1.2062518543366383
769077,24,3186,66839152.0,66653189,67376864,205933.19453852018,80324419.5,79966739,81370685,253722.9098055506,1.2017570106215592
757027,23,2419,95042379.5,94885195,98564087,651376.0579641943,106932929.0,106340553,108253406,529333.6457640934,1.1251078683273077
807831,23,1295,101017676.0,100886094,101595323,200400.67718876767,114005850.0,113180922,116905398,629330.7332227855,1.1285732805811133
